﻿row_id,comment,comment_clean,video_title,channel_title,published_at,sentiment,label_notes
24,"KITA TUNTUT AJA BGN....
Rp. 100 T Rupiah....
RAKYAT HARUS KOMPAK",kita tuntut aja bgn.. rp. 100 t rupiah.. rakyat harus kompak,"Lagi, Keracunan Makanan Bergizi Gratis Hebohkan Indonesia! Kali Ini Bandung Barat Jadi Sorotan",Suaradotcom,2026-09-11T09:26:23Z,negative,AI-assisted semantic labeling
31,Kasihan banget sampai keracunan semua😢,kasihan banget sampai keracunan semua😢,"Lagi, Keracunan Makanan Bergizi Gratis Hebohkan Indonesia! Kali Ini Bandung Barat Jadi Sorotan",Suaradotcom,2026-09-09T23:34:34Z,negative,AI-assisted semantic labeling
32,Emang biadap,emang biadap,"Lagi, Keracunan Makanan Bergizi Gratis Hebohkan Indonesia! Kali Ini Bandung Barat Jadi Sorotan",Suaradotcom,2026-09-09T13:12:10Z,negative,AI-assisted semantic labeling
34,MBG membunuh genrus bangsa,mbg membunuh genrus bangsa,"Lagi, Keracunan Makanan Bergizi Gratis Hebohkan Indonesia! Kali Ini Bandung Barat Jadi Sorotan",Suaradotcom,2026-09-09T08:46:55Z,negative,AI-assisted semantic labeling
40,Mantap MBG maju terus pecahkan rekor dunia 🌏 biar capai 10 juta. Orang 😊😊😊😊😊😊😅😅😅😅,mantap mbg maju terus pecahkan rekor dunia 🌏 biar capai 10 juta. orang 😊😊😅😅,"Lagi, Keracunan Makanan Bergizi Gratis Hebohkan Indonesia! Kali Ini Bandung Barat Jadi Sorotan",Suaradotcom,2026-09-08T02:10:54Z,positive,AI-assisted semantic labeling
50,Saya mau menyampaikan tentang keracunan MBG kenapa MBG makanan bergizi gratis tapi kalo beracun MBG lebih baik dibilang makanan beracun gratis lebih baik di tutup aja MBG karena sudah banyak yang keracunan MBG karena itu saya setuju di tutup MBG ini banyak anak kita yang keracunan apa kita tidak kasihan harusnya kita sayang kepada anak-anak saya setuju yang bilang tutup MBG saya setuju dan Meding bawa bekal dari Rumah masing masing kenapa saya bilang kayak gitu karena banyak keracunan dan saya hanya bilang tutup MBG TERIMA KASIH 😡🤬🤬😡🤬😡😡🤬😡,saya mau menyampaikan tentang keracunan mbg kenapa mbg makanan bergizi gratis tapi kalo beracun mbg lebih baik dibilang makanan beracun gratis lebih baik di tutup aja mbg karena sudah banyak yang keracunan mbg karena itu saya setuju di tutup mbg ini banyak anak kita yang keracunan apa kita tidak kasihan harusnya kita sayang kepada anak-anak saya setuju yang bilang tutup mbg saya setuju dan meding bawa bekal dari rumah masing masing kenapa saya bilang kayak gitu karena banyak keracunan dan saya hanya bilang tutup mbg terima kasih 😡🤬🤬😡🤬😡😡🤬😡,"Lagi, Keracunan Makanan Bergizi Gratis Hebohkan Indonesia! Kali Ini Bandung Barat Jadi Sorotan",Suaradotcom,2026-09-05T08:08:00Z,negative,AI-assisted semantic labeling
55,"Gimana Pak Presiden, program ini apa menyehatkan anak bangsa atau membunuh anak bangsa tolong periksa pejabat negara yg bermain² dengan program MBG dan hukum seberat²nya para pejabat yg hanya utk membunuh anak bangsa demi korupsi pribadi.","gimana pak presiden, program ini apa menyehatkan anak bangsa atau membunuh anak bangsa tolong periksa pejabat negara yg bermain2 dengan program mbg dan hukum seberat2nya para pejabat yg hanya utk membunuh anak bangsa demi korupsi pribadi.","Lagi, Keracunan Makanan Bergizi Gratis Hebohkan Indonesia! Kali Ini Bandung Barat Jadi Sorotan",Suaradotcom,2026-09-03T12:20:20Z,negative,AI-assisted semantic labeling
64,Kalau Begini gimana apakah ada tidakkan secara hukum dan siapa saja yang harus dihukum penjara jangan asal MBGnya ditutup saja harus ditindak secara hukum,kalau begini gimana apakah ada tidakkan secara hukum dan siapa saja yang harus dihukum penjara jangan asal mbgnya ditutup saja harus ditindak secara hukum,"Lagi, Keracunan Makanan Bergizi Gratis Hebohkan Indonesia! Kali Ini Bandung Barat Jadi Sorotan",Suaradotcom,2026-08-20T14:33:08Z,negative,AI-assisted semantic labeling
66,Prabowo celen,prabowo celen,"Lagi, Keracunan Makanan Bergizi Gratis Hebohkan Indonesia! Kali Ini Bandung Barat Jadi Sorotan",Suaradotcom,2026-08-19T13:01:16Z,neutral,AI-assisted semantic labeling
67,Prabowo payah,prabowo payah,"Lagi, Keracunan Makanan Bergizi Gratis Hebohkan Indonesia! Kali Ini Bandung Barat Jadi Sorotan",Suaradotcom,2026-08-19T12:58:35Z,negative,AI-assisted semantic labeling
68,"Mbg itu program gagal , krn sarang korupsi.","mbg itu program gagal , krn sarang korupsi.","Lagi, Keracunan Makanan Bergizi Gratis Hebohkan Indonesia! Kali Ini Bandung Barat Jadi Sorotan",Suaradotcom,2026-08-18T21:24:32Z,negative,AI-assisted semantic labeling
73,Bingung bgt ini yg slh pemerintah atau yg buat mbgnya😭,bingung bgt ini yg slh pemerintah atau yg buat mbgnya😭,"Lagi, Keracunan Makanan Bergizi Gratis Hebohkan Indonesia! Kali Ini Bandung Barat Jadi Sorotan",Suaradotcom,2026-08-12T13:41:55Z,negative,AI-assisted semantic labeling
78,"Tergantung keberanian kepala sekolahnya untuk tidak menerima MBG, maka dengan sendirinya MBG berhenti karena tidak ada sekolah yang mau terima...😡","tergantung keberanian kepala sekolahnya untuk tidak menerima mbg, maka dengan sendirinya mbg berhenti karena tidak ada sekolah yang mau terima..😡","Lagi, Keracunan Makanan Bergizi Gratis Hebohkan Indonesia! Kali Ini Bandung Barat Jadi Sorotan",Suaradotcom,2026-08-10T10:48:32Z,negative,AI-assisted semantic labeling
79,Omg. Korupsi. Mereka. Kasih mkanan sehat gratis×   kasih penyakit geratisv,omg. korupsi. mereka. kasih mkanan sehat gratis× kasih penyakit geratisv,"Lagi, Keracunan Makanan Bergizi Gratis Hebohkan Indonesia! Kali Ini Bandung Barat Jadi Sorotan",Suaradotcom,2026-08-09T13:52:27Z,negative,AI-assisted semantic labeling
87,MENDINGAN GA SUAH ADA MBG,mendingan ga suah ada mbg,"Lagi, Keracunan Makanan Bergizi Gratis Hebohkan Indonesia! Kali Ini Bandung Barat Jadi Sorotan",Suaradotcom,2026-08-08T01:51:45Z,negative,AI-assisted semantic labeling
97,Prabowo tutup mata,prabowo tutup mata,"Lagi, Keracunan Makanan Bergizi Gratis Hebohkan Indonesia! Kali Ini Bandung Barat Jadi Sorotan",Suaradotcom,2026-08-03T18:25:07Z,negative,AI-assisted semantic labeling
110,Di seluruh indonesia sekolahan harus menolak makanan yg di pasok iyalah MBG seharus nya jgan di trima lg pada guru tanpa MBG kita masih bisa orang tua memberi makan anak nya dan jajan untuk sekolah tanpa ada makanan seperti MBG yg akhir nya menyebabkan keracunan masah,di seluruh indonesia sekolahan harus menolak makanan yg di pasok iyalah mbg seharus nya jgan di trima lg pada guru tanpa mbg kita masih bisa orang tua memberi makan anak nya dan jajan untuk sekolah tanpa ada makanan seperti mbg yg akhir nya menyebabkan keracunan masah,"Lagi, Keracunan Makanan Bergizi Gratis Hebohkan Indonesia! Kali Ini Bandung Barat Jadi Sorotan",Suaradotcom,2026-07-29T14:35:40Z,negative,AI-assisted semantic labeling
121,"Mau berontak kaya apapun  rakyat kaya nya MBG susah untuk d bubarkan atau d berhentikan masalahnya yg punya dapur para pejabat para wakil rakyat yg punya gagasan nya presiden🤔    semoga anak"" pada kuat pada sehat lg,dan semoga kita di jauhkan dari segala marabahaya🤲","mau berontak kaya apapun rakyat kaya nya mbg susah untuk d bubarkan atau d berhentikan masalahnya yg punya dapur para pejabat para wakil rakyat yg punya gagasan nya presiden🤔 semoga anak"" pada kuat pada sehat lg,dan semoga kita di jauhkan dari segala marabahaya🤲","Lagi, Keracunan Makanan Bergizi Gratis Hebohkan Indonesia! Kali Ini Bandung Barat Jadi Sorotan",Suaradotcom,2026-07-27T05:57:47Z,negative,AI-assisted semantic labeling
138,Yg nama nya makanan itu di massk lngsung di makan  bukan harus di tunggu   jadi basi yg ada,yg nama nya makanan itu di massk lngsung di makan bukan harus di tunggu jadi basi yg ada,"Lagi, Keracunan Makanan Bergizi Gratis Hebohkan Indonesia! Kali Ini Bandung Barat Jadi Sorotan",Suaradotcom,2026-07-18T09:50:40Z,negative,AI-assisted semantic labeling
140,Ibu m-banking nya ada belatungnya tuh aku kelihatan yang kecil,ibu m-banking nya ada belatungnya tuh aku kelihatan yang kecil,"Lagi, Keracunan Makanan Bergizi Gratis Hebohkan Indonesia! Kali Ini Bandung Barat Jadi Sorotan",Suaradotcom,2026-07-17T23:37:42Z,negative,AI-assisted semantic labeling
156,"Katanya MBG bergizi...boro2 sehat anak2 malah masuk rumah sakit, ga malu blg MBG bergizi hahaaa huhuiiiii , udahlah setop aja udah Mbg ko di perdebatkan buang2 enerji","katanya mbg bergizi..boro2 sehat anak2 malah masuk rumah sakit, ga malu blg mbg bergizi hahaa huhuii , udahlah setop aja udah mbg ko di perdebatkan buang2 enerji","Lagi, Keracunan Makanan Bergizi Gratis Hebohkan Indonesia! Kali Ini Bandung Barat Jadi Sorotan",Suaradotcom,2026-07-12T06:00:23Z,negative,AI-assisted semantic labeling
169,Stop mbg,stop mbg,"Lagi, Keracunan Makanan Bergizi Gratis Hebohkan Indonesia! Kali Ini Bandung Barat Jadi Sorotan",Suaradotcom,2026-07-08T13:11:48Z,negative,AI-assisted semantic labeling
175,Semoga kakak ya sehat selalu amin🙏,semoga kakak ya sehat selalu amin🙏,"Lagi, Keracunan Makanan Bergizi Gratis Hebohkan Indonesia! Kali Ini Bandung Barat Jadi Sorotan",Suaradotcom,2026-07-07T15:00:11Z,neutral,AI-assisted semantic labeling
193,Stasiun beracun jangan coba-coba TK ya sama di SD SMP SMU 😢😭😭😭,stasiun beracun jangan coba-coba tk ya sama di sd smp smu 😢😭😭,"Lagi, Keracunan Makanan Bergizi Gratis Hebohkan Indonesia! Kali Ini Bandung Barat Jadi Sorotan",Suaradotcom,2026-07-05T01:57:14Z,negative,AI-assisted semantic labeling
199,Astagfurulah mg beracun banyak korban suah,astagfurulah mg beracun banyak korban suah,"Lagi, Keracunan Makanan Bergizi Gratis Hebohkan Indonesia! Kali Ini Bandung Barat Jadi Sorotan",Suaradotcom,2026-07-04T10:05:45Z,negative,AI-assisted semantic labeling
209,Semoga anak yang keracunan mbg bisa tertolong ya Allah 🤲😊,semoga anak yang keracunan mbg bisa tertolong ya allah 🤲😊,"Lagi, Keracunan Makanan Bergizi Gratis Hebohkan Indonesia! Kali Ini Bandung Barat Jadi Sorotan",Suaradotcom,2026-07-03T13:40:26Z,negative,AI-assisted semantic labeling
210,Eanm😭,eanm😭,"Lagi, Keracunan Makanan Bergizi Gratis Hebohkan Indonesia! Kali Ini Bandung Barat Jadi Sorotan",Suaradotcom,2026-07-03T13:28:26Z,neutral,AI-assisted semantic labeling
211,MBG utk memenuhi gizi anak Indonesia tapi malah byk yg keracunan,mbg utk memenuhi gizi anak indonesia tapi malah byk yg keracunan,"Lagi, Keracunan Makanan Bergizi Gratis Hebohkan Indonesia! Kali Ini Bandung Barat Jadi Sorotan",Suaradotcom,2026-07-03T12:05:31Z,negative,AI-assisted semantic labeling
212,Wah ternyata mbg bukan manfaat ya malah bikin anak-anak jadi kayak gitu semoga kita nggak bakal dapat makanan yang tidak sehat semoga kita selalu dilindungi Allah semoga kakaknya cepat sembuh,wah ternyata mbg bukan manfaat ya malah bikin anak-anak jadi kayak gitu semoga kita nggak bakal dapat makanan yang tidak sehat semoga kita selalu dilindungi allah semoga kakaknya cepat sembuh,"Lagi, Keracunan Makanan Bergizi Gratis Hebohkan Indonesia! Kali Ini Bandung Barat Jadi Sorotan",Suaradotcom,2026-07-03T11:42:23Z,negative,AI-assisted semantic labeling
213,Astagfirullah,astagfirullah,"Lagi, Keracunan Makanan Bergizi Gratis Hebohkan Indonesia! Kali Ini Bandung Barat Jadi Sorotan",Suaradotcom,2026-07-03T09:58:47Z,neutral,AI-assisted semantic labeling
228,Ganteng aja,ganteng aja,"Lagi, Keracunan Makanan Bergizi Gratis Hebohkan Indonesia! Kali Ini Bandung Barat Jadi Sorotan",Suaradotcom,2026-07-02T05:03:10Z,neutral,AI-assisted semantic labeling
232,Kenapa tu semoga cepet sembuh,kenapa tu semoga cepet sembuh,"Lagi, Keracunan Makanan Bergizi Gratis Hebohkan Indonesia! Kali Ini Bandung Barat Jadi Sorotan",Suaradotcom,2026-07-01T09:55:45Z,neutral,AI-assisted semantic labeling
248,knp embg   adrcu c❤,knp embg adrcu c❤,"Lagi, Keracunan Makanan Bergizi Gratis Hebohkan Indonesia! Kali Ini Bandung Barat Jadi Sorotan",Suaradotcom,2026-06-29T02:57:49Z,neutral,AI-assisted semantic labeling
260,😮saskia,😮saskia,"Lagi, Keracunan Makanan Bergizi Gratis Hebohkan Indonesia! Kali Ini Bandung Barat Jadi Sorotan",Suaradotcom,2026-06-26T03:41:17Z,neutral,AI-assisted semantic labeling
261,Kok sampai segitu sih kalau di rumah sakit jiwa itu tapi itu bikinnya ada racunnya obat racun 😭😔🥺,kok sampai segitu sih kalau di rumah sakit jiwa itu tapi itu bikinnya ada racunnya obat racun 😭😔🥺,"Lagi, Keracunan Makanan Bergizi Gratis Hebohkan Indonesia! Kali Ini Bandung Barat Jadi Sorotan",Suaradotcom,2026-06-26T02:02:17Z,negative,AI-assisted semantic labeling
276,😢😢😢akuperenakakaku🏥,😢😢akuperenakakaku🏥,"Lagi, Keracunan Makanan Bergizi Gratis Hebohkan Indonesia! Kali Ini Bandung Barat Jadi Sorotan",Suaradotcom,2026-06-21T11:41:02Z,neutral,AI-assisted semantic labeling
287,"Aku day 1 dapat MBG mau tau ga ada apaan di MBG nya??ADA ULAT BULU DI  SAYUR NYA , padahal aku lagi makan ayam tiba tiba di meja temen ku pada rame aku ikut kesonoh ternyata ada ular bulu😭","aku day 1 dapat mbg mau tau ga ada apaan di mbg nya??ada ulat bulu di sayur nya , padahal aku lagi makan ayam tiba tiba di meja temen ku pada rame aku ikut kesonoh ternyata ada ular bulu😭","Lagi, Keracunan Makanan Bergizi Gratis Hebohkan Indonesia! Kali Ini Bandung Barat Jadi Sorotan",Suaradotcom,2026-06-16T10:43:07Z,negative,AI-assisted semantic labeling
292,Kxkxkcckcopkckxkxkxxknxkxkxjccmcmmc😊😢😮❤,kxkxkcckcopkckxkxkxxknxkxkxjccmcmmc😊😢😮❤,"Lagi, Keracunan Makanan Bergizi Gratis Hebohkan Indonesia! Kali Ini Bandung Barat Jadi Sorotan",Suaradotcom,2026-06-16T01:17:48Z,neutral,AI-assisted semantic labeling
295,SMA juga ada yang keracunan MBG 😢,sma juga ada yang keracunan mbg 😢,"Lagi, Keracunan Makanan Bergizi Gratis Hebohkan Indonesia! Kali Ini Bandung Barat Jadi Sorotan",Suaradotcom,2026-06-15T10:47:30Z,negative,AI-assisted semantic labeling
312,ihi itu keracunan MBG,ihi itu keracunan mbg,"Lagi, Keracunan Makanan Bergizi Gratis Hebohkan Indonesia! Kali Ini Bandung Barat Jadi Sorotan",Suaradotcom,2026-06-10T14:05:47Z,negative,AI-assisted semantic labeling
327,MBG jelek,mbg jelek,"Lagi, Keracunan Makanan Bergizi Gratis Hebohkan Indonesia! Kali Ini Bandung Barat Jadi Sorotan",Suaradotcom,2026-06-06T08:56:38Z,negative,AI-assisted semantic labeling
329,MBG bukan lagi Maling Berkedok Gizi tapi Makanan Beracun Gratis,mbg bukan lagi maling berkedok gizi tapi makanan beracun gratis,"Lagi, Keracunan Makanan Bergizi Gratis Hebohkan Indonesia! Kali Ini Bandung Barat Jadi Sorotan",Suaradotcom,2026-06-05T08:44:41Z,negative,AI-assisted semantic labeling
345,Kasian kakak nya sesak napas😢,kasian kakak nya sesak napas😢,"Lagi, Keracunan Makanan Bergizi Gratis Hebohkan Indonesia! Kali Ini Bandung Barat Jadi Sorotan",Suaradotcom,2026-05-31T05:10:49Z,negative,AI-assisted semantic labeling
352,Mbg itu udah ada ulatnya udah nggak layak lagi apalagi mbg itu udah basi juga,mbg itu udah ada ulatnya udah nggak layak lagi apalagi mbg itu udah basi juga,"Lagi, Keracunan Makanan Bergizi Gratis Hebohkan Indonesia! Kali Ini Bandung Barat Jadi Sorotan",Suaradotcom,2026-05-30T05:37:50Z,negative,AI-assisted semantic labeling
353,Teman teman kalo kalian dapat mbg kalian harus mencium terlebih dahulu kalo bau nya enak atau tidak enak kalo tidak ingin mencium nya seakan akan seperti ini 😨😨😱,teman teman kalo kalian dapat mbg kalian harus mencium terlebih dahulu kalo bau nya enak atau tidak enak kalo tidak ingin mencium nya seakan akan seperti ini 😨😨😱,"Lagi, Keracunan Makanan Bergizi Gratis Hebohkan Indonesia! Kali Ini Bandung Barat Jadi Sorotan",Suaradotcom,2026-05-30T04:18:54Z,negative,AI-assisted semantic labeling
358,MBG ga bermanfaat banyak korupsi nya,mbg ga bermanfaat banyak korupsi nya,"Lagi, Keracunan Makanan Bergizi Gratis Hebohkan Indonesia! Kali Ini Bandung Barat Jadi Sorotan",Suaradotcom,2026-05-28T23:14:35Z,negative,AI-assisted semantic labeling
363,"Musuh prabowo terlalu banyak, nyata nya di sumatrabarat ga pernah ada yg keracunan","musuh prabowo terlalu banyak, nyata nya di sumatrabarat ga pernah ada yg keracunan","Lagi, Keracunan Makanan Bergizi Gratis Hebohkan Indonesia! Kali Ini Bandung Barat Jadi Sorotan",Suaradotcom,2026-05-27T15:11:16Z,negative,AI-assisted semantic labeling
383,Paprbo😮grgrpaper,paprbo😮grgrpaper,"Lagi, Keracunan Makanan Bergizi Gratis Hebohkan Indonesia! Kali Ini Bandung Barat Jadi Sorotan",Suaradotcom,2026-05-25T09:48:52Z,neutral,AI-assisted semantic labeling
397,"Di bilang MBG bobrok gk seberapa jatah ke anak"" cuma 7rb perak perorang resiko nya gede keracunan nyawa lohh..  Kalau mau uangnya ajja kasih ke orang tua yg kelola udah terjamin keamanan nya beda sm dapur MBG kan masak untuk semua orang otomatis tidak terjamin waktu pembuatannya misal kelola jam 1 pagi dini harii sedangkan di sajikan makannua jam 10 siang yaa beracun lahh tuh makanan namanya makanan di sajikan untuk langsung di makan beda sm siap saji kaya mie instan pop mie bosss mikirrr jadi pemerintah tehh ulah goblog doang sekolah tinggi"" tapi ttp aja goblog","di bilang mbg bobrok gk seberapa jatah ke anak"" cuma 7rb perak perorang resiko nya gede keracunan nyawa lohh.. kalau mau uangnya ajja kasih ke orang tua yg kelola udah terjamin keamanan nya beda sm dapur mbg kan masak untuk semua orang otomatis tidak terjamin waktu pembuatannya misal kelola jam 1 pagi dini harii sedangkan di sajikan makannua jam 10 siang yaa beracun lahh tuh makanan namanya makanan di sajikan untuk langsung di makan beda sm siap saji kaya mie instan pop mie boss mikirr jadi pemerintah tehh ulah goblog doang sekolah tinggi"" tapi ttp aja goblog","Lagi, Keracunan Makanan Bergizi Gratis Hebohkan Indonesia! Kali Ini Bandung Barat Jadi Sorotan",Suaradotcom,2026-05-23T15:07:34Z,negative,AI-assisted semantic labeling
399,Astagfirullahaladzim,astagfirullahaladzim,"Lagi, Keracunan Makanan Bergizi Gratis Hebohkan Indonesia! Kali Ini Bandung Barat Jadi Sorotan",Suaradotcom,2026-05-23T13:28:10Z,neutral,AI-assisted semantic labeling
405,😢😮dtyhu,😢😮dtyhu,"Lagi, Keracunan Makanan Bergizi Gratis Hebohkan Indonesia! Kali Ini Bandung Barat Jadi Sorotan",Suaradotcom,2026-05-23T06:10:28Z,neutral,AI-assisted semantic labeling
410,Kenapa ke racunan mdg,kenapa ke racunan mdg,"Lagi, Keracunan Makanan Bergizi Gratis Hebohkan Indonesia! Kali Ini Bandung Barat Jadi Sorotan",Suaradotcom,2026-05-22T09:38:25Z,negative,AI-assisted semantic labeling
412,gomlok banget yang bikin gila orang yang bikin kasiyan loh gak jelas,gomlok banget yang bikin gila orang yang bikin kasiyan loh gak jelas,"Lagi, Keracunan Makanan Bergizi Gratis Hebohkan Indonesia! Kali Ini Bandung Barat Jadi Sorotan",Suaradotcom,2026-05-22T07:15:42Z,negative,AI-assisted semantic labeling
424,Aku di sekolah juga makan MBG tapi aman aja kok,aku di sekolah juga makan mbg tapi aman aja kok,"Lagi, Keracunan Makanan Bergizi Gratis Hebohkan Indonesia! Kali Ini Bandung Barat Jadi Sorotan",Suaradotcom,2026-05-21T05:53:16Z,positive,AI-assisted semantic labeling
425,MBG ini bikin kasih mati orang eeee😢,mbg ini bikin kasih mati orang ee😢,"Lagi, Keracunan Makanan Bergizi Gratis Hebohkan Indonesia! Kali Ini Bandung Barat Jadi Sorotan",Suaradotcom,2026-05-21T04:40:47Z,negative,AI-assisted semantic labeling
434,kenapa tu,kenapa tu,"Lagi, Keracunan Makanan Bergizi Gratis Hebohkan Indonesia! Kali Ini Bandung Barat Jadi Sorotan",Suaradotcom,2026-05-20T08:08:02Z,neutral,AI-assisted semantic labeling
446,Itu keracunan MBG,itu keracunan mbg,"Lagi, Keracunan Makanan Bergizi Gratis Hebohkan Indonesia! Kali Ini Bandung Barat Jadi Sorotan",Suaradotcom,2026-05-19T12:09:49Z,negative,AI-assisted semantic labeling
452,Ambulans mbg itu tuh suka bohong kan suka makan racun kek ih aku mau ketemu semua mati macam mana Dengan begitu tuh nggak paham kan nggak paham Mama gitu mau cari makan kata-kata,ambulans mbg itu tuh suka bohong kan suka makan racun kek ih aku mau ketemu semua mati macam mana dengan begitu tuh nggak paham kan nggak paham mama gitu mau cari makan kata-kata,"Lagi, Keracunan Makanan Bergizi Gratis Hebohkan Indonesia! Kali Ini Bandung Barat Jadi Sorotan",Suaradotcom,2026-05-19T09:19:13Z,negative,AI-assisted semantic labeling
454,Amin.   Saye. Doga. Kan. ❤,amin. saye. doga. kan. ❤,"Lagi, Keracunan Makanan Bergizi Gratis Hebohkan Indonesia! Kali Ini Bandung Barat Jadi Sorotan",Suaradotcom,2026-05-19T08:12:51Z,neutral,AI-assisted semantic labeling
480,Kenapa itu😮😮😮😮😮😮😢😢😢😢😢,kenapa itu😮😮😢😢,"Lagi, Keracunan Makanan Bergizi Gratis Hebohkan Indonesia! Kali Ini Bandung Barat Jadi Sorotan",Suaradotcom,2026-05-17T03:05:42Z,neutral,AI-assisted semantic labeling
487,Iskak ka silahkan li,iskak ka silahkan li,"Lagi, Keracunan Makanan Bergizi Gratis Hebohkan Indonesia! Kali Ini Bandung Barat Jadi Sorotan",Suaradotcom,2026-05-16T13:00:05Z,neutral,AI-assisted semantic labeling
495,Itu kenapa,itu kenapa,"Lagi, Keracunan Makanan Bergizi Gratis Hebohkan Indonesia! Kali Ini Bandung Barat Jadi Sorotan",Suaradotcom,2026-05-16T04:07:22Z,neutral,AI-assisted semantic labeling
496,Jadi takut deh  pergi ke sekolah 🏫😱😱,jadi takut deh pergi ke sekolah 🏫😱😱,"Lagi, Keracunan Makanan Bergizi Gratis Hebohkan Indonesia! Kali Ini Bandung Barat Jadi Sorotan",Suaradotcom,2026-05-16T04:02:28Z,negative,AI-assisted semantic labeling
498,Ini karena apa Google tahu boleh kasih tahu please Aku mau lihat mukanya sama aku kasih tahu itu karena apa apa harus kamu aku enggak bisa baca😅😮😢,ini karena apa google tahu boleh kasih tahu please aku mau lihat mukanya sama aku kasih tahu itu karena apa apa harus kamu aku enggak bisa baca😅😮😢,"Lagi, Keracunan Makanan Bergizi Gratis Hebohkan Indonesia! Kali Ini Bandung Barat Jadi Sorotan",Suaradotcom,2026-05-16T02:52:15Z,neutral,AI-assisted semantic labeling
517,"Itu mbg nya pake apaan nya? 
Ko bisa kitu",itu mbg nya pake apaan nya? ko bisa kitu,"Lagi, Keracunan Makanan Bergizi Gratis Hebohkan Indonesia! Kali Ini Bandung Barat Jadi Sorotan",Suaradotcom,2026-05-13T23:22:18Z,neutral,AI-assisted semantic labeling
528,tolong Dapurnya  didemo.dicek tukang gizinya goblok.ditempat saya ga pernah ada kracunan.lan ar2 saja,tolong dapurnya didemo.dicek tukang gizinya goblok.ditempat saya ga pernah ada kracunan.lan ar2 saja,"Lagi, Keracunan Makanan Bergizi Gratis Hebohkan Indonesia! Kali Ini Bandung Barat Jadi Sorotan",Suaradotcom,2026-05-13T06:52:48Z,negative,AI-assisted semantic labeling
532,Teman-teman mbG di racun ini marepot tentara,teman-teman mbg di racun ini marepot tentara,"Lagi, Keracunan Makanan Bergizi Gratis Hebohkan Indonesia! Kali Ini Bandung Barat Jadi Sorotan",Suaradotcom,2026-05-13T02:52:05Z,negative,AI-assisted semantic labeling
533,ya Allah 😢😢😢,ya allah 😢😢,"Lagi, Keracunan Makanan Bergizi Gratis Hebohkan Indonesia! Kali Ini Bandung Barat Jadi Sorotan",Suaradotcom,2026-05-12T23:58:22Z,neutral,AI-assisted semantic labeling
540,MBG (MAKAN BERACUN GRATIS),mbg (makan beracun gratis),"Lagi, Keracunan Makanan Bergizi Gratis Hebohkan Indonesia! Kali Ini Bandung Barat Jadi Sorotan",Suaradotcom,2026-05-12T11:06:13Z,negative,AI-assisted semantic labeling
544,"Kls ku juga ada yg keracunan gara""mbg.udh 3 orng klo g slh yg kracunan. Menurut kalian,mbgnya si hentikan apa gmn?","kls ku juga ada yg keracunan gara""mbg.udh 3 orng klo g slh yg kracunan. menurut kalian,mbgnya si hentikan apa gmn?","Lagi, Keracunan Makanan Bergizi Gratis Hebohkan Indonesia! Kali Ini Bandung Barat Jadi Sorotan",Suaradotcom,2026-05-12T08:29:54Z,negative,AI-assisted semantic labeling
552,semoga anak-anak SMA cepet sembuh amin 😢😢😢😢😢😢😢😢😢😢😢😢😢😢😢😢😢😢😢,semoga anak-anak sma cepet sembuh amin 😢😢,"Lagi, Keracunan Makanan Bergizi Gratis Hebohkan Indonesia! Kali Ini Bandung Barat Jadi Sorotan",Suaradotcom,2026-05-12T00:07:08Z,neutral,AI-assisted semantic labeling
571,Stop mbg yang ibu  jadi ibu guru mohon jangan kasih mbgsaudaraku pernah terjadi,stop mbg yang ibu jadi ibu guru mohon jangan kasih mbgsaudaraku pernah terjadi,"Lagi, Keracunan Makanan Bergizi Gratis Hebohkan Indonesia! Kali Ini Bandung Barat Jadi Sorotan",Suaradotcom,2026-05-11T03:07:11Z,negative,AI-assisted semantic labeling
573,Hentikan aja mbg mau berapa korban lagi sih,hentikan aja mbg mau berapa korban lagi sih,"Lagi, Keracunan Makanan Bergizi Gratis Hebohkan Indonesia! Kali Ini Bandung Barat Jadi Sorotan",Suaradotcom,2026-05-11T01:28:59Z,negative,AI-assisted semantic labeling
582,ibu,ibu,"Lagi, Keracunan Makanan Bergizi Gratis Hebohkan Indonesia! Kali Ini Bandung Barat Jadi Sorotan",Suaradotcom,2026-05-10T09:00:49Z,neutral,AI-assisted semantic labeling
583,tenyata yang bikin mbg ternyata bodoh juga ya,tenyata yang bikin mbg ternyata bodoh juga ya,"Lagi, Keracunan Makanan Bergizi Gratis Hebohkan Indonesia! Kali Ini Bandung Barat Jadi Sorotan",Suaradotcom,2026-05-10T07:45:36Z,negative,AI-assisted semantic labeling
590,"Prabowo buka matamu, jgn egomu dikedein. KLO mau cari duit, jgn membunuh rakyat","prabowo buka matamu, jgn egomu dikedein. klo mau cari duit, jgn membunuh rakyat","Lagi, Keracunan Makanan Bergizi Gratis Hebohkan Indonesia! Kali Ini Bandung Barat Jadi Sorotan",Suaradotcom,2026-05-10T05:11:41Z,negative,AI-assisted semantic labeling
594,Hehejr😢😢😢😢❤,hehejr😢😢❤,"Lagi, Keracunan Makanan Bergizi Gratis Hebohkan Indonesia! Kali Ini Bandung Barat Jadi Sorotan",Suaradotcom,2026-05-10T02:04:37Z,neutral,AI-assisted semantic labeling
597,Anjir itu apa kenapa jir😢😢😢😢,anjir itu apa kenapa jir😢😢,"Lagi, Keracunan Makanan Bergizi Gratis Hebohkan Indonesia! Kali Ini Bandung Barat Jadi Sorotan",Suaradotcom,2026-05-10T00:33:13Z,neutral,AI-assisted semantic labeling
603,Kenapa tuh aku nggak baca nggak sempat,kenapa tuh aku nggak baca nggak sempat,"Lagi, Keracunan Makanan Bergizi Gratis Hebohkan Indonesia! Kali Ini Bandung Barat Jadi Sorotan",Suaradotcom,2026-05-09T13:44:30Z,neutral,AI-assisted semantic labeling
604,Gw setuju sih sm kalian  gw liat nih masa mbg dicuci pake tanah sm eek coba  gw sih  gk mau ya 😞 kasian juga yang kena korban gyus❤,gw setuju sih sm kalian gw liat nih masa mbg dicuci pake tanah sm eek coba gw sih gk mau ya 😞 kasian juga yang kena korban gyus❤,"Lagi, Keracunan Makanan Bergizi Gratis Hebohkan Indonesia! Kali Ini Bandung Barat Jadi Sorotan",Suaradotcom,2026-05-09T12:45:40Z,negative,AI-assisted semantic labeling
616,Kasihan😢 semogacepet sembuh,kasihan😢 semogacepet sembuh,"Lagi, Keracunan Makanan Bergizi Gratis Hebohkan Indonesia! Kali Ini Bandung Barat Jadi Sorotan",Suaradotcom,2026-05-08T11:10:41Z,neutral,AI-assisted semantic labeling
629,❤❤❤❤❤❤❤yuicg,❤❤yuicg,"Lagi, Keracunan Makanan Bergizi Gratis Hebohkan Indonesia! Kali Ini Bandung Barat Jadi Sorotan",Suaradotcom,2026-05-07T14:42:30Z,neutral,AI-assisted semantic labeling
630,"Kepala bgn. Harus jawab,","kepala bgn. harus jawab,","Lagi, Keracunan Makanan Bergizi Gratis Hebohkan Indonesia! Kali Ini Bandung Barat Jadi Sorotan",Suaradotcom,2026-05-07T14:38:03Z,negative,AI-assisted semantic labeling
637,Msh mndng BPJS grts drpda makanan grts presdn,msh mndng bpjs grts drpda makanan grts presdn,"Lagi, Keracunan Makanan Bergizi Gratis Hebohkan Indonesia! Kali Ini Bandung Barat Jadi Sorotan",Suaradotcom,2026-05-07T07:02:15Z,neutral,AI-assisted semantic labeling
645,"Mnding pndidikan gratis malah lebih mmbantu rakyat,","mnding pndidikan gratis malah lebih mmbantu rakyat,","Lagi, Keracunan Makanan Bergizi Gratis Hebohkan Indonesia! Kali Ini Bandung Barat Jadi Sorotan",Suaradotcom,2026-05-07T02:28:33Z,neutral,AI-assisted semantic labeling
650,Astaghfirullah,astaghfirullah,"Lagi, Keracunan Makanan Bergizi Gratis Hebohkan Indonesia! Kali Ini Bandung Barat Jadi Sorotan",Suaradotcom,2026-05-06T09:47:28Z,neutral,AI-assisted semantic labeling
660,Keracunan mbgya,keracunan mbgya,"Lagi, Keracunan Makanan Bergizi Gratis Hebohkan Indonesia! Kali Ini Bandung Barat Jadi Sorotan",Suaradotcom,2026-05-06T03:27:43Z,negative,AI-assisted semantic labeling
669,KSOS,ksos,"Lagi, Keracunan Makanan Bergizi Gratis Hebohkan Indonesia! Kali Ini Bandung Barat Jadi Sorotan",Suaradotcom,2026-05-05T06:51:27Z,neutral,AI-assisted semantic labeling
672,❤😮😮😮😭😭😭🥺🥺🥺🥺 boleh makan asam bagi sama mamaku.    MBY,❤😮😮😭😭🥺🥺 boleh makan asam bagi sama mamaku. mby,"Lagi, Keracunan Makanan Bergizi Gratis Hebohkan Indonesia! Kali Ini Bandung Barat Jadi Sorotan",Suaradotcom,2026-05-05T04:39:49Z,negative,AI-assisted semantic labeling
676,𝚂𝚎𝚝𝚘𝚙 𝚊𝚓𝚊 𝚖𝚋𝚐,setop aja mbg,"Lagi, Keracunan Makanan Bergizi Gratis Hebohkan Indonesia! Kali Ini Bandung Barat Jadi Sorotan",Suaradotcom,2026-05-04T07:16:28Z,negative,AI-assisted semantic labeling
686,itu kenapa ya aku jadi takut 🫣,itu kenapa ya aku jadi takut 🫣,"Lagi, Keracunan Makanan Bergizi Gratis Hebohkan Indonesia! Kali Ini Bandung Barat Jadi Sorotan",Suaradotcom,2026-05-03T12:18:22Z,negative,AI-assisted semantic labeling
707,Ak aja loh gk makan mbg makan bekal dari rumah soalnya gk boleh mkan mbg sama nenek ku,ak aja loh gk makan mbg makan bekal dari rumah soalnya gk boleh mkan mbg sama nenek ku,"Lagi, Keracunan Makanan Bergizi Gratis Hebohkan Indonesia! Kali Ini Bandung Barat Jadi Sorotan",Suaradotcom,2026-05-02T11:07:15Z,neutral,AI-assisted semantic labeling
713,Kami udah di stop kan mbg sejak lama banget mulai bulan 1😢,kami udah di stop kan mbg sejak lama banget mulai bulan 1😢,"Lagi, Keracunan Makanan Bergizi Gratis Hebohkan Indonesia! Kali Ini Bandung Barat Jadi Sorotan",Suaradotcom,2026-05-02T06:28:54Z,negative,AI-assisted semantic labeling
726,makanan klk panas 2 ditutup  pakai setenlisss tiruan  menyebab kan keracunan  mending di bungkus pakai daun  alam mi  gk keracunan dari  setenlisss tiruan itu yg bikin Racun  😢😢😢,makanan klk panas 2 ditutup pakai setenliss tiruan menyebab kan keracunan mending di bungkus pakai daun alam mi gk keracunan dari setenliss tiruan itu yg bikin racun 😢😢,"Lagi, Keracunan Makanan Bergizi Gratis Hebohkan Indonesia! Kali Ini Bandung Barat Jadi Sorotan",Suaradotcom,2026-05-01T10:47:55Z,negative,AI-assisted semantic labeling
728,𝔸𝕜𝕦 𝕤𝕚𝕙  𝕖𝕟𝕘𝕒𝕜 𝕞𝕒𝕦 𝕞𝕒𝕜𝕒𝕟 𝕚𝕥𝕦 𝕒𝕜𝕦 𝕤𝕦𝕕𝕒𝕙 𝕥𝕒𝕦 𝕞𝕒𝕜𝕒𝕟𝕒𝕟 𝕚𝕥𝕦 𝕒𝕕𝕒 𝕣𝕒𝕔𝕦𝕟𝕟𝕪𝕒 🤬😡🤬😡🤬😡🤬😡,aku sih engak mau makan itu aku sudah tau makanan itu ada racunnya 🤬😡🤬😡🤬😡🤬😡,"Lagi, Keracunan Makanan Bergizi Gratis Hebohkan Indonesia! Kali Ini Bandung Barat Jadi Sorotan",Suaradotcom,2026-05-01T08:54:53Z,negative,AI-assisted semantic labeling
733,"Terus terusno Pak,,, penting bisnis jln😢","terus terusno pak,, penting bisnis jln😢","Lagi, Keracunan Makanan Bergizi Gratis Hebohkan Indonesia! Kali Ini Bandung Barat Jadi Sorotan",Suaradotcom,2026-05-01T02:49:12Z,negative,AI-assisted semantic labeling
751,Ya Allah sampai itunya😢🥹 langkah cepat sembuh ya kak,ya allah sampai itunya😢🥹 langkah cepat sembuh ya kak,"Lagi, Keracunan Makanan Bergizi Gratis Hebohkan Indonesia! Kali Ini Bandung Barat Jadi Sorotan",Suaradotcom,2026-04-29T10:37:21Z,neutral,AI-assisted semantic labeling
761,Sampai ada korban jiwa baru ditanggapi,sampai ada korban jiwa baru ditanggapi,"Lagi, Keracunan Makanan Bergizi Gratis Hebohkan Indonesia! Kali Ini Bandung Barat Jadi Sorotan",Suaradotcom,2026-04-28T08:01:51Z,negative,AI-assisted semantic labeling
765,Bergizi apa nya bisa mati orang bgtu mah,bergizi apa nya bisa mati orang bgtu mah,"Lagi, Keracunan Makanan Bergizi Gratis Hebohkan Indonesia! Kali Ini Bandung Barat Jadi Sorotan",Suaradotcom,2026-04-27T18:56:04Z,negative,AI-assisted semantic labeling
772,🤮😱😲😡😠sydhididjekbejdvfjdvjdvdhhdjsbjdbdjdjjdjxjdhksbdkdvjdgdidhhdjdjdujrjrjfhjfiir😮,🤮😱😲😡😠sydhididjekbejdvfjdvjdvdhhdjsbjdbdjdjjdjxjdhksbdkdvjdgdidhhdjdjdujrjrjfhjfiir😮,"Lagi, Keracunan Makanan Bergizi Gratis Hebohkan Indonesia! Kali Ini Bandung Barat Jadi Sorotan",Suaradotcom,2026-04-27T01:59:40Z,neutral,AI-assisted semantic labeling
773,"Duitnya kasih ortu masing2 saja,,, daripada begini,,, mbg berpotensi korupsi","duitnya kasih ortu masing2 saja,, daripada begini,, mbg berpotensi korupsi","Lagi, Keracunan Makanan Bergizi Gratis Hebohkan Indonesia! Kali Ini Bandung Barat Jadi Sorotan",Suaradotcom,2026-04-27T00:39:07Z,negative,AI-assisted semantic labeling
798,"Maaf si omon omon ndak urus dengan masalah keracunan

😂😂😂",maaf si omon omon ndak urus dengan masalah keracunan 😂😂,"Lagi, Keracunan Makanan Bergizi Gratis Hebohkan Indonesia! Kali Ini Bandung Barat Jadi Sorotan",Suaradotcom,2026-04-22T17:34:32Z,negative,AI-assisted semantic labeling
801,Bubarkan MBG yg setuju angkat tangan 👆,bubarkan mbg yg setuju angkat tangan 👆,"Lagi, Keracunan Makanan Bergizi Gratis Hebohkan Indonesia! Kali Ini Bandung Barat Jadi Sorotan",Suaradotcom,2026-04-22T06:03:07Z,negative,AI-assisted semantic labeling
805,Aku aja pergi sekolahan aku Apakah makan ini aku nggak apa-apa kok,aku aja pergi sekolahan aku apakah makan ini aku nggak apa-apa kok,"Lagi, Keracunan Makanan Bergizi Gratis Hebohkan Indonesia! Kali Ini Bandung Barat Jadi Sorotan",Suaradotcom,2026-04-20T08:15:35Z,neutral,AI-assisted semantic labeling
810,Buat yg bilang keracunan mbg dari mana nya orang temen ku makan ga keracunan,buat yg bilang keracunan mbg dari mana nya orang temen ku makan ga keracunan,"Lagi, Keracunan Makanan Bergizi Gratis Hebohkan Indonesia! Kali Ini Bandung Barat Jadi Sorotan",Suaradotcom,2026-04-19T01:56:27Z,negative,AI-assisted semantic labeling
811,Pak bowo sukses jd presiden koropsi tamba meningkat plastik tamba larang,pak bowo sukses jd presiden koropsi tamba meningkat plastik tamba larang,"Lagi, Keracunan Makanan Bergizi Gratis Hebohkan Indonesia! Kali Ini Bandung Barat Jadi Sorotan",Suaradotcom,2026-04-18T11:20:27Z,neutral,AI-assisted semantic labeling
825,Sudah jelas mbg itu lahan basah untuk korupsi,sudah jelas mbg itu lahan basah untuk korupsi,"Rp335 T MBG Menguntungkan Pencari Rente, Bukan Masyarakat",Watchdoc Documentary,2026-09-07T09:00:07Z,negative,AI-assisted semantic labeling
838,Bukan main bodoh nya presiden Indonesia ini,bukan main bodoh nya presiden indonesia ini,"Rp335 T MBG Menguntungkan Pencari Rente, Bukan Masyarakat",Watchdoc Documentary,2026-08-29T05:44:17Z,negative,AI-assisted semantic labeling
840,"UANG HASIL KORUPSI DI SITA NEGARA,.SETELAH DI AMANKAN NEGARA UANG TERSEBUT DI KORUPSI..SAMPAI KAPAN KORUPSI BISA DI BASMI,.SEDANGKAN 80 % PEJABAT DI INDONESIA ADALAH MALING SEMUA,..","uang hasil korupsi di sita negara,.setelah di amankan negara uang tersebut di korupsi..sampai kapan korupsi bisa di basmi,.sedangkan 80 % pejabat di indonesia adalah maling semua,..","Rp335 T MBG Menguntungkan Pencari Rente, Bukan Masyarakat",Watchdoc Documentary,2026-08-28T17:51:52Z,negative,AI-assisted semantic labeling
845,"Mantaap bang,,agar semua mata rakyat memikirkan semua itu,,pilih mbg apa bantuanlangsung,,jadi buka mata dan cara pikir masing masing👍👍👍👍jika koruptor negara ini tumbang,,mereka tinggal pindah warga negara luar,,kalau rakyat bagaimana,,jadi jelata pemikul kebangkrutan negara ini,,,jangan terlambat buka mata dan hati👍👍","mantaap bang,,agar semua mata rakyat memikirkan semua itu,,pilih mbg apa bantuanlangsung,,jadi buka mata dan cara pikir masing masing👍👍jika koruptor negara ini tumbang,,mereka tinggal pindah warga negara luar,,kalau rakyat bagaimana,,jadi jelata pemikul kebangkrutan negara ini,,jangan terlambat buka mata dan hati👍👍","Rp335 T MBG Menguntungkan Pencari Rente, Bukan Masyarakat",Watchdoc Documentary,2026-08-27T13:34:08Z,negative,AI-assisted semantic labeling
854,Astaghfirullah,astaghfirullah,"Rp335 T MBG Menguntungkan Pencari Rente, Bukan Masyarakat",Watchdoc Documentary,2026-08-07T05:10:42Z,neutral,AI-assisted semantic labeling
859,Sebetulnya indonesia kaya.. cuma memang sedang dirampok. 😢,sebetulnya indonesia kaya.. cuma memang sedang dirampok. 😢,"Rp335 T MBG Menguntungkan Pencari Rente, Bukan Masyarakat",Watchdoc Documentary,2026-08-05T19:50:34Z,neutral,AI-assisted semantic labeling
870,Rakyat dibikin miskin dengan kebijakan yang menyengsarakan rakyat.,rakyat dibikin miskin dengan kebijakan yang menyengsarakan rakyat.,"Rp335 T MBG Menguntungkan Pencari Rente, Bukan Masyarakat",Watchdoc Documentary,2026-07-21T10:37:55Z,neutral,AI-assisted semantic labeling
874,Benar benar Simbokne ANCUK MBG,benar benar simbokne ancuk mbg,"Rp335 T MBG Menguntungkan Pencari Rente, Bukan Masyarakat",Watchdoc Documentary,2026-07-18T03:05:36Z,neutral,AI-assisted semantic labeling
878,Bubar mbg,bubar mbg,"Rp335 T MBG Menguntungkan Pencari Rente, Bukan Masyarakat",Watchdoc Documentary,2026-06-18T13:42:23Z,neutral,AI-assisted semantic labeling
881,bagus pendapat mu bang dari pada di caplok oleh para koruptor,bagus pendapat mu bang dari pada di caplok oleh para koruptor,"Rp335 T MBG Menguntungkan Pencari Rente, Bukan Masyarakat",Watchdoc Documentary,2026-06-17T07:46:35Z,neutral,AI-assisted semantic labeling
882,"Mbg itu cuma buat ajang korupsi ,bubarkan aja.😂","mbg itu cuma buat ajang korupsi ,bubarkan aja.😂","Rp335 T MBG Menguntungkan Pencari Rente, Bukan Masyarakat",Watchdoc Documentary,2026-06-16T14:45:43Z,negative,AI-assisted semantic labeling
885,Rezim perampok !!! Atas nama rakyat !!,rezim perampok !! atas nama rakyat !!,"Rp335 T MBG Menguntungkan Pencari Rente, Bukan Masyarakat",Watchdoc Documentary,2026-05-29T01:13:49Z,neutral,AI-assisted semantic labeling
887,"Ini rakyat miskin masih banyak pemerintah malah  menghamburkan uang, konyol gak ?","ini rakyat miskin masih banyak pemerintah malah menghamburkan uang, konyol gak ?","Rp335 T MBG Menguntungkan Pencari Rente, Bukan Masyarakat",Watchdoc Documentary,2026-05-22T08:48:41Z,neutral,AI-assisted semantic labeling
891,"MBG,,, bantuan yang lain itu Percuma,, pengurus Nya,,HAK UNTUK MASYARAKAT,,, Indonesia seperti Flem Sinetron,,, Rumah ada Atap,,, tapi tiang slalu merasakan Sakit nya,,, 😭","mbg,, bantuan yang lain itu percuma,, pengurus nya,,hak untuk masyarakat,, indonesia seperti flem sinetron,, rumah ada atap,, tapi tiang slalu merasakan sakit nya,, 😭","Rp335 T MBG Menguntungkan Pencari Rente, Bukan Masyarakat",Watchdoc Documentary,2026-05-19T15:23:39Z,negative,AI-assisted semantic labeling
901,Mbg stop saja,mbg stop saja,"Rp335 T MBG Menguntungkan Pencari Rente, Bukan Masyarakat",Watchdoc Documentary,2026-05-17T09:56:39Z,neutral,AI-assisted semantic labeling
903,Bagi ke seluruh rakyat indonesia saja,bagi ke seluruh rakyat indonesia saja,"Rp335 T MBG Menguntungkan Pencari Rente, Bukan Masyarakat",Watchdoc Documentary,2026-05-17T01:33:55Z,neutral,AI-assisted semantic labeling
911,Tanyakan di bowo karna si bowo Ceo  MBG,tanyakan di bowo karna si bowo ceo mbg,"Rp335 T MBG Menguntungkan Pencari Rente, Bukan Masyarakat",Watchdoc Documentary,2026-05-16T14:19:59Z,neutral,AI-assisted semantic labeling
922,Benar abang ini 👍,benar abang ini 👍,"Rp335 T MBG Menguntungkan Pencari Rente, Bukan Masyarakat",Watchdoc Documentary,2026-05-16T05:32:58Z,neutral,AI-assisted semantic labeling
935,Hentikan mbg,hentikan mbg,"Rp335 T MBG Menguntungkan Pencari Rente, Bukan Masyarakat",Watchdoc Documentary,2026-05-15T14:52:54Z,negative,AI-assisted semantic labeling
951,Bubarkan MBG,bubarkan mbg,"Rp335 T MBG Menguntungkan Pencari Rente, Bukan Masyarakat",Watchdoc Documentary,2026-05-15T09:03:25Z,negative,AI-assisted semantic labeling
954,"Makin g beres pemimpin Indonesia, Prabowo juga Otaknya dimana...
Yg g korupsi di tuduh korupsi, di penjara dan di denda tanpa dasar yg jelas nominal yg semaunya.
Presiden g ada ijaza skg wapres jg blm tentu lulus sekolah SMA...
Lol bgt makin kesini pemerintah, rakyat bayar pajak buat ngegaji mereka, mereka malah g tau diri di gaji sm masyarakat.
G punya malu & g ada Otak.
Akan sy tuntut nnti kalian di akhirat atas apa yg kalian lakukan terhadap negara Indonesia...","makin g beres pemimpin indonesia, prabowo juga otaknya dimana.. yg g korupsi di tuduh korupsi, di penjara dan di denda tanpa dasar yg jelas nominal yg semaunya. presiden g ada ijaza skg wapres jg blm tentu lulus sekolah sma.. lol bgt makin kesini pemerintah, rakyat bayar pajak buat ngegaji mereka, mereka malah g tau diri di gaji sm masyarakat. g punya malu & g ada otak. akan sy tuntut nnti kalian di akhirat atas apa yg kalian lakukan terhadap negara indonesia..","Rp335 T MBG Menguntungkan Pencari Rente, Bukan Masyarakat",Watchdoc Documentary,2026-05-15T08:19:38Z,negative,AI-assisted semantic labeling
973,"Betul bang bikin susah rakyat, BPJS, dinonaktifkan, bansos ilang","betul bang bikin susah rakyat, bpjs, dinonaktifkan, bansos ilang","Rp335 T MBG Menguntungkan Pencari Rente, Bukan Masyarakat",Watchdoc Documentary,2026-05-15T01:23:08Z,neutral,AI-assisted semantic labeling
983,Maju terus pejuang,maju terus pejuang,"Rp335 T MBG Menguntungkan Pencari Rente, Bukan Masyarakat",Watchdoc Documentary,2026-05-14T23:24:51Z,positive,AI-assisted semantic labeling
989,Klu BS. MBG jln bansos2 jg jln,klu bs. mbg jln bansos2 jg jln,"Rp335 T MBG Menguntungkan Pencari Rente, Bukan Masyarakat",Watchdoc Documentary,2026-05-14T21:45:33Z,neutral,AI-assisted semantic labeling
1013,Setuju vvendor terlalu gede motong nya hapuskan vendor,setuju vvendor terlalu gede motong nya hapuskan vendor,"Rp335 T MBG Menguntungkan Pencari Rente, Bukan Masyarakat",Watchdoc Documentary,2026-05-14T14:01:30Z,neutral,AI-assisted semantic labeling
1028,Embebege .slalu di buang sma anak saya.makanan nya gx enak.yg jelas gx guna,embebege .slalu di buang sma anak saya.makanan nya gx enak.yg jelas gx guna,"Rp335 T MBG Menguntungkan Pencari Rente, Bukan Masyarakat",Watchdoc Documentary,2026-05-14T12:16:31Z,neutral,AI-assisted semantic labeling
1033,Smpe saat ini  Ank sya yg msih duduk sklh di SD .KECMTAN  PEMATANG JAYA KBUPTEN  LNGKT blum juga merasain yg nmnya MBG. Kpn terealisasinya MBG disklh Ank kmi.mohon pantauanya bpk2 yg tau!,smpe saat ini ank sya yg msih duduk sklh di sd .kecmtan pematang jaya kbupten lngkt blum juga merasain yg nmnya mbg. kpn terealisasinya mbg disklh ank kmi.mohon pantauanya bpk2 yg tau!,"Rp335 T MBG Menguntungkan Pencari Rente, Bukan Masyarakat",Watchdoc Documentary,2026-05-14T10:55:20Z,neutral,AI-assisted semantic labeling
1036,"Betul, mbg hanya buang2 uang, tidak membantu umkm, hanya unt pengusaha kaya.","betul, mbg hanya buang2 uang, tidak membantu umkm, hanya unt pengusaha kaya.","Rp335 T MBG Menguntungkan Pencari Rente, Bukan Masyarakat",Watchdoc Documentary,2026-05-14T10:10:15Z,neutral,AI-assisted semantic labeling
1050,Inilah bukti orang yg cerdas.kecerdasanya membuktikan dia untuk membela rakyat yg kg mampuh,inilah bukti orang yg cerdas.kecerdasanya membuktikan dia untuk membela rakyat yg kg mampuh,"Rp335 T MBG Menguntungkan Pencari Rente, Bukan Masyarakat",Watchdoc Documentary,2026-05-14T06:19:14Z,neutral,AI-assisted semantic labeling
1059,Betul ❤❤❤,betul ❤❤,"Rp335 T MBG Menguntungkan Pencari Rente, Bukan Masyarakat",Watchdoc Documentary,2026-05-14T02:45:26Z,neutral,AI-assisted semantic labeling
1062,Wowo bagi uang haram ke orang orang setan yg serakah,wowo bagi uang haram ke orang orang setan yg serakah,"Rp335 T MBG Menguntungkan Pencari Rente, Bukan Masyarakat",Watchdoc Documentary,2026-05-14T01:44:45Z,neutral,AI-assisted semantic labeling
1069,MBG. Tai,mbg. tai,"Rp335 T MBG Menguntungkan Pencari Rente, Bukan Masyarakat",Watchdoc Documentary,2026-05-14T00:40:01Z,neutral,AI-assisted semantic labeling
1074,stop mbg,stop mbg,"Rp335 T MBG Menguntungkan Pencari Rente, Bukan Masyarakat",Watchdoc Documentary,2026-05-13T23:13:36Z,negative,AI-assisted semantic labeling
1075,Gulingkan prabowoooo !!!!!,gulingkan prabowoo !!,"Rp335 T MBG Menguntungkan Pencari Rente, Bukan Masyarakat",Watchdoc Documentary,2026-05-13T22:48:48Z,neutral,AI-assisted semantic labeling
1076,Mreka menntt gky,mreka menntt gky,"Rp335 T MBG Menguntungkan Pencari Rente, Bukan Masyarakat",Watchdoc Documentary,2026-05-13T22:31:06Z,neutral,AI-assisted semantic labeling
1081,"Tutup saja mbg,gak ada juga mampaat nya 😢😢😢","tutup saja mbg,gak ada juga mampaat nya 😢😢","Rp335 T MBG Menguntungkan Pencari Rente, Bukan Masyarakat",Watchdoc Documentary,2026-05-13T20:49:33Z,negative,AI-assisted semantic labeling
1095,Bagikan uang aja per jiwa atau yg layak untuk menerima mbg d hapus,bagikan uang aja per jiwa atau yg layak untuk menerima mbg d hapus,"Rp335 T MBG Menguntungkan Pencari Rente, Bukan Masyarakat",Watchdoc Documentary,2026-05-13T15:13:57Z,neutral,AI-assisted semantic labeling
1105,Mari kita kompak bubarkan MBG,mari kita kompak bubarkan mbg,"Rp335 T MBG Menguntungkan Pencari Rente, Bukan Masyarakat",Watchdoc Documentary,2026-05-13T14:01:11Z,negative,AI-assisted semantic labeling
1113,T nya itu TAIIIIIIII,t nya itu taii,"Rp335 T MBG Menguntungkan Pencari Rente, Bukan Masyarakat",Watchdoc Documentary,2026-05-13T13:27:56Z,neutral,AI-assisted semantic labeling
1114,Benar,benar,"Rp335 T MBG Menguntungkan Pencari Rente, Bukan Masyarakat",Watchdoc Documentary,2026-05-13T13:27:12Z,neutral,AI-assisted semantic labeling
1122,MBG lambung ladang para koruptor,mbg lambung ladang para koruptor,"Rp335 T MBG Menguntungkan Pencari Rente, Bukan Masyarakat",Watchdoc Documentary,2026-05-13T13:00:45Z,neutral,AI-assisted semantic labeling
1124,Mbg gk akan bisa di hentikan karena yg kelola para rlit,mbg gk akan bisa di hentikan karena yg kelola para rlit,"Rp335 T MBG Menguntungkan Pencari Rente, Bukan Masyarakat",Watchdoc Documentary,2026-05-13T12:16:55Z,neutral,AI-assisted semantic labeling
1127,Hapus mbg,hapus mbg,"Rp335 T MBG Menguntungkan Pencari Rente, Bukan Masyarakat",Watchdoc Documentary,2026-05-13T12:10:30Z,neutral,AI-assisted semantic labeling
1129,Proyek bodoh,proyek bodoh,"Rp335 T MBG Menguntungkan Pencari Rente, Bukan Masyarakat",Watchdoc Documentary,2026-05-13T12:07:33Z,negative,AI-assisted semantic labeling
1133,"Lanjutkan perjuanganmu wahai anak muda !
Pd saatnya Negara ini d tgn2 Klian",lanjutkan perjuanganmu wahai anak muda ! pd saatnya negara ini d tgn2 klian,"Rp335 T MBG Menguntungkan Pencari Rente, Bukan Masyarakat",Watchdoc Documentary,2026-05-13T11:43:51Z,neutral,AI-assisted semantic labeling
1134,Program kurang  terukur modal angan angan tidak semudah yg d lapngan  yang kenyataan ya ajj mumpung ada program mbg,program kurang terukur modal angan angan tidak semudah yg d lapngan yang kenyataan ya ajj mumpung ada program mbg,"Rp335 T MBG Menguntungkan Pencari Rente, Bukan Masyarakat",Watchdoc Documentary,2026-05-13T11:30:23Z,neutral,AI-assisted semantic labeling
1136,"Kaya ga bakal bisa,dech yg ada keluh kesah2 di mnah2..tapi nyatanya pemerintah  lebih kuat di banding rakyatnya...paling klo nanti ganti presiden mungkin bisa,","kaya ga bakal bisa,dech yg ada keluh kesah2 di mnah2..tapi nyatanya pemerintah lebih kuat di banding rakyatnya..paling klo nanti ganti presiden mungkin bisa,","Rp335 T MBG Menguntungkan Pencari Rente, Bukan Masyarakat",Watchdoc Documentary,2026-05-13T11:10:53Z,neutral,AI-assisted semantic labeling
1149,ya Allah ampuni dosaku karena sudah memilih prabowo😭😭😭,ya allah ampuni dosaku karena sudah memilih prabowo😭😭,"Rp335 T MBG Menguntungkan Pencari Rente, Bukan Masyarakat",Watchdoc Documentary,2026-05-13T09:01:09Z,negative,AI-assisted semantic labeling
1157,Salah yg milih persiden,salah yg milih persiden,"Rp335 T MBG Menguntungkan Pencari Rente, Bukan Masyarakat",Watchdoc Documentary,2026-05-13T07:29:47Z,negative,AI-assisted semantic labeling
1159,bnyak korupsinya...,bnyak korupsinya..,"Rp335 T MBG Menguntungkan Pencari Rente, Bukan Masyarakat",Watchdoc Documentary,2026-05-13T06:28:50Z,negative,AI-assisted semantic labeling
1170,"Lebih baiknya seperti itu, agar semua bisa menikmati utk kehidupan sehari2buat Masyarakat Miskin","lebih baiknya seperti itu, agar semua bisa menikmati utk kehidupan sehari2buat masyarakat miskin","Rp335 T MBG Menguntungkan Pencari Rente, Bukan Masyarakat",Watchdoc Documentary,2026-05-13T01:10:26Z,negative,AI-assisted semantic labeling
1172,"Orang kaya tak perlu MBG ,kalau orang miskin aja dibagikan mungkin bisa 500ribuan per bulan","orang kaya tak perlu mbg ,kalau orang miskin aja dibagikan mungkin bisa 500ribuan per bulan","Rp335 T MBG Menguntungkan Pencari Rente, Bukan Masyarakat",Watchdoc Documentary,2026-05-13T00:51:12Z,neutral,AI-assisted semantic labeling
1176,Cukup brapa hari uang segitu,cukup brapa hari uang segitu,"Rp335 T MBG Menguntungkan Pencari Rente, Bukan Masyarakat",Watchdoc Documentary,2026-05-12T23:43:34Z,neutral,AI-assisted semantic labeling
1177,Stop MBG,stop mbg,"Rp335 T MBG Menguntungkan Pencari Rente, Bukan Masyarakat",Watchdoc Documentary,2026-05-12T23:26:32Z,negative,AI-assisted semantic labeling
1178,Selama gak ada hukum mati.....mereka gak akan takut.....,selama gak ada hukum mati..mereka gak akan takut..,"Rp335 T MBG Menguntungkan Pencari Rente, Bukan Masyarakat",Watchdoc Documentary,2026-05-12T23:17:21Z,negative,AI-assisted semantic labeling
1185,"Prabowoooo....!!!
Bubarkan MBG secepatnya... !!
Jangan pura2 buta... 
Jangan pura2 tuli...
Jangan pura2 bisu....",prabowoo..!! bubarkan mbg secepatnya.. !! jangan pura2 buta.. jangan pura2 tuli.. jangan pura2 bisu..,"Rp335 T MBG Menguntungkan Pencari Rente, Bukan Masyarakat",Watchdoc Documentary,2026-05-12T19:19:47Z,negative,AI-assisted semantic labeling
1196,Saya setuju,saya setuju,"Rp335 T MBG Menguntungkan Pencari Rente, Bukan Masyarakat",Watchdoc Documentary,2026-05-12T15:49:25Z,neutral,AI-assisted semantic labeling
1213,proyek balas budi pemilu,proyek balas budi pemilu,"Rp335 T MBG Menguntungkan Pencari Rente, Bukan Masyarakat",Watchdoc Documentary,2026-05-12T14:31:21Z,neutral,AI-assisted semantic labeling
1220,Percuma ngacungin jempol nggk akan digubris,percuma ngacungin jempol nggk akan digubris,"Rp335 T MBG Menguntungkan Pencari Rente, Bukan Masyarakat",Watchdoc Documentary,2026-05-12T14:08:27Z,neutral,AI-assisted semantic labeling
1237,Betuull..vendor nya makin kaya,betuull..vendor nya makin kaya,"Rp335 T MBG Menguntungkan Pencari Rente, Bukan Masyarakat",Watchdoc Documentary,2026-05-12T12:43:27Z,neutral,AI-assisted semantic labeling
1238,"Hak rakyat harus di berikan pada ibunya ,benar kata bapak aing , terapkan aturan bapak aing untuk rakyat daripada di makan yg bukan haknya .","hak rakyat harus di berikan pada ibunya ,benar kata bapak aing , terapkan aturan bapak aing untuk rakyat daripada di makan yg bukan haknya .","Rp335 T MBG Menguntungkan Pencari Rente, Bukan Masyarakat",Watchdoc Documentary,2026-05-12T12:41:52Z,neutral,AI-assisted semantic labeling
1245,Pemimpin yg gk denger saran org ya kyk gini.program hancur ttp dipertahankn.mana ni ppara pemilihnya,pemimpin yg gk denger saran org ya kyk gini.program hancur ttp dipertahankn.mana ni ppara pemilihnya,"Rp335 T MBG Menguntungkan Pencari Rente, Bukan Masyarakat",Watchdoc Documentary,2026-05-12T12:06:31Z,neutral,AI-assisted semantic labeling
1247,"Bubarkan aja di data ulang karna ga jeas yg dapat tambat dapat 
Yg ga sama sekali",bubarkan aja di data ulang karna ga jeas yg dapat tambat dapat yg ga sama sekali,"Rp335 T MBG Menguntungkan Pencari Rente, Bukan Masyarakat",Watchdoc Documentary,2026-05-12T10:40:31Z,neutral,AI-assisted semantic labeling
1254,Bubarkan MBG itu Uang Pajak Rakyat bukan Gratis lbh baik buat Pendidikan dan Subsidi Kesehatan Rakyat,bubarkan mbg itu uang pajak rakyat bukan gratis lbh baik buat pendidikan dan subsidi kesehatan rakyat,"Rp335 T MBG Menguntungkan Pencari Rente, Bukan Masyarakat",Watchdoc Documentary,2026-05-12T09:48:58Z,negative,AI-assisted semantic labeling
1263,revolusi...❤❤❤❤,revolusi..❤❤,"Rp335 T MBG Menguntungkan Pencari Rente, Bukan Masyarakat",Watchdoc Documentary,2026-05-12T07:55:47Z,neutral,AI-assisted semantic labeling
1265,Ga usah ngomong bang yg di minta tindakan ini dah jelas kalau Prabowo seorang koruptor .... Kalau hanya sekedar ngomong kan dah jelas kalau Prabowo dah kebal dg cacian ... JD saya yakin warga Konoha telah jadi masyarakat pengecut terutama para maha siswa,ga usah ngomong bang yg di minta tindakan ini dah jelas kalau prabowo seorang koruptor .. kalau hanya sekedar ngomong kan dah jelas kalau prabowo dah kebal dg cacian .. jd saya yakin warga konoha telah jadi masyarakat pengecut terutama para maha siswa,"Rp335 T MBG Menguntungkan Pencari Rente, Bukan Masyarakat",Watchdoc Documentary,2026-05-12T07:08:37Z,neutral,AI-assisted semantic labeling
1294,"Bener lah hrs rata miskin kaya ,harusnya rata janga cuma buat sebagian orang aja","bener lah hrs rata miskin kaya ,harusnya rata janga cuma buat sebagian orang aja","Rp335 T MBG Menguntungkan Pencari Rente, Bukan Masyarakat",Watchdoc Documentary,2026-05-11T23:10:07Z,neutral,AI-assisted semantic labeling
1300,Rakyat sama pejabat negara kan banyak kan rakyat .....gas gass gass,rakyat sama pejabat negara kan banyak kan rakyat ..gas gass gass,"Rp335 T MBG Menguntungkan Pencari Rente, Bukan Masyarakat",Watchdoc Documentary,2026-05-11T20:17:38Z,neutral,AI-assisted semantic labeling
1314,"Itu namanya Kinerja berbasis angggaran,,,,,,kalau nggak ada kerjaan maka ,,tidak akan ada dana yg dikeluarkan supaya bisa dijadikan ajang korupsi,!!!!!secara masal oleh Instansi2 pemerintalah,,,yg terkait ,, emang betul Dasar pemimpin 2 SDM Sampah ,,MBG,,itu aslinya  kan program WHO ,,itu adalah kelanjutan dari  pandemi covid kemarin ,,,betul 2  pemimpin2 negeri ini  sdh  tidak  punya otak ,,tapi karena cuan,,,,,, maka walaupun Negara ini  ,,ditkonntrol ,ditipu,,,,dibohongi dgn narasi2 sampah whoitu 👉👉pasti,,!!!!!yg bertujuan utk menghancurkan NKRI,,,MBG  kan isinya makanan sampah  ,,tp yg lebih jelasnya MBG Dijadikan ajang  👉👉KORUPSI berjamaah ,,!!!!betul2 ,pemerintah sampah ,,thats it!!!!!!","itu namanya kinerja berbasis anggaran,,kalau nggak ada kerjaan maka ,,tidak akan ada dana yg dikeluarkan supaya bisa dijadikan ajang korupsi,!!secara masal oleh instansi2 pemerintalah,,yg terkait ,, emang betul dasar pemimpin 2 sdm sampah ,,mbg,,itu aslinya kan program who ,,itu adalah kelanjutan dari pandemi covid kemarin ,,betul 2 pemimpin2 negeri ini sdh tidak punya otak ,,tapi karena cuan,, maka walaupun negara ini ,,ditkonntrol ,ditipu,,dibohongi dgn narasi2 sampah whoitu 👉👉pasti,,!!yg bertujuan utk menghancurkan nkri,,mbg kan isinya makanan sampah ,,tp yg lebih jelasnya mbg dijadikan ajang 👉👉korupsi berjamaah ,,!!betul2 ,pemerintah sampah ,,thats it!!","Rp335 T MBG Menguntungkan Pencari Rente, Bukan Masyarakat",Watchdoc Documentary,2026-05-11T14:56:40Z,negative,AI-assisted semantic labeling
1338,Sy curiga presiden dapat.... Makanya dia g mau stop mbg,sy curiga presiden dapat.. makanya dia g mau stop mbg,"Rp335 T MBG Menguntungkan Pencari Rente, Bukan Masyarakat",Watchdoc Documentary,2026-05-11T11:53:00Z,negative,AI-assisted semantic labeling
1348,Seharusnya  mbg itu  di tujukan desa yg tertinggal atau hidup. Di bawah tata rata,seharusnya mbg itu di tujukan desa yg tertinggal atau hidup. di bawah tata rata,"Rp335 T MBG Menguntungkan Pencari Rente, Bukan Masyarakat",Watchdoc Documentary,2026-05-11T10:02:52Z,neutral,AI-assisted semantic labeling
1349,Benar bang mendingan pake bantuan sama orang miskin,benar bang mendingan pake bantuan sama orang miskin,"Rp335 T MBG Menguntungkan Pencari Rente, Bukan Masyarakat",Watchdoc Documentary,2026-05-11T09:59:49Z,negative,AI-assisted semantic labeling
1358,MBG PELUANG KORUPSI PARA PENGUASA,mbg peluang korupsi para penguasa,"Rp335 T MBG Menguntungkan Pencari Rente, Bukan Masyarakat",Watchdoc Documentary,2026-05-11T07:47:38Z,negative,AI-assisted semantic labeling
1363,"ADA YG PUNYA DAPUR SAMPAI 10,BERARTI SATU HARI MEREKA DAPAT 60jt PERHARI,10 HARI 600 JT WUIHHHH","ada yg punya dapur sampai 10,berarti satu hari mereka dapat 60jt perhari,10 hari 600 jt wuihh","Rp335 T MBG Menguntungkan Pencari Rente, Bukan Masyarakat",Watchdoc Documentary,2026-05-11T07:20:07Z,neutral,AI-assisted semantic labeling
1366,tolak mbg bbm brbakot,tolak mbg bbm brbakot,"Rp335 T MBG Menguntungkan Pencari Rente, Bukan Masyarakat",Watchdoc Documentary,2026-05-11T06:41:41Z,negative,AI-assisted semantic labeling
1387,hapus aja sih mbg nya orang kaya makinkaya ORA miskin makin pusing miskin terus,hapus aja sih mbg nya orang kaya makinkaya ora miskin makin pusing miskin terus,"Rp335 T MBG Menguntungkan Pencari Rente, Bukan Masyarakat",Watchdoc Documentary,2026-05-11T00:59:45Z,neutral,AI-assisted semantic labeling
1398,"Hai pak Prabowo,dimana hatimu, ternyata kau pimpinan yang palsu,semua udah tau","hai pak prabowo,dimana hatimu, ternyata kau pimpinan yang palsu,semua udah tau","Rp335 T MBG Menguntungkan Pencari Rente, Bukan Masyarakat",Watchdoc Documentary,2026-05-10T23:30:49Z,neutral,AI-assisted semantic labeling
1399,moga ketua mbg dan jajaranya pada busung perutnya,moga ketua mbg dan jajaranya pada busung perutnya,"Rp335 T MBG Menguntungkan Pencari Rente, Bukan Masyarakat",Watchdoc Documentary,2026-05-10T23:22:40Z,neutral,AI-assisted semantic labeling
1404,mbg apa yg  tak beguma,mbg apa yg tak beguma,"Rp335 T MBG Menguntungkan Pencari Rente, Bukan Masyarakat",Watchdoc Documentary,2026-05-10T23:14:33Z,neutral,AI-assisted semantic labeling
1405,Benar orang miskin seperti Ibu yg tak ada anak sekolah gmn.,benar orang miskin seperti ibu yg tak ada anak sekolah gmn.,"Rp335 T MBG Menguntungkan Pencari Rente, Bukan Masyarakat",Watchdoc Documentary,2026-05-10T22:51:30Z,neutral,AI-assisted semantic labeling
1408,Betul .janji Prabowo di tagih enk aja ngomong di panggung.. saudara.. saudara...,betul .janji prabowo di tagih enk aja ngomong di panggung.. saudara.. saudara..,"Rp335 T MBG Menguntungkan Pencari Rente, Bukan Masyarakat",Watchdoc Documentary,2026-05-10T22:09:03Z,neutral,AI-assisted semantic labeling
1409,Jika Prabowo Subianto TDK mendengar suara rakyat LBH baik di makzulkan LBH CPT LBH baik,jika prabowo subianto tdk mendengar suara rakyat lbh baik di makzulkan lbh cpt lbh baik,"Rp335 T MBG Menguntungkan Pencari Rente, Bukan Masyarakat",Watchdoc Documentary,2026-05-10T22:03:31Z,neutral,AI-assisted semantic labeling
1410,Prabowo Subianto harus mendengar suara rakyat yg cerdas,prabowo subianto harus mendengar suara rakyat yg cerdas,"Rp335 T MBG Menguntungkan Pencari Rente, Bukan Masyarakat",Watchdoc Documentary,2026-05-10T22:01:59Z,neutral,AI-assisted semantic labeling
1416,Mana ada jaksa yg berani usut MBG  ?  Trus KPK mama suaranya ?  gak bakalan berani usik itu sudah garis komando yg gak bakalan ada yg berani ngusik,mana ada jaksa yg berani usut mbg ? trus kpk mama suaranya ? gak bakalan berani usik itu sudah garis komando yg gak bakalan ada yg berani ngusik,"Rp335 T MBG Menguntungkan Pencari Rente, Bukan Masyarakat",Watchdoc Documentary,2026-05-10T20:10:32Z,neutral,AI-assisted semantic labeling
1420,Benar seperti ini lah yang harus kita dukung saya siap untuk mendukung ini turun kejalan bila perlu,benar seperti ini lah yang harus kita dukung saya siap untuk mendukung ini turun kejalan bila perlu,"Rp335 T MBG Menguntungkan Pencari Rente, Bukan Masyarakat",Watchdoc Documentary,2026-05-10T18:16:03Z,neutral,AI-assisted semantic labeling
1437,Covid jilid 2,covid jilid 2,"Rp335 T MBG Menguntungkan Pencari Rente, Bukan Masyarakat",Watchdoc Documentary,2026-05-10T15:47:54Z,neutral,AI-assisted semantic labeling
1459,"Denger Prabowo apakah anda tuli, sudah bnyak rakyat yang nolak ko masih ngeyel anda","denger prabowo apakah anda tuli, sudah bnyak rakyat yang nolak ko masih ngeyel anda","Rp335 T MBG Menguntungkan Pencari Rente, Bukan Masyarakat",Watchdoc Documentary,2026-05-10T13:05:48Z,neutral,AI-assisted semantic labeling
1467,"Tapi kan gak bisa korup,666m per tahin😂😂😂😂","tapi kan gak bisa korup,66m per tahin😂😂","Rp335 T MBG Menguntungkan Pencari Rente, Bukan Masyarakat",Watchdoc Documentary,2026-05-10T12:11:25Z,neutral,AI-assisted semantic labeling
1468,"Indonesia SDH sngat kacau,di jajah korupsi trs","indonesia sdh sngat kacau,di jajah korupsi trs","Rp335 T MBG Menguntungkan Pencari Rente, Bukan Masyarakat",Watchdoc Documentary,2026-05-10T12:02:23Z,negative,AI-assisted semantic labeling
1485,Siapun pemimpin yg dolim.semogas semoga ALLAH bls dengan azab yg nyata........aaamiiiiin,siapun pemimpin yg dolim.semogas semoga allah bls dengan azab yg nyata..aamiin,"Rp335 T MBG Menguntungkan Pencari Rente, Bukan Masyarakat",Watchdoc Documentary,2026-05-10T05:51:04Z,neutral,AI-assisted semantic labeling
1497,Viral kan prabowi biar bisa hitunng,viral kan prabowi biar bisa hitunng,"Rp335 T MBG Menguntungkan Pencari Rente, Bukan Masyarakat",Watchdoc Documentary,2026-05-09T22:44:12Z,neutral,AI-assisted semantic labeling
1502,Cerdas banget cara menghitungnya mantep,cerdas banget cara menghitungnya mantep,"Rp335 T MBG Menguntungkan Pencari Rente, Bukan Masyarakat",Watchdoc Documentary,2026-05-09T16:31:52Z,neutral,AI-assisted semantic labeling
1523,"Ah malah saya itu heran sama org² yg bersebrangan sama pemerintah,seharusnya Abang ini meminta UU korupsi segera di sah kan","ah malah saya itu heran sama org2 yg bersebrangan sama pemerintah,seharusnya abang ini meminta uu korupsi segera di sah kan","Rp335 T MBG Menguntungkan Pencari Rente, Bukan Masyarakat",Watchdoc Documentary,2026-05-09T07:40:53Z,negative,AI-assisted semantic labeling
1528,"Ternyata  presiden  yg terpilih .
Tidak bisa mensejah terakan kita  yg memilih 🤬",ternyata presiden yg terpilih . tidak bisa mensejah terakan kita yg memilih 🤬,"Rp335 T MBG Menguntungkan Pencari Rente, Bukan Masyarakat",Watchdoc Documentary,2026-05-09T02:23:43Z,neutral,AI-assisted semantic labeling
1543,Itulah politik.,itulah politik.,"Rp335 T MBG Menguntungkan Pencari Rente, Bukan Masyarakat",Watchdoc Documentary,2026-05-08T14:57:33Z,neutral,AI-assisted semantic labeling
1572,"Betul sekali pak dana MBG hny pemborosan besar2an sdngkan orang miskin tetap tdk mendapat perhatisn dr pemerintah. 
Lebih baik dana MBG dialihksn ke masy miskin/daerah2  terpencil, bisa jg utk bpk2/ibu2 honorer yg gajinya sangat tdk manusiawi. 
Bisa jg biaya srkolah gratis anak bangsa sampai tingkat SLTA sederajat. 
Mohon bapak Presiden bisa dikaji ulang masalah MBG rakyat Indonesia msh bnyk yg hidup kekurangan.","betul sekali pak dana mbg hny pemborosan besar2an sdngkan orang miskin tetap tdk mendapat perhatisn dr pemerintah. lebih baik dana mbg dialihksn ke masy miskin/daerah2 terpencil, bisa jg utk bpk2/ibu2 honorer yg gajinya sangat tdk manusiawi. bisa jg biaya srkolah gratis anak bangsa sampai tingkat slta sederajat. mohon bapak presiden bisa dikaji ulang masalah mbg rakyat indonesia msh bnyk yg hidup kekurangan.","Rp335 T MBG Menguntungkan Pencari Rente, Bukan Masyarakat",Watchdoc Documentary,2026-05-08T00:22:57Z,negative,AI-assisted semantic labeling
1574,"Ma,af pak ya...saya rasa BPK lebih pintar dan ngerti dari sy masyarakat kecil ...tlg jgn beri kmi perbuatan dan kenyataan bukan kabar yg begini  tambah sakit hati SJ","ma,af pak ya..saya rasa bpk lebih pintar dan ngerti dari sy masyarakat kecil ..tlg jgn beri kmi perbuatan dan kenyataan bukan kabar yg begini tambah sakit hati sj","Rp335 T MBG Menguntungkan Pencari Rente, Bukan Masyarakat",Watchdoc Documentary,2026-05-07T23:50:31Z,negative,AI-assisted semantic labeling
1577,Gak ada kata lain selain turunkan brabowo gibran,gak ada kata lain selain turunkan brabowo gibran,"Rp335 T MBG Menguntungkan Pencari Rente, Bukan Masyarakat",Watchdoc Documentary,2026-05-07T22:36:02Z,neutral,AI-assisted semantic labeling
1582,Pejabat negra rata2 itu org munafik dan korporsiannya itu punya muka Kta org Jawa ..Rai gedek Rai ndableg GK punya muka dan munafik ..GK punya malu ..suara rkyat itu GK didenger pura2 tuli MSA bodoh ..Krn dia ptg perutnya kenyang dpt uang korupsi ..mkanya kita klau mau mensuarakan haknya ...jgn cumn ngomong dimedia sosial sja GK ckup GK digobres .. semua rkyt hrus kompak turun jln demo besar2an tnp trkecuali .. klau demo jgn tanggung2  hrus semua turun ke lapangan tnp trkecuali .. kl GK suaranya GK didenger pura2 mbodo .. dpatnya koar2 cuman capek .. nglawan pejbt yg ndableg itu hrus berani MSA dikumpulin tnp trkecuali turun lapangan semua .klau cumn sgelintir yg demo 😅😅😅😅😅😅 GK ngaruh SM pjbt2 yg buta mata buta hati .,pejabat negra rata2 itu org munafik dan korporsiannya itu punya muka kta org jawa ..rai gedek rai ndableg gk punya muka dan munafik ..gk punya malu ..suara rkyat itu gk didenger pura2 tuli msa bodoh ..krn dia ptg perutnya kenyang dpt uang korupsi ..mkanya kita klau mau mensuarakan haknya ..jgn cumn ngomong dimedia sosial sja gk ckup gk digobres .. semua rkyt hrus kompak turun jln demo besar2an tnp trkecuali .. klau demo jgn tanggung2 hrus semua turun ke lapangan tnp trkecuali .. kl gk suaranya gk didenger pura2 mbodo .. dpatnya koar2 cuman capek .. nglawan pejbt yg ndableg itu hrus berani msa dikumpulin tnp trkecuali turun lapangan semua .klau cumn sgelintir yg demo 😅😅 gk ngaruh sm pjbt2 yg buta mata buta hati .,"Rp335 T MBG Menguntungkan Pencari Rente, Bukan Masyarakat",Watchdoc Documentary,2026-05-07T16:48:04Z,negative,AI-assisted semantic labeling
1600,Gk usah milih dia lgi jk klo nyalon lagi biar berhenti program mbg nya,gk usah milih dia lgi jk klo nyalon lagi biar berhenti program mbg nya,"Rp335 T MBG Menguntungkan Pencari Rente, Bukan Masyarakat",Watchdoc Documentary,2026-05-07T06:48:28Z,neutral,AI-assisted semantic labeling
1605,"MBG dan KOPDES gak ada manfaatnya untuk bangsa Indonesia, MBG dan KOPDES hanya menguntungkan Pejabat"" korup yg otaknya sudah tidak waras, segera hapus program MBG dan KOPDES Pak wowo","mbg dan kopdes gak ada manfaatnya untuk bangsa indonesia, mbg dan kopdes hanya menguntungkan pejabat"" korup yg otaknya sudah tidak waras, segera hapus program mbg dan kopdes pak wowo","Rp335 T MBG Menguntungkan Pencari Rente, Bukan Masyarakat",Watchdoc Documentary,2026-05-07T05:47:42Z,neutral,AI-assisted semantic labeling
1608,"Program Prabowo cuma membodohi rakyat ,,,,","program prabowo cuma membodohi rakyat ,,","Rp335 T MBG Menguntungkan Pencari Rente, Bukan Masyarakat",Watchdoc Documentary,2026-05-07T05:06:37Z,negative,AI-assisted semantic labeling
1614,Betul juga MBG itu lahan korupsi dikumpulkan di korupsi utk persiapan pemilu 2029,betul juga mbg itu lahan korupsi dikumpulkan di korupsi utk persiapan pemilu 2029,"Rp335 T MBG Menguntungkan Pencari Rente, Bukan Masyarakat",Watchdoc Documentary,2026-05-07T04:08:57Z,negative,AI-assisted semantic labeling
1626,Sayangnya presidennya Goblog,sayangnya presidennya goblog,"Rp335 T MBG Menguntungkan Pencari Rente, Bukan Masyarakat",Watchdoc Documentary,2026-05-07T01:06:20Z,negative,AI-assisted semantic labeling
1629,Nah loh,nah loh,"Rp335 T MBG Menguntungkan Pencari Rente, Bukan Masyarakat",Watchdoc Documentary,2026-05-07T00:22:30Z,neutral,AI-assisted semantic labeling
1635,"Kenapa DPR diam tidak mau mendengar tidak mau mengerti, tidak amanat penderitaan rakyat","kenapa dpr diam tidak mau mendengar tidak mau mengerti, tidak amanat penderitaan rakyat","Rp335 T MBG Menguntungkan Pencari Rente, Bukan Masyarakat",Watchdoc Documentary,2026-05-06T23:08:54Z,negative,AI-assisted semantic labeling
1644,jika dasar kebijakan dan tindakan adalah hati tentunya logika serta akal sehat yang menghandle ego dengan tepat...tapi sebaliknya...,jika dasar kebijakan dan tindakan adalah hati tentunya logika serta akal sehat yang menghandle ego dengan tepat..tapi sebaliknya..,"Rp335 T MBG Menguntungkan Pencari Rente, Bukan Masyarakat",Watchdoc Documentary,2026-05-06T16:14:33Z,negative,AI-assisted semantic labeling
1647,Mas uy arskat mendukung  setuju sekali,mas uy arskat mendukung setuju sekali,"Rp335 T MBG Menguntungkan Pencari Rente, Bukan Masyarakat",Watchdoc Documentary,2026-05-06T15:49:42Z,neutral,AI-assisted semantic labeling
1652,Bubarkan MBG saja.,bubarkan mbg saja.,"Rp335 T MBG Menguntungkan Pencari Rente, Bukan Masyarakat",Watchdoc Documentary,2026-05-06T15:06:01Z,negative,AI-assisted semantic labeling
1669,"Stop mbg,
.. stop menjadi pemimpin negara","stop mbg, .. stop menjadi pemimpin negara","Rp335 T MBG Menguntungkan Pencari Rente, Bukan Masyarakat",Watchdoc Documentary,2026-05-06T12:58:47Z,negative,AI-assisted semantic labeling
1670,Uang sita koruptor....kembali dimakan oleh pejabat n keluargax buleeet aeee...,uang sita koruptor..kembali dimakan oleh pejabat n keluargax buleet aee..,"Rp335 T MBG Menguntungkan Pencari Rente, Bukan Masyarakat",Watchdoc Documentary,2026-05-06T12:57:28Z,neutral,AI-assisted semantic labeling
1676,betul kak memang bener sekali 👍👍🙏,betul kak memang bener sekali 👍👍🙏,"Rp335 T MBG Menguntungkan Pencari Rente, Bukan Masyarakat",Watchdoc Documentary,2026-05-06T12:35:36Z,neutral,AI-assisted semantic labeling
1682,"Para pejabat dan para orang"" yang membuat program mbg, kpn waktunya siap"" aja kaliyan mnerima azab yg pedih dari Allah SWT..  nauzubillahi mindzalik","para pejabat dan para orang"" yang membuat program mbg, kpn waktunya siap"" aja kaliyan mnerima azab yg pedih dari allah swt.. nauzubillahi mindzalik","Rp335 T MBG Menguntungkan Pencari Rente, Bukan Masyarakat",Watchdoc Documentary,2026-05-06T12:10:56Z,neutral,AI-assisted semantic labeling
1693,mantap tolak aja MBG,mantap tolak aja mbg,"Rp335 T MBG Menguntungkan Pencari Rente, Bukan Masyarakat",Watchdoc Documentary,2026-05-06T10:39:18Z,neutral,AI-assisted semantic labeling
1698,Ngeri ya,ngeri ya,"Rp335 T MBG Menguntungkan Pencari Rente, Bukan Masyarakat",Watchdoc Documentary,2026-05-06T10:14:24Z,neutral,AI-assisted semantic labeling
1701,Mantaap bapak ini ❤❤❤❤,mantaap bapak ini ❤❤,"Rp335 T MBG Menguntungkan Pencari Rente, Bukan Masyarakat",Watchdoc Documentary,2026-05-06T09:27:58Z,neutral,AI-assisted semantic labeling
1702,Tanda tanda akhir zaman,tanda tanda akhir zaman,"Rp335 T MBG Menguntungkan Pencari Rente, Bukan Masyarakat",Watchdoc Documentary,2026-05-06T09:04:14Z,positive,AI-assisted semantic labeling
1708,Trimks atas pencerahannya.,trimks atas pencerahannya.,"Rp335 T MBG Menguntungkan Pencari Rente, Bukan Masyarakat",Watchdoc Documentary,2026-05-06T07:33:47Z,neutral,AI-assisted semantic labeling
1719,Di bagi uwang langsung ke semua KK di seluruh indonesia  itu lebih manfaat dan meringankan masarakat  mum,di bagi uwang langsung ke semua kk di seluruh indonesia itu lebih manfaat dan meringankan masarakat mum,"Rp335 T MBG Menguntungkan Pencari Rente, Bukan Masyarakat",Watchdoc Documentary,2026-05-06T06:07:43Z,neutral,AI-assisted semantic labeling
1720,Mbg di hentikan saja,mbg di hentikan saja,"Rp335 T MBG Menguntungkan Pencari Rente, Bukan Masyarakat",Watchdoc Documentary,2026-05-06T06:02:11Z,neutral,AI-assisted semantic labeling
1727,"Jadi kita harus gimana, menonton setiap keluhan yang ada disetiap medsos yang belum ada tindakan dari pemerintah, mungkin mereka tidak tahu atau pura2 tidak tahu 😅","jadi kita harus gimana, menonton setiap keluhan yang ada disetiap medsos yang belum ada tindakan dari pemerintah, mungkin mereka tidak tahu atau pura2 tidak tahu 😅","Rp335 T MBG Menguntungkan Pencari Rente, Bukan Masyarakat",Watchdoc Documentary,2026-05-06T04:53:49Z,neutral,AI-assisted semantic labeling
1732,Mantap colok kuping pejabat dg linggis logoka yg joss,mantap colok kuping pejabat dg linggis logoka yg joss,"Rp335 T MBG Menguntungkan Pencari Rente, Bukan Masyarakat",Watchdoc Documentary,2026-05-06T04:18:09Z,neutral,AI-assisted semantic labeling
1744,"Haya oe nga ngerti ti,ini Konoha ko tega amat.","haya oe nga ngerti ti,ini konoha ko tega amat.","Rp335 T MBG Menguntungkan Pencari Rente, Bukan Masyarakat",Watchdoc Documentary,2026-05-06T00:32:06Z,neutral,AI-assisted semantic labeling
1750,"Sllu sj ad korupsi,mka lbih baik ad MBG bs mbuka lpgan kerja","sllu sj ad korupsi,mka lbih baik ad mbg bs mbuka lpgan kerja","Rp335 T MBG Menguntungkan Pencari Rente, Bukan Masyarakat",Watchdoc Documentary,2026-05-05T23:01:46Z,negative,AI-assisted semantic labeling
1780,Mendeng mbangon jalan jalan plosok banyak yang rusak,mendeng mbangon jalan jalan plosok banyak yang rusak,"Rp335 T MBG Menguntungkan Pencari Rente, Bukan Masyarakat",Watchdoc Documentary,2026-05-05T15:50:45Z,neutral,AI-assisted semantic labeling
1787,Program presiden dan wakil nya hanya bikin ladang korupsi semata,program presiden dan wakil nya hanya bikin ladang korupsi semata,"Rp335 T MBG Menguntungkan Pencari Rente, Bukan Masyarakat",Watchdoc Documentary,2026-05-05T14:59:07Z,negative,AI-assisted semantic labeling
1793,Memang inilah anak muda yang cerdas berfikir👍👍👍👍👍,memang inilah anak muda yang cerdas berfikir👍👍,"Rp335 T MBG Menguntungkan Pencari Rente, Bukan Masyarakat",Watchdoc Documentary,2026-05-05T13:57:13Z,neutral,AI-assisted semantic labeling
1797,Satu periode saja cukup,satu periode saja cukup,"Rp335 T MBG Menguntungkan Pencari Rente, Bukan Masyarakat",Watchdoc Documentary,2026-05-05T13:31:53Z,neutral,AI-assisted semantic labeling
1825,Arabian kok punya emas,arabian kok punya emas,Ada lagi lanjutannya ternyaata🗿#shorts ,Rizky Aulia,2026-09-21T05:50:54Z,neutral,AI-assisted semantic labeling
1832,Ketawanya itu lho nular😂😂,ketawanya itu lho nular😂😂,Ada lagi lanjutannya ternyaata🗿#shorts ,Rizky Aulia,2026-09-20T14:59:29Z,neutral,AI-assisted semantic labeling
1841,Itu tebu bukan bambu 😅😅,itu tebu bukan bambu 😅😅,Ada lagi lanjutannya ternyaata🗿#shorts ,Rizky Aulia,2026-09-20T11:10:34Z,neutral,AI-assisted semantic labeling
1846,Bg aku pernah denger yg namanya Alifah kan gak bisa liat itu katanya dia pernah liat pria ganteng ber baju putih muka bersinar habis itu ilang itu Muhammad kah bg?,bg aku pernah denger yg namanya alifah kan gak bisa liat itu katanya dia pernah liat pria ganteng ber baju putih muka bersinar habis itu ilang itu muhammad kah bg?,Ada lagi lanjutannya ternyaata🗿#shorts ,Rizky Aulia,2026-09-20T07:52:04Z,positive,AI-assisted semantic labeling
1862,Prancis rotinya buaya,prancis rotinya buaya,Ada lagi lanjutannya ternyaata🗿#shorts ,Rizky Aulia,2026-09-20T03:48:55Z,neutral,AI-assisted semantic labeling
1865,bang coba Indonesia 🇲🇨🇲🇨🇲🇨🇲🇨,bang coba indonesia 🇲🇨🇲🇨🇲🇨🇲🇨,Ada lagi lanjutannya ternyaata🗿#shorts ,Rizky Aulia,2026-09-20T01:56:16Z,neutral,AI-assisted semantic labeling
1868,Itu tebu,itu tebu,Ada lagi lanjutannya ternyaata🗿#shorts ,Rizky Aulia,2026-09-19T23:59:24Z,neutral,AI-assisted semantic labeling
1869,Buatlah Gue lagi makan kebab cuk,buatlah gue lagi makan kebab cuk,Ada lagi lanjutannya ternyaata🗿#shorts ,Rizky Aulia,2026-09-19T23:55:14Z,neutral,AI-assisted semantic labeling
1872,"Arabian ada yang sedikit ketawa
Makanannya di lidahin terus di kasih ke hewan peliharaan 😭😭",arabian ada yang sedikit ketawa makanannya di lidahin terus di kasih ke hewan peliharaan 😭😭,Ada lagi lanjutannya ternyaata🗿#shorts ,Rizky Aulia,2026-09-19T23:24:51Z,negative,AI-assisted semantic labeling
1874,Itu emas asli atau enggak,itu emas asli atau enggak,Ada lagi lanjutannya ternyaata🗿#shorts ,Rizky Aulia,2026-09-19T15:27:18Z,neutral,AI-assisted semantic labeling
1878,"tebu, bukan bambu","tebu, bukan bambu",Ada lagi lanjutannya ternyaata🗿#shorts ,Rizky Aulia,2026-09-19T14:22:58Z,neutral,AI-assisted semantic labeling
1888,Gak bisa nelen jugkepenuhan pulut nya 😂😂😂,gak bisa nelen jugkepenuhan pulut nya 😂😂,Ada lagi lanjutannya ternyaata🗿#shorts ,Rizky Aulia,2026-09-19T12:40:17Z,neutral,AI-assisted semantic labeling
1912,china tebu bukan pandan,china tebu bukan pandan,Ada lagi lanjutannya ternyaata🗿#shorts ,Rizky Aulia,2026-09-19T05:49:30Z,neutral,AI-assisted semantic labeling
1938,kerang nentah langsung sakit perut😂,kerang nentah langsung sakit perut😂,Ada lagi lanjutannya ternyaata🗿#shorts ,Rizky Aulia,2026-09-18T10:13:01Z,negative,AI-assisted semantic labeling
1939,Pasir biar panas😂😂😂😂,pasir biar panas😂😂,Ada lagi lanjutannya ternyaata🗿#shorts ,Rizky Aulia,2026-09-18T10:01:12Z,neutral,AI-assisted semantic labeling
1941,TANDAIN  LAGI,tandain lagi,Ada lagi lanjutannya ternyaata🗿#shorts ,Rizky Aulia,2026-09-18T09:05:27Z,neutral,AI-assisted semantic labeling
1943,Menghina makanan cina dia bang makanan negaraku bang,menghina makanan cina dia bang makanan negaraku bang,Ada lagi lanjutannya ternyaata🗿#shorts ,Rizky Aulia,2026-09-18T08:40:15Z,neutral,AI-assisted semantic labeling
1970,bambu enak banget aku ada bambu di rumah,bambu enak banget aku ada bambu di rumah,Ada lagi lanjutannya ternyaata🗿#shorts ,Rizky Aulia,2026-09-17T13:51:30Z,neutral,AI-assisted semantic labeling
1976,Rizky Aulia itu bukan bambu tapi tebu,rizky aulia itu bukan bambu tapi tebu,Ada lagi lanjutannya ternyaata🗿#shorts ,Rizky Aulia,2026-09-17T11:35:55Z,neutral,AI-assisted semantic labeling
1994,pelan pelan. bang. pelan. pelan. ya. bang😂😂😂😂😂😂😂😂😂😂😂,pelan pelan. bang. pelan. pelan. ya. bang😂😂,Ada lagi lanjutannya ternyaata🗿#shorts ,Rizky Aulia,2026-09-17T03:32:33Z,neutral,AI-assisted semantic labeling
2011,Kok yang Prancis dasinya kok logo SD,kok yang prancis dasinya kok logo sd,Ada lagi lanjutannya ternyaata🗿#shorts ,Rizky Aulia,2026-09-16T11:10:15Z,neutral,AI-assisted semantic labeling
2012,Kalau aku mau jadi makanan bambunya aku bakalan bawa bambunya pulang soalnya enak Bu segar wangi wangi woi manis manis,kalau aku mau jadi makanan bambunya aku bakalan bawa bambunya pulang soalnya enak bu segar wangi wangi woi manis manis,Ada lagi lanjutannya ternyaata🗿#shorts ,Rizky Aulia,2026-09-16T10:58:47Z,neutral,AI-assisted semantic labeling
2013,Orang nya besok nya masuk rumah sakit,orang nya besok nya masuk rumah sakit,Ada lagi lanjutannya ternyaata🗿#shorts ,Rizky Aulia,2026-09-16T10:41:34Z,negative,AI-assisted semantic labeling
2015,Bagus,bagus,Ada lagi lanjutannya ternyaata🗿#shorts ,Rizky Aulia,2026-09-16T09:43:32Z,neutral,AI-assisted semantic labeling
2029,itu tebu bukan bambu,itu tebu bukan bambu,Ada lagi lanjutannya ternyaata🗿#shorts ,Rizky Aulia,2026-09-16T05:25:45Z,neutral,AI-assisted semantic labeling
2037,enak banget,enak banget,Ada lagi lanjutannya ternyaata🗿#shorts ,Rizky Aulia,2026-09-16T03:18:00Z,neutral,AI-assisted semantic labeling
2046,Itu yg China tebu bukan bambu,itu yg china tebu bukan bambu,Ada lagi lanjutannya ternyaata🗿#shorts ,Rizky Aulia,2026-09-15T20:22:53Z,neutral,AI-assisted semantic labeling
2052,WkWkWk🤣🤣😆,wkwkwk🤣🤣😆,Ada lagi lanjutannya ternyaata🗿#shorts ,Rizky Aulia,2026-09-15T13:24:46Z,neutral,AI-assisted semantic labeling
2061,Wehh TPI yng Arab itu emas asli GK siehh😮😮,wehh tpi yng arab itu emas asli gk siehh😮😮,Ada lagi lanjutannya ternyaata🗿#shorts ,Rizky Aulia,2026-09-15T12:06:10Z,neutral,AI-assisted semantic labeling
2062,sama jir aku juga,sama jir aku juga,Ada lagi lanjutannya ternyaata🗿#shorts ,Rizky Aulia,2026-09-15T11:49:41Z,neutral,AI-assisted semantic labeling
2092,Itu tebu bukan bambu 🙏🏻🙏🏻😅,itu tebu bukan bambu 🙏🏻🙏🏻😅,Ada lagi lanjutannya ternyaata🗿#shorts ,Rizky Aulia,2026-09-14T11:25:38Z,neutral,AI-assisted semantic labeling
2093,😂😂😂😂😅😅😅ryfgjjbm,😂😂😅😅ryfgjjbm,Ada lagi lanjutannya ternyaata🗿#shorts ,Rizky Aulia,2026-09-14T10:37:43Z,neutral,AI-assisted semantic labeling
2098,Tebu itu bang,tebu itu bang,Ada lagi lanjutannya ternyaata🗿#shorts ,Rizky Aulia,2026-09-14T06:22:53Z,neutral,AI-assisted semantic labeling
2102,Jangan muntah bg😂😂😂😂😂😂😂😂,jangan muntah bg😂😂,Ada lagi lanjutannya ternyaata🗿#shorts ,Rizky Aulia,2026-09-14T05:05:02Z,negative,AI-assisted semantic labeling
2107,yang Turki eskrim nya jatuh 😂😂😂,yang turki eskrim nya jatuh 😂😂,Ada lagi lanjutannya ternyaata🗿#shorts ,Rizky Aulia,2026-09-14T04:39:59Z,neutral,AI-assisted semantic labeling
2111,unta😂😂😂😂😂,unta😂😂,Ada lagi lanjutannya ternyaata🗿#shorts ,Rizky Aulia,2026-09-14T03:46:55Z,neutral,AI-assisted semantic labeling
2113,Anjai aku tidak tahu apa pak sarip aku,anjai aku tidak tahu apa pak sarip aku,Ada lagi lanjutannya ternyaata🗿#shorts ,Rizky Aulia,2026-09-13T14:20:48Z,neutral,AI-assisted semantic labeling
2116,bg yang china itu tebu bg😂😂,bg yang china itu tebu bg😂😂,Ada lagi lanjutannya ternyaata🗿#shorts ,Rizky Aulia,2026-09-13T13:19:10Z,neutral,AI-assisted semantic labeling
2118,Diatas ada part 2 dibawah ada part 1 baru juga scroll langsung tertawa,diatas ada part 2 dibawah ada part 1 baru juga scroll langsung tertawa,Ada lagi lanjutannya ternyaata🗿#shorts ,Rizky Aulia,2026-09-13T13:00:16Z,neutral,AI-assisted semantic labeling
2128,itu emas beneran gak sih 🗿,itu emas beneran gak sih 🗿,Ada lagi lanjutannya ternyaata🗿#shorts ,Rizky Aulia,2026-09-13T09:03:56Z,neutral,AI-assisted semantic labeling
2140,Itu bukan bambu tapi itu tebu,itu bukan bambu tapi itu tebu,Ada lagi lanjutannya ternyaata🗿#shorts ,Rizky Aulia,2026-09-13T07:25:51Z,neutral,AI-assisted semantic labeling
2148,Chihna,chihna,Ada lagi lanjutannya ternyaata🗿#shorts ,Rizky Aulia,2026-09-13T06:07:58Z,neutral,AI-assisted semantic labeling
2157,emang sudah gila cok capek mau ketawa 😂😂😂😂😂😂😂,emang sudah gila cok capek mau ketawa 😂😂,Ada lagi lanjutannya ternyaata🗿#shorts ,Rizky Aulia,2026-09-13T03:13:25Z,neutral,AI-assisted semantic labeling
2182,Bentuk biar buaya maksudnya biar buaya,bentuk biar buaya maksudnya biar buaya,Ada lagi lanjutannya ternyaata🗿#shorts ,Rizky Aulia,2026-09-12T13:34:23Z,neutral,AI-assisted semantic labeling
2206,Tebu itu bang bukan bambu,tebu itu bang bukan bambu,Ada lagi lanjutannya ternyaata🗿#shorts ,Rizky Aulia,2026-09-12T07:23:57Z,neutral,AI-assisted semantic labeling
2207,Yang terakhir aku lagi makan lagi😅😅,yang terakhir aku lagi makan lagi😅😅,Ada lagi lanjutannya ternyaata🗿#shorts ,Rizky Aulia,2026-09-12T07:21:47Z,negative,AI-assisted semantic labeling
2210,Itu tebo bang,itu tebo bang,Ada lagi lanjutannya ternyaata🗿#shorts ,Rizky Aulia,2026-09-12T06:49:28Z,neutral,AI-assisted semantic labeling
2211,Tebu bang bukan bambu,tebu bang bukan bambu,Ada lagi lanjutannya ternyaata🗿#shorts ,Rizky Aulia,2026-09-12T05:46:30Z,neutral,AI-assisted semantic labeling
2214,Oy di indo doang yang ada mbg😂😂,oy di indo doang yang ada mbg😂😂,Ada lagi lanjutannya ternyaata🗿#shorts ,Rizky Aulia,2026-09-12T05:27:20Z,negative,AI-assisted semantic labeling
2226,Bang yg makan kerang aku gak suka kerang aku baru mutah loh bang,bang yg makan kerang aku gak suka kerang aku baru mutah loh bang,Ada lagi lanjutannya ternyaata🗿#shorts ,Rizky Aulia,2026-09-12T02:17:34Z,neutral,AI-assisted semantic labeling
2227,Penuh kali mulutnya,penuh kali mulutnya,Ada lagi lanjutannya ternyaata🗿#shorts ,Rizky Aulia,2026-09-12T02:12:27Z,neutral,AI-assisted semantic labeling
2231,bukanya prancis gak boleh pakai tangan,bukanya prancis gak boleh pakai tangan,Ada lagi lanjutannya ternyaata🗿#shorts ,Rizky Aulia,2026-09-12T00:06:14Z,neutral,AI-assisted semantic labeling
2232,Yang ketawa gay,yang ketawa gay,Ada lagi lanjutannya ternyaata🗿#shorts ,Rizky Aulia,2026-09-12T00:03:56Z,neutral,AI-assisted semantic labeling
2251,Bambu nya tu bg itu tebu bg,bambu nya tu bg itu tebu bg,Ada lagi lanjutannya ternyaata🗿#shorts ,Rizky Aulia,2026-09-11T09:32:38Z,neutral,AI-assisted semantic labeling
2253,China tebu bang bukan bambu,china tebu bang bukan bambu,Ada lagi lanjutannya ternyaata🗿#shorts ,Rizky Aulia,2026-09-11T07:21:05Z,neutral,AI-assisted semantic labeling
2258,Itu kenapa yang china pake topi upacara atau topi sekolah,itu kenapa yang china pake topi upacara atau topi sekolah,Ada lagi lanjutannya ternyaata🗿#shorts ,Rizky Aulia,2026-09-11T04:13:28Z,neutral,AI-assisted semantic labeling
2259,Bukan bambu tapi tebu,bukan bambu tapi tebu,Ada lagi lanjutannya ternyaata🗿#shorts ,Rizky Aulia,2026-09-11T03:11:06Z,neutral,AI-assisted semantic labeling
2283,Arabian pakai air zamzam 😂😂😂😂😂😂,arabian pakai air zamzam 😂😂,Ada lagi lanjutannya ternyaata🗿#shorts ,Rizky Aulia,2026-09-10T10:09:18Z,neutral,AI-assisted semantic labeling
2287,Itu Tebu njiiir bukan Bambu 😑 Gak Espek Aku,itu tebu njiir bukan bambu 😑 gak espek aku,Ada lagi lanjutannya ternyaata🗿#shorts ,Rizky Aulia,2026-09-10T09:46:57Z,neutral,AI-assisted semantic labeling
2288,Siluman cita,siluman cita,Ada lagi lanjutannya ternyaata🗿#shorts ,Rizky Aulia,2026-09-10T09:39:06Z,neutral,AI-assisted semantic labeling
2295,Pransis nyA dasinya sd anjir,pransis nya dasinya sd anjir,Ada lagi lanjutannya ternyaata🗿#shorts ,Rizky Aulia,2026-09-10T08:11:01Z,neutral,AI-assisted semantic labeling
2297,Itu tebu bukan bambu,itu tebu bukan bambu,Ada lagi lanjutannya ternyaata🗿#shorts ,Rizky Aulia,2026-09-10T07:24:29Z,neutral,AI-assisted semantic labeling
2315,Aku lagi makan lohh🤣🤣🤣🤣🤣🤣🤣,aku lagi makan lohh🤣🤣,Ada lagi lanjutannya ternyaata🗿#shorts ,Rizky Aulia,2026-09-09T15:19:37Z,negative,AI-assisted semantic labeling
2316,Tebu kok malah jadi bambu 🙄🗿,tebu kok malah jadi bambu 🙄🗿,Ada lagi lanjutannya ternyaata🗿#shorts ,Rizky Aulia,2026-09-09T15:18:34Z,neutral,AI-assisted semantic labeling
2318,China pelan pelan aja makan bakpawnya,china pelan pelan aja makan bakpawnya,Ada lagi lanjutannya ternyaata🗿#shorts ,Rizky Aulia,2026-09-09T14:18:57Z,neutral,AI-assisted semantic labeling
2336,Tabu itu bang bukan bambu,tabu itu bang bukan bambu,Ada lagi lanjutannya ternyaata🗿#shorts ,Rizky Aulia,2026-09-09T12:20:11Z,neutral,AI-assisted semantic labeling
2339,Emas asli kah,emas asli kah,Ada lagi lanjutannya ternyaata🗿#shorts ,Rizky Aulia,2026-09-09T11:56:57Z,neutral,AI-assisted semantic labeling
2340,Itutbu❤,itutbu❤,Ada lagi lanjutannya ternyaata🗿#shorts ,Rizky Aulia,2026-09-09T11:54:12Z,neutral,AI-assisted semantic labeling
2343,Ketawa nular,ketawa nular,Ada lagi lanjutannya ternyaata🗿#shorts ,Rizky Aulia,2026-09-09T11:31:52Z,neutral,AI-assisted semantic labeling
2345,", ppppppppppppppppppppppppp😂😂😂😂😂😂😂😂😂😂😂😂

Asep",", pp😂😂 asep",Ada lagi lanjutannya ternyaata🗿#shorts ,Rizky Aulia,2026-09-09T11:22:14Z,neutral,AI-assisted semantic labeling
2346,Yang ke tiga kaya kayak 🐊cok😂😂😂😂😂😂,yang ke tiga kaya kayak 🐊cok😂😂,Ada lagi lanjutannya ternyaata🗿#shorts ,Rizky Aulia,2026-09-09T11:09:08Z,neutral,AI-assisted semantic labeling
2361,Btw. itu. Ayam  ya. gosong  yang. Terahir,btw. itu. ayam ya. gosong yang. terahir,Ada lagi lanjutannya ternyaata🗿#shorts ,Rizky Aulia,2026-09-09T08:07:15Z,neutral,AI-assisted semantic labeling
2374,Rizkiawliaa itu tebu,rizkiawliaa itu tebu,Ada lagi lanjutannya ternyaata🗿#shorts ,Rizky Aulia,2026-09-09T03:42:27Z,neutral,AI-assisted semantic labeling
2378,Prancis makan nya roti buaya,prancis makan nya roti buaya,Ada lagi lanjutannya ternyaata🗿#shorts ,Rizky Aulia,2026-09-09T02:39:03Z,neutral,AI-assisted semantic labeling
2386,Itu tadi bukan bambu itu namanya namanya tebu😂😂😂😂😂😂😂😂😂😂😂😂,itu tadi bukan bambu itu namanya namanya tebu😂😂,Ada lagi lanjutannya ternyaata🗿#shorts ,Rizky Aulia,2026-09-08T22:58:05Z,positive,AI-assisted semantic labeling
2392,Berlebihan bro🗿,berlebihan bro🗿,Ada lagi lanjutannya ternyaata🗿#shorts ,Rizky Aulia,2026-09-08T15:09:06Z,neutral,AI-assisted semantic labeling
2393,Bener kata mama kalo makan jangan sambil nonton hp🗿,bener kata mama kalo makan jangan sambil nonton hp🗿,Ada lagi lanjutannya ternyaata🗿#shorts ,Rizky Aulia,2026-09-08T15:01:31Z,neutral,AI-assisted semantic labeling
2395,Btw itu tebu bukan bambu,btw itu tebu bukan bambu,Ada lagi lanjutannya ternyaata🗿#shorts ,Rizky Aulia,2026-09-08T14:18:36Z,neutral,AI-assisted semantic labeling
2417,Bagasadar  topi  yq,bagasadar topi yq,Ada lagi lanjutannya ternyaata🗿#shorts ,Rizky Aulia,2026-09-08T11:19:39Z,neutral,AI-assisted semantic labeling
2427,Bikin gua ngakak anjing 😆😆😆😆😆😆😆😆😆😆😆😆😆,bikin gua ngakak anjing 😆😆,Ada lagi lanjutannya ternyaata🗿#shorts ,Rizky Aulia,2026-09-08T09:28:28Z,neutral,AI-assisted semantic labeling
2432,Itu tebuh bang 😂,itu tebuh bang 😂,Ada lagi lanjutannya ternyaata🗿#shorts ,Rizky Aulia,2026-09-08T07:27:52Z,neutral,AI-assisted semantic labeling
2433,Rotinya biawak,rotinya biawak,Ada lagi lanjutannya ternyaata🗿#shorts ,Rizky Aulia,2026-09-08T07:16:21Z,neutral,AI-assisted semantic labeling
2445,Itu bukan bambu itu  tebu,itu bukan bambu itu tebu,Ada lagi lanjutannya ternyaata🗿#shorts ,Rizky Aulia,2026-09-08T04:04:38Z,neutral,AI-assisted semantic labeling
2455,Bg mokanya mirip bahlili ya🗿🤨🧐,bg mokanya mirip bahlili ya🗿🤨🧐,Ada lagi lanjutannya ternyaata🗿#shorts ,Rizky Aulia,2026-09-07T15:28:06Z,neutral,AI-assisted semantic labeling
2461,Di jilat am am arabian lawuk jirr di jilat di makan nyam nyam pas udah selesai pasti makan permen tuh chita supaya gak bau😂😂😂😂,di jilat am am arabian lawuk jirr di jilat di makan nyam nyam pas udah selesai pasti makan permen tuh chita supaya gak bau😂😂,Ada lagi lanjutannya ternyaata🗿#shorts ,Rizky Aulia,2026-09-07T12:41:15Z,negative,AI-assisted semantic labeling
2468,AWKKAKAKWKAAKOWKA,awkkakakwkaakowka,Ada lagi lanjutannya ternyaata🗿#shorts ,Rizky Aulia,2026-09-07T11:59:38Z,neutral,AI-assisted semantic labeling
2471,", 
┈┈┈┈┈┈ⒽⒺⓁⓁⓄ┈┈┈┈┈
╭━━╮┈┈┈╭━━╮┈┈┈┈┈
┃╭╮┣━━━┫╭╮┃┈╭┳┳╮
╰━┳╯▆┈▆╰┳━╯┈┃┃┃┃
┈┈┃┓┈◯┈┏┃┈┈╭┫┗┗┃
┈┈┃╰┳┳┳╯┃┈┈┃┃╭━┃
╭━┻╮┗┻┛╭┻━╮╰┳━┳╯
┃┈┈╰━━━╯┈┈╰━┛┈┃┈
@FacemojiKeyboard 
ꃋᴖꃋ •́︿•̀ •̩̩̩̩ᯅ•̩̩̩  ಥ_ಥ 
˃̣̣̣̣̣̣︿˂̣̣̣̣̣̣ ˶o̴̶̷᷄‸o̴̶̷̥᷅˶ ՞߹ - ߹՞ 
꒰ ⸝⸝ɵ̷̥̥᷅𖤋ɵ̷̥̥᷄⸝⸝ ꒱(ಥ﹏ಥ)(ᗒᗣᗕ)՞
@Facemoji Keyboard 
☁️     ☁ 🛸
☁ 🪂 ✈ ☁ ☁
🏢__🏨_🏢🏬_🌴_🏠🏡🏠__🏥🏫__
 🌲  /🚖🚔 \🌲🌴🌳🌲
🌴  / 🚘  🚖 \🌳🌲🌲🌳
🚦 / 🚔🚘 🚔\ ︎🚏🌲
@FacemojiKeyboard 
╭╮╮╱▔▔▔▔╲╭╭╮
 ╰╲╲▏▂╲╱▂▕╱╱╯
 ┈┈╲▏▇▏▕▇▕╱┈┈
 ┈┈╱╲▔▕▍▔╱╲┈┈
 ╭╱╱ ▕╋╋╋╋▏╲╲╮
 ╰╯╯┈╲▂▂╱┈╰╰
@FacemojiKeyboard 
　 ˚꒰ ꒰facemoji ˚ˑ 𓆡 ͎·˚
︶︶︶︶︶︶︶︶︶༉‧₊˚.
┊┊┊┊ ➶ 𓆉｡˚ ✧
┊┊┊✧ ⁺　⁺ °
┊┊ .𓆟 ͎. ｡˚ °
┊┊ 𝕥𝕖𝕩𝕥
┊. ➶ ｡˚
@Facemojikeyboard 
⬜⬜⬜🏽⬜⬜⬜🏽
⬜⬜⬜🏽🟫🟫🟫🏽
⬜⬜⬜🟫⬛🏻⬛🟫
🟫⬜⬜🟫❤🏻❤🟫
⬜🟫🟫🟫🟫🟫🟫⬜
⬜🟫🟫🟫🟫🟧⬜⬜
⬜🟫🟫🟫🟧🟧⬜⬜
⬜🟫⬜🟫⬜🟫⬜⬜
       🅻🅰🅵🆄🅵🆄
@FacemojiKeyboard",", ┈┈hello┈┈ ╭━━╮┈┈╭━━╮┈┈ ┃╭╮┣━━┫╭╮┃┈╭┳┳╮ ╰━┳╯▆┈▆╰┳━╯┈┃┃ ┈┈┃┓┈◯┈┏┃┈┈╭┫┗┗┃ ┈┈┃╰┳┳╯┃┈┈┃┃╭━┃ ╭━┻╮┗┻┛╭┻━╮╰┳━┳╯ ┃┈┈╰━━╯┈┈╰━┛┈┃┈ ꃋᴖꃋ •́〈•̀ •̩̩ᯅ•̩̩ ಥ_ಥ ˃̣̣〈˂̣̣ ˶o̴̶̷᷄‸o̴̶̷̥᷅˶ ՞߹ - ߹՞ ꒰ ⸝⸝ɵ̷̥̥᷅𖤋ɵ̷̥̥᷄⸝⸝ ꒱(ಥ_ಥ)(ᗒᗣᗕ)՞ keyboard ☁️ ☁ 🛸 ☁ 🪂 ✈ ☁ ☁ 🏢__🏨_🏢🏬_🌴_🏠🏡🏠__🏥🏫__ 🌲 /🚖🚔 \🌲🌴🌳🌲 🌴 / 🚘 🚖 \🌳🌲🌲🌳 🚦 / 🚔🚘 🚔\ ︎🚏🌲 ╭╮╮╱▔▔╲╭╭╮ ╰╲╲▏▂╲╱▂▕╱╱╯ ┈┈╲▏▇▏▕▇▕╱┈┈ ┈┈╱╲▔▕▍▔╱╲┈┈ ╭╱╱ ▕╋╋▏╲╲╮ ╰╯╯┈╲▂▂╱┈╰╰ ̊꒰ ꒰facemoji ̊ˑ 𓆡 ͎· ̊ ))༉‧+ ̊. ┊┊ ➶ 𓆉。 ̊ ✧ ┊┊✧ + + ° ┊┊ .𓆟 ͎. 。 ̊ ° ┊┊ text ┊. ➶ 。 ̊ ⬜⬜🏽⬜⬜🏽 ⬜⬜🏽🟫🟫🏽 ⬜⬜🟫⬛🏻⬛🟫 🟫⬜⬜🟫❤🏻❤🟫 ⬜🟫🟫⬜ ⬜🟫🟫🟧⬜⬜ ⬜🟫🟫🟧🟧⬜⬜ ⬜🟫⬜🟫⬜🟫⬜⬜ 🅻🅰🅵🆄🅵🆄",Ada lagi lanjutannya ternyaata🗿#shorts ,Rizky Aulia,2026-09-07T10:11:03Z,neutral,AI-assisted semantic labeling
2472,Itu bukan bambu tapi tebu,itu bukan bambu tapi tebu,Ada lagi lanjutannya ternyaata🗿#shorts ,Rizky Aulia,2026-09-07T09:28:02Z,neutral,AI-assisted semantic labeling
2474,Astaga 😂😂,astaga 😂😂,Ada lagi lanjutannya ternyaata🗿#shorts ,Rizky Aulia,2026-09-07T08:56:28Z,neutral,AI-assisted semantic labeling
2477,Gua China Cok ini ngejek atau ap,gua china cok ini ngejek atau ap,Ada lagi lanjutannya ternyaata🗿#shorts ,Rizky Aulia,2026-09-07T08:10:10Z,neutral,AI-assisted semantic labeling
2486,China paling ngakak 😂😂😂😭😭😭,china paling ngakak 😂😂😭😭,Ada lagi lanjutannya ternyaata🗿#shorts ,Rizky Aulia,2026-09-07T05:18:23Z,neutral,AI-assisted semantic labeling
2493,jir ko bisa ad emas kaya nya asli tuh,jir ko bisa ad emas kaya nya asli tuh,Ada lagi lanjutannya ternyaata🗿#shorts ,Rizky Aulia,2026-09-07T04:00:02Z,neutral,AI-assisted semantic labeling
2494,Lucu😂🤣🤤😋,lucu😂🤣🤤😋,Ada lagi lanjutannya ternyaata🗿#shorts ,Rizky Aulia,2026-09-07T03:58:22Z,neutral,AI-assisted semantic labeling
2496,tebu bang,tebu bang,Ada lagi lanjutannya ternyaata🗿#shorts ,Rizky Aulia,2026-09-07T03:47:35Z,neutral,AI-assisted semantic labeling
2506,ga enak bgt ketawa malem²,ga enak bgt ketawa malem2,Ada lagi lanjutannya ternyaata🗿#shorts ,Rizky Aulia,2026-09-06T15:52:43Z,neutral,AI-assisted semantic labeling
2512,Itu tebu bang,itu tebu bang,Ada lagi lanjutannya ternyaata🗿#shorts ,Rizky Aulia,2026-09-06T13:48:12Z,neutral,AI-assisted semantic labeling
2514,Bang itu bukan bambu tapi tebu,bang itu bukan bambu tapi tebu,Ada lagi lanjutannya ternyaata🗿#shorts ,Rizky Aulia,2026-09-06T13:24:31Z,neutral,AI-assisted semantic labeling
2517,Konten niru ga ada ide Laen apa,konten niru ga ada ide laen apa,Ada lagi lanjutannya ternyaata🗿#shorts ,Rizky Aulia,2026-09-06T13:03:24Z,neutral,AI-assisted semantic labeling
2534,itu tebung bang,itu tebung bang,Ada lagi lanjutannya ternyaata🗿#shorts ,Rizky Aulia,2026-09-06T06:53:38Z,neutral,AI-assisted semantic labeling
2538,Ngakak cok bukan ny MBG ada ny di indo doank y???,ngakak cok bukan ny mbg ada ny di indo doank y??,Ada lagi lanjutannya ternyaata🗿#shorts ,Rizky Aulia,2026-09-06T05:27:04Z,neutral,AI-assisted semantic labeling
2539,Jadi tidak nafsu makan,jadi tidak nafsu makan,Ada lagi lanjutannya ternyaata🗿#shorts ,Rizky Aulia,2026-09-06T05:08:37Z,neutral,AI-assisted semantic labeling
2547,Arabian citahnya terpaksa,arabian citahnya terpaksa,Ada lagi lanjutannya ternyaata🗿#shorts ,Rizky Aulia,2026-09-06T03:24:57Z,neutral,AI-assisted semantic labeling
2581,yang China bukan makan bambu tapi tebu.,yang china bukan makan bambu tapi tebu.,Ada lagi lanjutannya ternyaata🗿#shorts ,Rizky Aulia,2026-09-05T00:48:08Z,neutral,AI-assisted semantic labeling
2586,itu tebu bang bukan bambu,itu tebu bang bukan bambu,Ada lagi lanjutannya ternyaata🗿#shorts ,Rizky Aulia,2026-09-04T13:33:31Z,neutral,AI-assisted semantic labeling
2594,Aneh sampai muntah-muntah,aneh sampai muntah-muntah,Ada lagi lanjutannya ternyaata🗿#shorts ,Rizky Aulia,2026-09-04T09:13:10Z,negative,AI-assisted semantic labeling
2603,Yg arabian palong kocak😂😂😂,yg arabian palong kocak😂😂,Ada lagi lanjutannya ternyaata🗿#shorts ,Rizky Aulia,2026-09-04T06:20:13Z,neutral,AI-assisted semantic labeling
2610,Jabigakmut bangget😅😢,jabigakmut bangget😅😢,Ada lagi lanjutannya ternyaata🗿#shorts ,Rizky Aulia,2026-09-04T03:05:40Z,neutral,AI-assisted semantic labeling
2612,Jujur ketawanya bang Rizki bikin candu😭😭,jujur ketawanya bang rizki bikin candu😭😭,Ada lagi lanjutannya ternyaata🗿#shorts ,Rizky Aulia,2026-09-04T02:27:11Z,neutral,AI-assisted semantic labeling
2621,Salfok sama dasi SD turki dan Prancis 😂😂😂,salfok sama dasi sd turki dan prancis 😂😂,Ada lagi lanjutannya ternyaata🗿#shorts ,Rizky Aulia,2026-09-03T13:53:11Z,neutral,AI-assisted semantic labeling
2631,Aduh aduh buahaha😂😂😂😂😂😂😂😂sakit gigi ente ni sudah sudah buahahahaha😂 😂😂😂😂😂😂😂😂😂😂😂😂😂🥲🥲🥲😭😭😭😭😭😭😭😭😭😭😭😭,aduh aduh buahaha😂😂sakit gigi ente ni sudah sudah buahahahaha😂 😂😂🥲🥲😭😭,Ada lagi lanjutannya ternyaata🗿#shorts ,Rizky Aulia,2026-09-03T10:09:36Z,negative,AI-assisted semantic labeling
2632,Aduh aduh buahaha😂😂😂😂😂😂😂😂sakit gigi ente ni sudah sudah buahahahaha😂 😂😂😂😂😂😂😂😂😂😂😂😂😂🥲🥲🥲😭😭😭😭😭😭😭😭😭😭😭😭,aduh aduh buahaha😂😂sakit gigi ente ni sudah sudah buahahahaha😂 😂😂🥲🥲😭😭,Ada lagi lanjutannya ternyaata🗿#shorts ,Rizky Aulia,2026-09-03T10:09:30Z,negative,AI-assisted semantic labeling
2646,Tebu itu bang,tebu itu bang,Ada lagi lanjutannya ternyaata🗿#shorts ,Rizky Aulia,2026-09-03T05:54:26Z,neutral,AI-assisted semantic labeling
2653,Itu tebu bukan bambu 😅,itu tebu bukan bambu 😅,Ada lagi lanjutannya ternyaata🗿#shorts ,Rizky Aulia,2026-09-03T03:00:18Z,neutral,AI-assisted semantic labeling
2654,Iya lagi arabian lucu banget 🤣🤣🤣,iya lagi arabian lucu banget 🤣🤣,Ada lagi lanjutannya ternyaata🗿#shorts ,Rizky Aulia,2026-09-03T02:39:22Z,neutral,AI-assisted semantic labeling
2660,Itu tebu bang,itu tebu bang,Ada lagi lanjutannya ternyaata🗿#shorts ,Rizky Aulia,2026-09-02T15:23:56Z,neutral,AI-assisted semantic labeling
2681,bang jangat liat bang jangan,bang jangat liat bang jangan,Ada lagi lanjutannya ternyaata🗿#shorts ,Rizky Aulia,2026-09-02T11:16:45Z,neutral,AI-assisted semantic labeling
2698,tebu bukn bambu,tebu bukn bambu,Ada lagi lanjutannya ternyaata🗿#shorts ,Rizky Aulia,2026-09-01T22:31:22Z,neutral,AI-assisted semantic labeling
2713,"Bosen dan trauma lihar pemimpin satu ini neeg banget liat ""SAYA DAPAT LAPORAN ""","bosen dan trauma lihar pemimpin satu ini neeg banget liat ""saya dapat laporan """,BAHAYA⁉️ ANGGARAN APBN TEKOR GARA2 MBG🤔 PRABOWO MALAH KLAIM INDONESIA LEBIH BAIK DARI JEPANG&amp;EROPA😱,JEJAK POLITIK,2026-09-14T22:02:35Z,neutral,AI-assisted semantic labeling
2726,Prabowo dan Gerombolan dan Komplotannya TIDAK MAU MENDENGAR KELUHAN RAKYATNYA.,prabowo dan gerombolan dan komplotannya tidak mau mendengar keluhan rakyatnya.,BAHAYA⁉️ ANGGARAN APBN TEKOR GARA2 MBG🤔 PRABOWO MALAH KLAIM INDONESIA LEBIH BAIK DARI JEPANG&amp;EROPA😱,JEJAK POLITIK,2026-09-14T04:36:34Z,negative,AI-assisted semantic labeling
2733,😮....Aasuuuu........asu,😮..aasuu..asu,BAHAYA⁉️ ANGGARAN APBN TEKOR GARA2 MBG🤔 PRABOWO MALAH KLAIM INDONESIA LEBIH BAIK DARI JEPANG&amp;EROPA😱,JEJAK POLITIK,2026-09-13T23:34:30Z,neutral,AI-assisted semantic labeling
2742,"Presiden kagak becus mimpin, blok","presiden kagak becus mimpin, blok",BAHAYA⁉️ ANGGARAN APBN TEKOR GARA2 MBG🤔 PRABOWO MALAH KLAIM INDONESIA LEBIH BAIK DARI JEPANG&amp;EROPA😱,JEJAK POLITIK,2026-09-13T13:35:43Z,neutral,AI-assisted semantic labeling
2757,❤ WOOOOONG UEDAAAAN SUPEEER GILAAAA WO2 PRA  WOOO2,❤ woong uedaan supeer gilaa wo2 pra woo2,BAHAYA⁉️ ANGGARAN APBN TEKOR GARA2 MBG🤔 PRABOWO MALAH KLAIM INDONESIA LEBIH BAIK DARI JEPANG&amp;EROPA😱,JEJAK POLITIK,2026-09-13T04:45:58Z,neutral,AI-assisted semantic labeling
2762,Tambah tu bodok  prabowo,tambah tu bodok prabowo,BAHAYA⁉️ ANGGARAN APBN TEKOR GARA2 MBG🤔 PRABOWO MALAH KLAIM INDONESIA LEBIH BAIK DARI JEPANG&amp;EROPA😱,JEJAK POLITIK,2026-09-13T01:55:49Z,neutral,AI-assisted semantic labeling
2766,uang nya kemana aja ya,uang nya kemana aja ya,BAHAYA⁉️ ANGGARAN APBN TEKOR GARA2 MBG🤔 PRABOWO MALAH KLAIM INDONESIA LEBIH BAIK DARI JEPANG&amp;EROPA😱,JEJAK POLITIK,2026-09-12T23:05:37Z,neutral,AI-assisted semantic labeling
2769,Koplak parah,koplak parah,BAHAYA⁉️ ANGGARAN APBN TEKOR GARA2 MBG🤔 PRABOWO MALAH KLAIM INDONESIA LEBIH BAIK DARI JEPANG&amp;EROPA😱,JEJAK POLITIK,2026-09-12T14:42:21Z,neutral,AI-assisted semantic labeling
2770,Nih presiden koq yg di benak nya cuma MBG dan kopdes doang,nih presiden koq yg di benak nya cuma mbg dan kopdes doang,BAHAYA⁉️ ANGGARAN APBN TEKOR GARA2 MBG🤔 PRABOWO MALAH KLAIM INDONESIA LEBIH BAIK DARI JEPANG&amp;EROPA😱,JEJAK POLITIK,2026-09-12T14:16:22Z,neutral,AI-assisted semantic labeling
2773,Rusakl indonesia,rusakl indonesia,BAHAYA⁉️ ANGGARAN APBN TEKOR GARA2 MBG🤔 PRABOWO MALAH KLAIM INDONESIA LEBIH BAIK DARI JEPANG&amp;EROPA😱,JEJAK POLITIK,2026-09-12T10:14:28Z,neutral,AI-assisted semantic labeling
2779,Presiden maling berkedok giji ...ente wo....👎,presiden maling berkedok giji ..ente wo..👎,BAHAYA⁉️ ANGGARAN APBN TEKOR GARA2 MBG🤔 PRABOWO MALAH KLAIM INDONESIA LEBIH BAIK DARI JEPANG&amp;EROPA😱,JEJAK POLITIK,2026-09-12T03:35:30Z,neutral,AI-assisted semantic labeling
2789,"Salahnya rakyat sendiri yg goblok"" sdh tahu orang segoblok prabowo itu kok dipilih jdi presiden ya begitulah hasilnya tak lama lgi negara ini bakal hilang untuk bayar hutang gara"" presidenya yg sangat"" goblok bngt","salahnya rakyat sendiri yg goblok"" sdh tahu orang segoblok prabowo itu kok dipilih jdi presiden ya begitulah hasilnya tak lama lgi negara ini bakal hilang untuk bayar hutang gara"" presidenya yg sangat"" goblok bngt",BAHAYA⁉️ ANGGARAN APBN TEKOR GARA2 MBG🤔 PRABOWO MALAH KLAIM INDONESIA LEBIH BAIK DARI JEPANG&amp;EROPA😱,JEJAK POLITIK,2026-09-11T06:16:12Z,negative,AI-assisted semantic labeling
2791,pajak kita masyarakat Ind utk memperkaya proyek MBG,pajak kita masyarakat ind utk memperkaya proyek mbg,BAHAYA⁉️ ANGGARAN APBN TEKOR GARA2 MBG🤔 PRABOWO MALAH KLAIM INDONESIA LEBIH BAIK DARI JEPANG&amp;EROPA😱,JEJAK POLITIK,2026-09-11T03:50:21Z,neutral,AI-assisted semantic labeling
2799,Presiden gilaaaaaaaaa,presiden gilaa,BAHAYA⁉️ ANGGARAN APBN TEKOR GARA2 MBG🤔 PRABOWO MALAH KLAIM INDONESIA LEBIH BAIK DARI JEPANG&amp;EROPA😱,JEJAK POLITIK,2026-09-10T21:51:00Z,neutral,AI-assisted semantic labeling
2810,"presiden cuman kerjanya terima laporan trs pidato, turun aja deh ganti sama orang yg bisa kerja","presiden cuman kerjanya terima laporan trs pidato, turun aja deh ganti sama orang yg bisa kerja",BAHAYA⁉️ ANGGARAN APBN TEKOR GARA2 MBG🤔 PRABOWO MALAH KLAIM INDONESIA LEBIH BAIK DARI JEPANG&amp;EROPA😱,JEJAK POLITIK,2026-09-10T07:56:13Z,neutral,AI-assisted semantic labeling
2839,"Bubarkan saja MBG.
Menghabiskan uang aja.macam apa mengadakan MBG.ngk jlas.memang ngk makan kalau ngk ada MBG.heran deh gue",bubarkan saja mbg. menghabiskan uang aja.macam apa mengadakan mbg.ngk jlas.memang ngk makan kalau ngk ada mbg.heran deh gue,BAHAYA⁉️ ANGGARAN APBN TEKOR GARA2 MBG🤔 PRABOWO MALAH KLAIM INDONESIA LEBIH BAIK DARI JEPANG&amp;EROPA😱,JEJAK POLITIK,2026-09-09T14:49:14Z,neutral,AI-assisted semantic labeling
2842,"Coblong iki asal nggedabruuuss doang !!!
Parraaaaaahhh...
Jangan dipilih lagi !!!!!",coblong iki asal nggedabruuss doang !! parraahh.. jangan dipilih lagi !!,BAHAYA⁉️ ANGGARAN APBN TEKOR GARA2 MBG🤔 PRABOWO MALAH KLAIM INDONESIA LEBIH BAIK DARI JEPANG&amp;EROPA😱,JEJAK POLITIK,2026-09-09T14:16:59Z,neutral,AI-assisted semantic labeling
2861,Presiden guoblock....,presiden guoblock..,BAHAYA⁉️ ANGGARAN APBN TEKOR GARA2 MBG🤔 PRABOWO MALAH KLAIM INDONESIA LEBIH BAIK DARI JEPANG&amp;EROPA😱,JEJAK POLITIK,2026-09-09T07:31:21Z,neutral,AI-assisted semantic labeling
2871,Pak Jokowi aja SDH meninggalkan hutan ribuan triliun .apakah skrg msh akan hutang terus.teruskan mbg nya yg bikin keracunan.,pak jokowi aja sdh meninggalkan hutan ribuan triliun .apakah skrg msh akan hutang terus.teruskan mbg nya yg bikin keracunan.,BAHAYA⁉️ ANGGARAN APBN TEKOR GARA2 MBG🤔 PRABOWO MALAH KLAIM INDONESIA LEBIH BAIK DARI JEPANG&amp;EROPA😱,JEJAK POLITIK,2026-09-09T04:44:36Z,negative,AI-assisted semantic labeling
2877,Dikit dikit saya dapet laporan 😂 presiden terkonyol,dikit dikit saya dapet laporan 😂 presiden terkonyol,BAHAYA⁉️ ANGGARAN APBN TEKOR GARA2 MBG🤔 PRABOWO MALAH KLAIM INDONESIA LEBIH BAIK DARI JEPANG&amp;EROPA😱,JEJAK POLITIK,2026-09-09T04:10:11Z,neutral,AI-assisted semantic labeling
2901,Bagaimana orang idiot ini bisa jadi presiden? Karena kelicikan atau karna bangsa ini sakit mental,bagaimana orang idiot ini bisa jadi presiden? karena kelicikan atau karna bangsa ini sakit mental,BAHAYA⁉️ ANGGARAN APBN TEKOR GARA2 MBG🤔 PRABOWO MALAH KLAIM INDONESIA LEBIH BAIK DARI JEPANG&amp;EROPA😱,JEJAK POLITIK,2026-09-08T23:27:27Z,negative,AI-assisted semantic labeling
2902,Mirip Donald Trump Prabowo ya...?bnyk omonk kerja mana?,mirip donald trump prabowo ya..?bnyk omonk kerja mana?,BAHAYA⁉️ ANGGARAN APBN TEKOR GARA2 MBG🤔 PRABOWO MALAH KLAIM INDONESIA LEBIH BAIK DARI JEPANG&amp;EROPA😱,JEJAK POLITIK,2026-09-08T23:25:54Z,neutral,AI-assisted semantic labeling
2911,Gara gara MBG Indonesia akan Miskin bilamana Pemerintah ga benahi ekonominya itu Pak Wowo,gara gara mbg indonesia akan miskin bilamana pemerintah ga benahi ekonominya itu pak wowo,BAHAYA⁉️ ANGGARAN APBN TEKOR GARA2 MBG🤔 PRABOWO MALAH KLAIM INDONESIA LEBIH BAIK DARI JEPANG&amp;EROPA😱,JEJAK POLITIK,2026-09-08T20:21:35Z,positive,AI-assisted semantic labeling
2912,Semakin jijik kau bukan pemimpin kau orang bodoh sendiri bisa dengar pakar pasti selamat ini lebih dari badut menjijikan kan,semakin jijik kau bukan pemimpin kau orang bodoh sendiri bisa dengar pakar pasti selamat ini lebih dari badut menjijikan kan,BAHAYA⁉️ ANGGARAN APBN TEKOR GARA2 MBG🤔 PRABOWO MALAH KLAIM INDONESIA LEBIH BAIK DARI JEPANG&amp;EROPA😱,JEJAK POLITIK,2026-09-08T19:42:28Z,negative,AI-assisted semantic labeling
2924,Stop MBG dan KDMP,stop mbg dan kdmp,BAHAYA⁉️ ANGGARAN APBN TEKOR GARA2 MBG🤔 PRABOWO MALAH KLAIM INDONESIA LEBIH BAIK DARI JEPANG&amp;EROPA😱,JEJAK POLITIK,2026-09-08T14:37:59Z,negative,AI-assisted semantic labeling
2938,"Tolong 
Tolong 
Tolong 
Saya diusir dari rumah kontrakan",tolong tolong tolong saya diusir dari rumah kontrakan,BAHAYA⁉️ ANGGARAN APBN TEKOR GARA2 MBG🤔 PRABOWO MALAH KLAIM INDONESIA LEBIH BAIK DARI JEPANG&amp;EROPA😱,JEJAK POLITIK,2026-09-08T08:57:07Z,neutral,AI-assisted semantic labeling
2950,"Stop,stop stop....","stop,stop stop..",BAHAYA⁉️ ANGGARAN APBN TEKOR GARA2 MBG🤔 PRABOWO MALAH KLAIM INDONESIA LEBIH BAIK DARI JEPANG&amp;EROPA😱,JEJAK POLITIK,2026-09-08T03:23:30Z,neutral,AI-assisted semantic labeling
2952,Negara kita negara kaya.tapi negara ini bakal bangkrut......dibuat presdent kita yg bodoh..berhitung.aja kalh ama anak tk masak..10+2=13.....hhhhhhhh,negara kita negara kaya.tapi negara ini bakal bangkrut..dibuat presdent kita yg bodoh..berhitung.aja kalh ama anak tk masak..10+2=13..hh,BAHAYA⁉️ ANGGARAN APBN TEKOR GARA2 MBG🤔 PRABOWO MALAH KLAIM INDONESIA LEBIH BAIK DARI JEPANG&amp;EROPA😱,JEJAK POLITIK,2026-09-08T02:57:27Z,negative,AI-assisted semantic labeling
2962,Stop program yg JD sarang tikus22 SPT MBG dan kopdes,stop program yg jd sarang tikus22 spt mbg dan kopdes,BAHAYA⁉️ ANGGARAN APBN TEKOR GARA2 MBG🤔 PRABOWO MALAH KLAIM INDONESIA LEBIH BAIK DARI JEPANG&amp;EROPA😱,JEJAK POLITIK,2026-09-07T00:09:53Z,neutral,AI-assisted semantic labeling
2963,ACH NGGAK MUNGKIN MBG INDONESIA LEBIH BAIK DARI JEPANG ATAU NEGARA LAIN MEREKA ITU NEGARA2 YANG SUDAH MAPAN LHA KITA INI NEGARA YANG MASIH SEMRAWUT JADI KALAU MBG INDONESIA KEBIH BAIK DARI JEPANG ANDA DIKIBULI OKEH MENTRI2 MU JANGAN GR.,ach nggak mungkin mbg indonesia lebih baik dari jepang atau negara lain mereka itu negara2 yang sudah mapan lha kita ini negara yang masih semrawut jadi kalau mbg indonesia kebih baik dari jepang anda dikibuli okeh mentri2 mu jangan gr.,BAHAYA⁉️ ANGGARAN APBN TEKOR GARA2 MBG🤔 PRABOWO MALAH KLAIM INDONESIA LEBIH BAIK DARI JEPANG&amp;EROPA😱,JEJAK POLITIK,2026-09-06T21:55:07Z,negative,AI-assisted semantic labeling
2969,Jangan hanya dapat laporan.... Turun lihat sendiri....,jangan hanya dapat laporan.. turun lihat sendiri..,BAHAYA⁉️ ANGGARAN APBN TEKOR GARA2 MBG🤔 PRABOWO MALAH KLAIM INDONESIA LEBIH BAIK DARI JEPANG&amp;EROPA😱,JEJAK POLITIK,2026-06-16T23:20:20Z,neutral,AI-assisted semantic labeling
2993,"cepat bubarin MBG di i. postingan orang "" susah day sekolahan yang terbelakang,, tapi nyatanya dilapangan yang mendapat kan MBG orang yang mampu dan sekolahan yang para siswanya orang tua wali murid yang mampu sangat tidak tepat sasaran pak Prabowo di otak otakin sama antek kepercayaan nya  🙏","cepat bubarin mbg di i. postingan orang "" susah day sekolahan yang terbelakang,, tapi nyatanya dilapangan yang mendapat kan mbg orang yang mampu dan sekolahan yang para siswanya orang tua wali murid yang mampu sangat tidak tepat sasaran pak prabowo di otak otakin sama antek kepercayaan nya 🙏",BAHAYA⁉️ ANGGARAN APBN TEKOR GARA2 MBG🤔 PRABOWO MALAH KLAIM INDONESIA LEBIH BAIK DARI JEPANG&amp;EROPA😱,JEJAK POLITIK,2026-06-11T15:56:05Z,neutral,AI-assisted semantic labeling
2995,Badan gemuk otak kurus itulah Wowo si omon²,badan gemuk otak kurus itulah wowo si omon2,BAHAYA⁉️ ANGGARAN APBN TEKOR GARA2 MBG🤔 PRABOWO MALAH KLAIM INDONESIA LEBIH BAIK DARI JEPANG&amp;EROPA😱,JEJAK POLITIK,2026-06-11T12:17:16Z,neutral,AI-assisted semantic labeling
3009,Stop mbg sekarang sebelum Indonesia krisis,stop mbg sekarang sebelum indonesia krisis,BAHAYA⁉️ ANGGARAN APBN TEKOR GARA2 MBG🤔 PRABOWO MALAH KLAIM INDONESIA LEBIH BAIK DARI JEPANG&amp;EROPA😱,JEJAK POLITIK,2026-06-11T06:50:03Z,negative,AI-assisted semantic labeling
3010,"Semua orang pd pinter mengkritik keburukan doang, coba keritik diri sendiri, sudah benarkah hidup kita...???","semua orang pd pinter mengkritik keburukan doang, coba keritik diri sendiri, sudah benarkah hidup kita..??",BAHAYA⁉️ ANGGARAN APBN TEKOR GARA2 MBG🤔 PRABOWO MALAH KLAIM INDONESIA LEBIH BAIK DARI JEPANG&amp;EROPA😱,JEJAK POLITIK,2026-06-11T06:40:51Z,negative,AI-assisted semantic labeling
3012,PREEEEET..PREEEET...,preet..preet..,BAHAYA⁉️ ANGGARAN APBN TEKOR GARA2 MBG🤔 PRABOWO MALAH KLAIM INDONESIA LEBIH BAIK DARI JEPANG&amp;EROPA😱,JEJAK POLITIK,2026-06-11T05:53:35Z,neutral,AI-assisted semantic labeling
3021,"Laporan busuk dipercaya trs,payah","laporan busuk dipercaya trs,payah",BAHAYA⁉️ ANGGARAN APBN TEKOR GARA2 MBG🤔 PRABOWO MALAH KLAIM INDONESIA LEBIH BAIK DARI JEPANG&amp;EROPA😱,JEJAK POLITIK,2026-06-10T21:20:34Z,negative,AI-assisted semantic labeling
3030,"orang miskin bukan karena gak bisa beli makanan bergizi, tp karena kesejahteraan mereka tidak pernah anda pikirkan.","orang miskin bukan karena gak bisa beli makanan bergizi, tp karena kesejahteraan mereka tidak pernah anda pikirkan.",BAHAYA⁉️ ANGGARAN APBN TEKOR GARA2 MBG🤔 PRABOWO MALAH KLAIM INDONESIA LEBIH BAIK DARI JEPANG&amp;EROPA😱,JEJAK POLITIK,2026-06-10T12:34:22Z,neutral,AI-assisted semantic labeling
3031,"Sd bisa di stop itu MBG,mohon para menteri menteri  jgn hanya kasi laporan ABS (Asal Bapak Senang)","sd bisa di stop itu mbg,mohon para menteri menteri jgn hanya kasi laporan abs (asal bapak senang)",BAHAYA⁉️ ANGGARAN APBN TEKOR GARA2 MBG🤔 PRABOWO MALAH KLAIM INDONESIA LEBIH BAIK DARI JEPANG&amp;EROPA😱,JEJAK POLITIK,2026-06-10T12:26:15Z,neutral,AI-assisted semantic labeling
3047,Dah jatuh ditimpa tangga pula sdh rugi uangnya dikorupsi jg.... 😢,dah jatuh ditimpa tangga pula sdh rugi uangnya dikorupsi jg.. 😢,BAHAYA⁉️ ANGGARAN APBN TEKOR GARA2 MBG🤔 PRABOWO MALAH KLAIM INDONESIA LEBIH BAIK DARI JEPANG&amp;EROPA😱,JEJAK POLITIK,2026-06-10T05:39:10Z,negative,AI-assisted semantic labeling
3055,"MBG disetop, tidak ada manfaat buat rakyat, ujung-ujungnya jadi sasaran para koruptor.","mbg disetop, tidak ada manfaat buat rakyat, ujung-ujungnya jadi sasaran para koruptor.",BAHAYA⁉️ ANGGARAN APBN TEKOR GARA2 MBG🤔 PRABOWO MALAH KLAIM INDONESIA LEBIH BAIK DARI JEPANG&amp;EROPA😱,JEJAK POLITIK,2026-06-10T01:09:12Z,neutral,AI-assisted semantic labeling
3062,"KENAPA SIH MBG SANGAT DIPAKSAKAN BANGET, SEMENTARA RAKYAT SDH TERIAK2 SEJAK AWAL JIKA MBG HARUS DI STOP KARENA GUDANGNYA PARA KORUPTOR, ADA APA YA???","kenapa sih mbg sangat dipaksakan banget, sementara rakyat sdh teriak2 sejak awal jika mbg harus di stop karena gudangnya para koruptor, ada apa ya??",BAHAYA⁉️ ANGGARAN APBN TEKOR GARA2 MBG🤔 PRABOWO MALAH KLAIM INDONESIA LEBIH BAIK DARI JEPANG&amp;EROPA😱,JEJAK POLITIK,2026-06-09T19:28:09Z,neutral,AI-assisted semantic labeling
3068,Ko aku lahir di Indonesia sih 😅😅,ko aku lahir di indonesia sih 😅😅,BAHAYA⁉️ ANGGARAN APBN TEKOR GARA2 MBG🤔 PRABOWO MALAH KLAIM INDONESIA LEBIH BAIK DARI JEPANG&amp;EROPA😱,JEJAK POLITIK,2026-06-09T13:49:33Z,neutral,AI-assisted semantic labeling
3074,"Stop MBG.. apa sih manfaat MBG untuk anak2. Kenapa ngotot MBG harus dijalankan,Anakku tidak pernah makan itu MBG . Di makan sedikit. Sisanya di buang.  Mending duit itu buat subsidi sekolah. Atau benerin jalan2 yg rusak. tidak usah sok mikir anak kami.","stop mbg.. apa sih manfaat mbg untuk anak2. kenapa ngotot mbg harus dijalankan,anakku tidak pernah makan itu mbg . di makan sedikit. sisanya di buang. mending duit itu buat subsidi sekolah. atau benerin jalan2 yg rusak. tidak usah sok mikir anak kami.",BAHAYA⁉️ ANGGARAN APBN TEKOR GARA2 MBG🤔 PRABOWO MALAH KLAIM INDONESIA LEBIH BAIK DARI JEPANG&amp;EROPA😱,JEJAK POLITIK,2026-06-09T08:56:15Z,negative,AI-assisted semantic labeling
3080,"Genjot pendapatan dari BUMN kalian wooo, BUMN kebanyakan udh monopoli masak tetep rugi aja..pangkas gaji dan bonus pejabat bumn muu woooo..pangkas gaji dan tunjangan anggota DPR mu woooo..jangan keluar negeri mulu woooo bowoooooooooo..","genjot pendapatan dari bumn kalian woo, bumn kebanyakan udh monopoli masak tetep rugi aja..pangkas gaji dan bonus pejabat bumn muu woo..pangkas gaji dan tunjangan anggota dpr mu woo..jangan keluar negeri mulu woo bowoo..",BAHAYA⁉️ ANGGARAN APBN TEKOR GARA2 MBG🤔 PRABOWO MALAH KLAIM INDONESIA LEBIH BAIK DARI JEPANG&amp;EROPA😱,JEJAK POLITIK,2026-06-09T03:34:46Z,neutral,AI-assisted semantic labeling
3083,"Devisit,,,tetapi masih ada yg dikorupsi juga 😅","devisit,,tetapi masih ada yg dikorupsi juga 😅",BAHAYA⁉️ ANGGARAN APBN TEKOR GARA2 MBG🤔 PRABOWO MALAH KLAIM INDONESIA LEBIH BAIK DARI JEPANG&amp;EROPA😱,JEJAK POLITIK,2026-06-09T00:49:21Z,negative,AI-assisted semantic labeling
3085,Ya Allah Miss informasi yg diterima Presiden.? Salah mengelola negara' bisa koleb,ya allah miss informasi yg diterima presiden.? salah mengelola negara' bisa koleb,BAHAYA⁉️ ANGGARAN APBN TEKOR GARA2 MBG🤔 PRABOWO MALAH KLAIM INDONESIA LEBIH BAIK DARI JEPANG&amp;EROPA😱,JEJAK POLITIK,2026-06-08T23:02:04Z,negative,AI-assisted semantic labeling
3128,"MBG sdh jelas ladang korupsi... terbukti kan si Dadan sdh melakukan, belum lagi jaringan kebawahnya ada Dadan² lainnya.","mbg sdh jelas ladang korupsi.. terbukti kan si dadan sdh melakukan, belum lagi jaringan kebawahnya ada dadan2 lainnya.",BAHAYA⁉️ ANGGARAN APBN TEKOR GARA2 MBG🤔 PRABOWO MALAH KLAIM INDONESIA LEBIH BAIK DARI JEPANG&amp;EROPA😱,JEJAK POLITIK,2026-06-07T14:49:19Z,negative,AI-assisted semantic labeling
3135,Mulai besok SMP anak saya uda stop MBG... Gimana dgn kalian,mulai besok smp anak saya uda stop mbg.. gimana dgn kalian,BAHAYA⁉️ ANGGARAN APBN TEKOR GARA2 MBG🤔 PRABOWO MALAH KLAIM INDONESIA LEBIH BAIK DARI JEPANG&amp;EROPA😱,JEJAK POLITIK,2026-06-07T13:04:08Z,negative,AI-assisted semantic labeling
3136,"Rakyat masih senang pada pak Prabowo,👍❤","rakyat masih senang pada pak prabowo,👍❤",BAHAYA⁉️ ANGGARAN APBN TEKOR GARA2 MBG🤔 PRABOWO MALAH KLAIM INDONESIA LEBIH BAIK DARI JEPANG&amp;EROPA😱,JEJAK POLITIK,2026-06-07T12:39:23Z,neutral,AI-assisted semantic labeling
3139,Kepala negara ooon bin sok sokan,kepala negara oon bin sok sokan,BAHAYA⁉️ ANGGARAN APBN TEKOR GARA2 MBG🤔 PRABOWO MALAH KLAIM INDONESIA LEBIH BAIK DARI JEPANG&amp;EROPA😱,JEJAK POLITIK,2026-06-07T11:40:43Z,neutral,AI-assisted semantic labeling
3151,"Mbg berhenti, proyek tidak menhasilkan apa²","mbg berhenti, proyek tidak menhasilkan apa2",BAHAYA⁉️ ANGGARAN APBN TEKOR GARA2 MBG🤔 PRABOWO MALAH KLAIM INDONESIA LEBIH BAIK DARI JEPANG&amp;EROPA😱,JEJAK POLITIK,2026-06-07T03:54:00Z,neutral,AI-assisted semantic labeling
3152,"president pikun lagi lucu""nya","president pikun lagi lucu""nya",BAHAYA⁉️ ANGGARAN APBN TEKOR GARA2 MBG🤔 PRABOWO MALAH KLAIM INDONESIA LEBIH BAIK DARI JEPANG&amp;EROPA😱,JEJAK POLITIK,2026-06-07T03:29:41Z,neutral,AI-assisted semantic labeling
3156,Setop mbg apa mau setop jadi presiden . Jangan tunggu negara bangkrut .,setop mbg apa mau setop jadi presiden . jangan tunggu negara bangkrut .,BAHAYA⁉️ ANGGARAN APBN TEKOR GARA2 MBG🤔 PRABOWO MALAH KLAIM INDONESIA LEBIH BAIK DARI JEPANG&amp;EROPA😱,JEJAK POLITIK,2026-06-07T00:33:19Z,negative,AI-assisted semantic labeling
3171,Negara Afrika Kenya akan mengatasi Indonesia 😅😅,negara afrika kenya akan mengatasi indonesia 😅😅,BAHAYA⁉️ ANGGARAN APBN TEKOR GARA2 MBG🤔 PRABOWO MALAH KLAIM INDONESIA LEBIH BAIK DARI JEPANG&amp;EROPA😱,JEJAK POLITIK,2026-06-06T08:00:41Z,neutral,AI-assisted semantic labeling
3188,Punya presiden gak ada pikirannya buat rakyat asli gagal bgt nie jadi pemimpin,punya presiden gak ada pikirannya buat rakyat asli gagal bgt nie jadi pemimpin,BAHAYA⁉️ ANGGARAN APBN TEKOR GARA2 MBG🤔 PRABOWO MALAH KLAIM INDONESIA LEBIH BAIK DARI JEPANG&amp;EROPA😱,JEJAK POLITIK,2026-06-06T02:01:14Z,neutral,AI-assisted semantic labeling
3210,Hapuskan yang membuat colaps keuangan.... I yessss...,hapuskan yang membuat colaps keuangan.. i yess..,BAHAYA⁉️ ANGGARAN APBN TEKOR GARA2 MBG🤔 PRABOWO MALAH KLAIM INDONESIA LEBIH BAIK DARI JEPANG&amp;EROPA😱,JEJAK POLITIK,2026-06-05T10:06:48Z,neutral,AI-assisted semantic labeling
3216,"""Saya baru dapat lapuran 2 hari lalu"". Terus terusan dibohongi oleh menteri menterinya. Kasihan.....😂","""saya baru dapat lapuran 2 hari lalu"". terus terusan dibohongi oleh menteri menterinya. kasihan..😂",BAHAYA⁉️ ANGGARAN APBN TEKOR GARA2 MBG🤔 PRABOWO MALAH KLAIM INDONESIA LEBIH BAIK DARI JEPANG&amp;EROPA😱,JEJAK POLITIK,2026-06-05T06:40:07Z,negative,AI-assisted semantic labeling
3217,Laporannnnnn????...laporan palsu ya iya pak.....pejabat kita byk ya ABS,laporann??..laporan palsu ya iya pak..pejabat kita byk ya abs,BAHAYA⁉️ ANGGARAN APBN TEKOR GARA2 MBG🤔 PRABOWO MALAH KLAIM INDONESIA LEBIH BAIK DARI JEPANG&amp;EROPA😱,JEJAK POLITIK,2026-06-05T06:27:09Z,neutral,AI-assisted semantic labeling
3219,diawal menjabat menkeu ini dielu²kan kayak malaikat,diawal menjabat menkeu ini dielu2kan kayak malaikat,BAHAYA⁉️ ANGGARAN APBN TEKOR GARA2 MBG🤔 PRABOWO MALAH KLAIM INDONESIA LEBIH BAIK DARI JEPANG&amp;EROPA😱,JEJAK POLITIK,2026-06-05T05:43:55Z,neutral,AI-assisted semantic labeling
3224,Sekarang dolar 18.000,sekarang dolar 18.00,BAHAYA⁉️ ANGGARAN APBN TEKOR GARA2 MBG🤔 PRABOWO MALAH KLAIM INDONESIA LEBIH BAIK DARI JEPANG&amp;EROPA😱,JEJAK POLITIK,2026-06-05T04:13:28Z,neutral,AI-assisted semantic labeling
3225,Kata mbah wowok mbg berhasil 99 persen yg gagal cuma 10 persen doang kok😅wes angel2,kata mbah wowok mbg berhasil 99 persen yg gagal cuma 10 persen doang kok😅wes angel2,BAHAYA⁉️ ANGGARAN APBN TEKOR GARA2 MBG🤔 PRABOWO MALAH KLAIM INDONESIA LEBIH BAIK DARI JEPANG&amp;EROPA😱,JEJAK POLITIK,2026-06-05T03:57:38Z,neutral,AI-assisted semantic labeling
3228,Laporan palsu....!!!! 🤣🤣🤣,laporan palsu..!! 🤣🤣,BAHAYA⁉️ ANGGARAN APBN TEKOR GARA2 MBG🤔 PRABOWO MALAH KLAIM INDONESIA LEBIH BAIK DARI JEPANG&amp;EROPA😱,JEJAK POLITIK,2026-06-05T03:24:36Z,neutral,AI-assisted semantic labeling
3229,↩... Program Katering Langsung m b g Nasional Kampanye Pil Ptes 2024 Tidak Realistik Sulit Hil ² yg Mustahal Terjadi dri Nilai Rp.15.000.Nilai Phisik Menunya hanya 50 %  Sisanya 50% lagi Menguap & Sumber Korupsi   Untuk Sampai 2029 😉,↩.. program katering langsung m b g nasional kampanye pil ptes 2024 tidak realistik sulit hil 2 yg mustahal terjadi dri nilai rp.15.00.nilai phisik menunya hanya 50 % sisanya 50% lagi menguap & sumber korupsi untuk sampai 2029 😉,BAHAYA⁉️ ANGGARAN APBN TEKOR GARA2 MBG🤔 PRABOWO MALAH KLAIM INDONESIA LEBIH BAIK DARI JEPANG&amp;EROPA😱,JEJAK POLITIK,2026-06-05T03:18:49Z,negative,AI-assisted semantic labeling
3236,Prabowo pernah Berkata Indonesia bubar THN 2030,prabowo pernah berkata indonesia bubar thn 2030,BAHAYA⁉️ ANGGARAN APBN TEKOR GARA2 MBG🤔 PRABOWO MALAH KLAIM INDONESIA LEBIH BAIK DARI JEPANG&amp;EROPA😱,JEJAK POLITIK,2026-06-04T22:35:28Z,neutral,AI-assisted semantic labeling
3242,Indonesia negara paling kaya tpi syng bnyk perampoknya😢,indonesia negara paling kaya tpi syng bnyk perampoknya😢,BAHAYA⁉️ ANGGARAN APBN TEKOR GARA2 MBG🤔 PRABOWO MALAH KLAIM INDONESIA LEBIH BAIK DARI JEPANG&amp;EROPA😱,JEJAK POLITIK,2026-06-04T14:16:16Z,neutral,AI-assisted semantic labeling
3244,Inilah akibat dari proyek asal jadi 🤮,inilah akibat dari proyek asal jadi 🤮,BAHAYA⁉️ ANGGARAN APBN TEKOR GARA2 MBG🤔 PRABOWO MALAH KLAIM INDONESIA LEBIH BAIK DARI JEPANG&amp;EROPA😱,JEJAK POLITIK,2026-06-04T13:42:40Z,neutral,AI-assisted semantic labeling
3245,"Ni Prabowo orgx bisa dikasih tau g,ko daplek betul ini org pembabal","ni prabowo orgx bisa dikasih tau g,ko daplek betul ini org pembabal",BAHAYA⁉️ ANGGARAN APBN TEKOR GARA2 MBG🤔 PRABOWO MALAH KLAIM INDONESIA LEBIH BAIK DARI JEPANG&amp;EROPA😱,JEJAK POLITIK,2026-06-04T13:09:04Z,neutral,AI-assisted semantic labeling
3248,Sekarang SDH berasa pak rakyat cari uang susa .byk pedang kecil pada Susa pak,sekarang sdh berasa pak rakyat cari uang susa .byk pedang kecil pada susa pak,BAHAYA⁉️ ANGGARAN APBN TEKOR GARA2 MBG🤔 PRABOWO MALAH KLAIM INDONESIA LEBIH BAIK DARI JEPANG&amp;EROPA😱,JEJAK POLITIK,2026-06-04T12:01:37Z,neutral,AI-assisted semantic labeling
3251,Menurun sisa APBN di pak pur .menjumlah .sisa uang negara .tipis .gara gara mbg,menurun sisa apbn di pak pur .menjumlah .sisa uang negara .tipis .gara gara mbg,BAHAYA⁉️ ANGGARAN APBN TEKOR GARA2 MBG🤔 PRABOWO MALAH KLAIM INDONESIA LEBIH BAIK DARI JEPANG&amp;EROPA😱,JEJAK POLITIK,2026-06-04T11:55:08Z,neutral,AI-assisted semantic labeling
3261,"Para pejabat SDH PD gelo, asbun..","para pejabat sdh pd gelo, asbun..",BAHAYA⁉️ ANGGARAN APBN TEKOR GARA2 MBG🤔 PRABOWO MALAH KLAIM INDONESIA LEBIH BAIK DARI JEPANG&amp;EROPA😱,JEJAK POLITIK,2026-06-04T06:06:43Z,neutral,AI-assisted semantic labeling
3273,Turunkan saja presiden dan bubarkan DPR tdk mewakili hati nurani rakyat,turunkan saja presiden dan bubarkan dpr tdk mewakili hati nurani rakyat,BAHAYA⁉️ ANGGARAN APBN TEKOR GARA2 MBG🤔 PRABOWO MALAH KLAIM INDONESIA LEBIH BAIK DARI JEPANG&amp;EROPA😱,JEJAK POLITIK,2026-06-04T00:04:48Z,neutral,AI-assisted semantic labeling
3279,"Siapa kasi laporan itu, eh","siapa kasi laporan itu, eh",BAHAYA⁉️ ANGGARAN APBN TEKOR GARA2 MBG🤔 PRABOWO MALAH KLAIM INDONESIA LEBIH BAIK DARI JEPANG&amp;EROPA😱,JEJAK POLITIK,2026-06-03T14:56:51Z,neutral,AI-assisted semantic labeling
3281,Indonesia bisa melarat ya😢,indonesia bisa melarat ya😢,BAHAYA⁉️ ANGGARAN APBN TEKOR GARA2 MBG🤔 PRABOWO MALAH KLAIM INDONESIA LEBIH BAIK DARI JEPANG&amp;EROPA😱,JEJAK POLITIK,2026-06-03T14:19:33Z,neutral,AI-assisted semantic labeling
3298,"😅😅😅,,,omon2","😅😅,,omon2",BAHAYA⁉️ ANGGARAN APBN TEKOR GARA2 MBG🤔 PRABOWO MALAH KLAIM INDONESIA LEBIH BAIK DARI JEPANG&amp;EROPA😱,JEJAK POLITIK,2026-06-03T06:44:56Z,neutral,AI-assisted semantic labeling
3300,Odgj dijadikan presiden,odgj dijadikan presiden,BAHAYA⁉️ ANGGARAN APBN TEKOR GARA2 MBG🤔 PRABOWO MALAH KLAIM INDONESIA LEBIH BAIK DARI JEPANG&amp;EROPA😱,JEJAK POLITIK,2026-06-03T06:13:55Z,neutral,AI-assisted semantic labeling
3302,"Ayooo...siapa yg pilih prabowo sebagai lawannya jokowi di pilpres beberapa tahun lalu?...begini nih hasilnya klo pilih prabiwo. Sori, ye...klo gue sih ga ngedukung siape2. Klo ikut pilih takut salah. Nikmati aja, dah.","ayoo..siapa yg pilih prabowo sebagai lawannya jokowi di pilpres beberapa tahun lalu?..begini nih hasilnya klo pilih prabiwo. sori, ye..klo gue sih ga ngedukung siape2. klo ikut pilih takut salah. nikmati aja, dah.",BAHAYA⁉️ ANGGARAN APBN TEKOR GARA2 MBG🤔 PRABOWO MALAH KLAIM INDONESIA LEBIH BAIK DARI JEPANG&amp;EROPA😱,JEJAK POLITIK,2026-06-03T03:51:38Z,negative,AI-assisted semantic labeling
3306,"indonesia bubar... BUBAR GELAP...
SALAM 1DOLLAR 25RIBU...",indonesia bubar.. bubar gelap.. salam 1dollar 25ribu..,BAHAYA⁉️ ANGGARAN APBN TEKOR GARA2 MBG🤔 PRABOWO MALAH KLAIM INDONESIA LEBIH BAIK DARI JEPANG&amp;EROPA😱,JEJAK POLITIK,2026-06-03T02:57:41Z,neutral,AI-assisted semantic labeling
3323,"Budget fantastis cuma buat konsumtif. Ibarat kalau rumah tangga, gaji 10 jt, tapi mau mendanai makan siang warga satu RW tiap hari 😂","budget fantastis cuma buat konsumtif. ibarat kalau rumah tangga, gaji 10 jt, tapi mau mendanai makan siang warga satu rw tiap hari 😂",BAHAYA⁉️ ANGGARAN APBN TEKOR GARA2 MBG🤔 PRABOWO MALAH KLAIM INDONESIA LEBIH BAIK DARI JEPANG&amp;EROPA😱,JEJAK POLITIK,2026-06-02T16:28:49Z,neutral,AI-assisted semantic labeling
3325,Preeetttt 😂😂😂,preett 😂😂,BAHAYA⁉️ ANGGARAN APBN TEKOR GARA2 MBG🤔 PRABOWO MALAH KLAIM INDONESIA LEBIH BAIK DARI JEPANG&amp;EROPA😱,JEJAK POLITIK,2026-06-02T16:12:14Z,neutral,AI-assisted semantic labeling
3328,"pemimpin Indonesia sama sama pejabatnya ,,penghianat bangsa,,","pemimpin indonesia sama sama pejabatnya ,,penghianat bangsa,,",BAHAYA⁉️ ANGGARAN APBN TEKOR GARA2 MBG🤔 PRABOWO MALAH KLAIM INDONESIA LEBIH BAIK DARI JEPANG&amp;EROPA😱,JEJAK POLITIK,2026-06-02T15:12:43Z,neutral,AI-assisted semantic labeling
3337,"JGN BUAT RAKYAT ""BERONTAK"" !!!","jgn buat rakyat ""berontak"" !!",BAHAYA⁉️ ANGGARAN APBN TEKOR GARA2 MBG🤔 PRABOWO MALAH KLAIM INDONESIA LEBIH BAIK DARI JEPANG&amp;EROPA😱,JEJAK POLITIK,2026-06-02T11:22:14Z,negative,AI-assisted semantic labeling
3338,STATISTIK PRETTTTTTTT....MUNDUR SJ !!!,statistik prett..mundur sj !!,BAHAYA⁉️ ANGGARAN APBN TEKOR GARA2 MBG🤔 PRABOWO MALAH KLAIM INDONESIA LEBIH BAIK DARI JEPANG&amp;EROPA😱,JEJAK POLITIK,2026-06-02T11:21:28Z,neutral,AI-assisted semantic labeling
3352,ternyata si Prabowo goblok Nya gak ketulungan,ternyata si prabowo goblok nya gak ketulungan,BAHAYA⁉️ ANGGARAN APBN TEKOR GARA2 MBG🤔 PRABOWO MALAH KLAIM INDONESIA LEBIH BAIK DARI JEPANG&amp;EROPA😱,JEJAK POLITIK,2026-06-02T02:45:51Z,negative,AI-assisted semantic labeling
3353,"Wowo pantek ,,bagus2 kemaren Kao gak usah jadi presiden, presiden bodoh cuma dengerin omongan para pejabat binantang penjilat","wowo pantek ,,bagus2 kemaren kao gak usah jadi presiden, presiden bodoh cuma dengerin omongan para pejabat binantang penjilat",BAHAYA⁉️ ANGGARAN APBN TEKOR GARA2 MBG🤔 PRABOWO MALAH KLAIM INDONESIA LEBIH BAIK DARI JEPANG&amp;EROPA😱,JEJAK POLITIK,2026-06-02T02:37:48Z,negative,AI-assisted semantic labeling
3365,"Presiden bego, ketololan banget, haus validasi, haus kekuasaan, ambisi gila, banyak bohong, ngaco, plenger, dungu, mending turun aja udah daripada bikin negara bangkrut!
PAKSA STOP MBG!","presiden bego, ketololan banget, haus validasi, haus kekuasaan, ambisi gila, banyak bohong, ngaco, plenger, dungu, mending turun aja udah daripada bikin negara bangkrut! paksa stop mbg!",BAHAYA⁉️ ANGGARAN APBN TEKOR GARA2 MBG🤔 PRABOWO MALAH KLAIM INDONESIA LEBIH BAIK DARI JEPANG&amp;EROPA😱,JEJAK POLITIK,2026-06-01T14:23:40Z,negative,AI-assisted semantic labeling
3380,"DPR & MPR bubar aja
Betul² tiada guna,fungsi dan manfaat bagi RAKYAT
nama ja wakil RAKYAT tp mereka cuma memikirkan diri dan keluarga masing²","dpr & mpr bubar aja betul2 tiada guna,fungsi dan manfaat bagi rakyat nama ja wakil rakyat tp mereka cuma memikirkan diri dan keluarga masing2",BAHAYA⁉️ ANGGARAN APBN TEKOR GARA2 MBG🤔 PRABOWO MALAH KLAIM INDONESIA LEBIH BAIK DARI JEPANG&amp;EROPA😱,JEJAK POLITIK,2026-06-01T08:44:02Z,neutral,AI-assisted semantic labeling
3388,"Presiden d0n90.. 80d0h.. Negara yg dipimpin kecolongan.  Malah tdk tau. Pr3s1d3n k3pl4 4j4 8354r... 0t4k k05 50n9.
P51k0p4t....",presiden d0n90.. 80d0h.. negara yg dipimpin kecolongan. malah tdk tau. pr3s1d3n k3pl4 4j4 8354r.. 0t4k k05 50n9. p51k0p4t..,BAHAYA⁉️ ANGGARAN APBN TEKOR GARA2 MBG🤔 PRABOWO MALAH KLAIM INDONESIA LEBIH BAIK DARI JEPANG&amp;EROPA😱,JEJAK POLITIK,2026-06-01T03:38:26Z,neutral,AI-assisted semantic labeling
3391,"Pemerintah yg   Pembohong besar, Rayat bilang Tidak , aq bilang Iyaa, Rakyat bilang salah, aq bilang Benarr, Rakyat bilang Stop  aq bilang Lanjut, Rakyat bilang itu ini, dibilang Nyinyir , Klw Rakyat Diam Hancur Negara ini. Siapa Dalang dobalik ini","pemerintah yg pembohong besar, rayat bilang tidak , aq bilang iyaa, rakyat bilang salah, aq bilang benarr, rakyat bilang stop aq bilang lanjut, rakyat bilang itu ini, dibilang nyinyir , klw rakyat diam hancur negara ini. siapa dalang dobalik ini",BAHAYA⁉️ ANGGARAN APBN TEKOR GARA2 MBG🤔 PRABOWO MALAH KLAIM INDONESIA LEBIH BAIK DARI JEPANG&amp;EROPA😱,JEJAK POLITIK,2026-05-31T23:39:58Z,negative,AI-assisted semantic labeling
3396,sukanya buat chennel yg syirik...orang seperti ini syuul kotimah,sukanya buat chennel yg syirik..orang seperti ini syuul kotimah,BAHAYA⁉️ ANGGARAN APBN TEKOR GARA2 MBG🤔 PRABOWO MALAH KLAIM INDONESIA LEBIH BAIK DARI JEPANG&amp;EROPA😱,JEJAK POLITIK,2026-05-31T21:59:57Z,neutral,AI-assisted semantic labeling
3409,mencet wo ulah aroganya,mencet wo ulah aroganya,BAHAYA⁉️ ANGGARAN APBN TEKOR GARA2 MBG🤔 PRABOWO MALAH KLAIM INDONESIA LEBIH BAIK DARI JEPANG&amp;EROPA😱,JEJAK POLITIK,2026-05-31T12:21:24Z,neutral,AI-assisted semantic labeling
3417,OPO p wowo...omon omon thok,opo p wowo..omon omon thok,BAHAYA⁉️ ANGGARAN APBN TEKOR GARA2 MBG🤔 PRABOWO MALAH KLAIM INDONESIA LEBIH BAIK DARI JEPANG&amp;EROPA😱,JEJAK POLITIK,2026-05-31T11:00:58Z,neutral,AI-assisted semantic labeling
3425,Ya iya lah jangan terlalu bangga tuh lihat  apbn mau jebol  hanya gara gara program  ambisius mu  padahal tanpa mbg anak nasih.bisa makan  tapi dg mbg yg.di paksakan  ekonomi indonesia   hancur ini karna  apa? Karna kebandelan    rezim. Yg sangat.membahayakan bangsa dan negara,ya iya lah jangan terlalu bangga tuh lihat apbn mau jebol hanya gara gara program ambisius mu padahal tanpa mbg anak nasih.bisa makan tapi dg mbg yg.di paksakan ekonomi indonesia hancur ini karna apa? karna kebandelan rezim. yg sangat.membahayakan bangsa dan negara,BAHAYA⁉️ ANGGARAN APBN TEKOR GARA2 MBG🤔 PRABOWO MALAH KLAIM INDONESIA LEBIH BAIK DARI JEPANG&amp;EROPA😱,JEJAK POLITIK,2026-05-31T07:11:56Z,negative,AI-assisted semantic labeling
3433,Kami sedang memerhatikan presiden dan menteri kalian..hanya menunggu saat dan masa yang tepat untuk menjajah ekonomi kalian..jika pekara ini berterusan..maka mudah untuk kami membeli saham dan kepentingan ekonomi dinegara anda...seperti pemerintah anda cukup patuh...goob job!,kami sedang memerhatikan presiden dan menteri kalian..hanya menunggu saat dan masa yang tepat untuk menjajah ekonomi kalian..jika pekara ini berterusan..maka mudah untuk kami membeli saham dan kepentingan ekonomi dinegara anda..seperti pemerintah anda cukup patuh..goob job!,BAHAYA⁉️ ANGGARAN APBN TEKOR GARA2 MBG🤔 PRABOWO MALAH KLAIM INDONESIA LEBIH BAIK DARI JEPANG&amp;EROPA😱,JEJAK POLITIK,2026-05-31T01:38:49Z,neutral,AI-assisted semantic labeling
3439,Ngawur.,ngawur.,BAHAYA⁉️ ANGGARAN APBN TEKOR GARA2 MBG🤔 PRABOWO MALAH KLAIM INDONESIA LEBIH BAIK DARI JEPANG&amp;EROPA😱,JEJAK POLITIK,2026-05-30T23:42:58Z,neutral,AI-assisted semantic labeling
3442,"Kenapa orang seindonesia kok kalah sama 1 orang
Knp jelas2 para koruptor berkeliaran kok di biarkan",kenapa orang seindonesia kok kalah sama 1 orang knp jelas2 para koruptor berkeliaran kok di biarkan,BAHAYA⁉️ ANGGARAN APBN TEKOR GARA2 MBG🤔 PRABOWO MALAH KLAIM INDONESIA LEBIH BAIK DARI JEPANG&amp;EROPA😱,JEJAK POLITIK,2026-05-30T23:12:28Z,neutral,AI-assisted semantic labeling
3443,Di nasihat xmau dgr. Disuruh melihat malah mata kabur bureem. Hidup cokoweeiiii heey president munafikun antek 2 ashing...,di nasihat xmau dgr. disuruh melihat malah mata kabur bureem. hidup cokoweeii heey president munafikun antek 2 ashing..,BAHAYA⁉️ ANGGARAN APBN TEKOR GARA2 MBG🤔 PRABOWO MALAH KLAIM INDONESIA LEBIH BAIK DARI JEPANG&amp;EROPA😱,JEJAK POLITIK,2026-05-30T22:54:19Z,neutral,AI-assisted semantic labeling
3470,Senengnya cuma denger tapi kenyataannya 😢😢😢😢,senengnya cuma denger tapi kenyataannya 😢😢,BAHAYA⁉️ ANGGARAN APBN TEKOR GARA2 MBG🤔 PRABOWO MALAH KLAIM INDONESIA LEBIH BAIK DARI JEPANG&amp;EROPA😱,JEJAK POLITIK,2026-05-30T07:31:09Z,neutral,AI-assisted semantic labeling
3484,Presiden cuma pintar pidato lht ken̈yataàn bos bukan cuma lihat laporan,presiden cuma pintar pidato lht ken̈yataàn bos bukan cuma lihat laporan,BAHAYA⁉️ ANGGARAN APBN TEKOR GARA2 MBG🤔 PRABOWO MALAH KLAIM INDONESIA LEBIH BAIK DARI JEPANG&amp;EROPA😱,JEJAK POLITIK,2026-05-30T02:39:44Z,neutral,AI-assisted semantic labeling
3490,"Ganti presiden bukanya membaik,malah Nambah Hutang.yg ada sembrawut.pemerintajan skrg.","ganti presiden bukanya membaik,malah nambah hutang.yg ada sembrawut.pemerintajan skrg.",BAHAYA⁉️ ANGGARAN APBN TEKOR GARA2 MBG🤔 PRABOWO MALAH KLAIM INDONESIA LEBIH BAIK DARI JEPANG&amp;EROPA😱,JEJAK POLITIK,2026-05-29T21:05:19Z,neutral,AI-assisted semantic labeling
3495,presiden omon omon bagii jatah tntuk para koruptor di MBB. MBG adalah ladang para koruptor selamat untuk presiden omon omon dilabelin sebagai presiden terburuk sepanjang masa,presiden omon omon bagii jatah tntuk para koruptor di mbb. mbg adalah ladang para koruptor selamat untuk presiden omon omon dilabelin sebagai presiden terburuk sepanjang masa,BAHAYA⁉️ ANGGARAN APBN TEKOR GARA2 MBG🤔 PRABOWO MALAH KLAIM INDONESIA LEBIH BAIK DARI JEPANG&amp;EROPA😱,JEJAK POLITIK,2026-05-29T15:26:02Z,negative,AI-assisted semantic labeling
3500,"Presiden Prabowo subianto,  presiden republik indonesia laba labal,  presiden dungu,  hao hao 😂😂😂","presiden prabowo subianto, presiden republik indonesia laba labal, presiden dungu, hao hao 😂😂",BAHAYA⁉️ ANGGARAN APBN TEKOR GARA2 MBG🤔 PRABOWO MALAH KLAIM INDONESIA LEBIH BAIK DARI JEPANG&amp;EROPA😱,JEJAK POLITIK,2026-05-29T11:20:13Z,negative,AI-assisted semantic labeling
3503,Nepal kan saja biji satu ini,nepal kan saja biji satu ini,BAHAYA⁉️ ANGGARAN APBN TEKOR GARA2 MBG🤔 PRABOWO MALAH KLAIM INDONESIA LEBIH BAIK DARI JEPANG&amp;EROPA😱,JEJAK POLITIK,2026-05-29T09:43:34Z,neutral,AI-assisted semantic labeling
3505,"intinya malu ngakuin klo progamnya gagal,biar gak ketahusn gobloknya","intinya malu ngakuin klo progamnya gagal,biar gak ketahusn gobloknya",BAHAYA⁉️ ANGGARAN APBN TEKOR GARA2 MBG🤔 PRABOWO MALAH KLAIM INDONESIA LEBIH BAIK DARI JEPANG&amp;EROPA😱,JEJAK POLITIK,2026-05-29T08:04:02Z,negative,AI-assisted semantic labeling
3511,"Sombong .....ingat kisah nabi sulaiman???
Semoga waras",sombong ..ingat kisah nabi sulaiman?? semoga waras,BAHAYA⁉️ ANGGARAN APBN TEKOR GARA2 MBG🤔 PRABOWO MALAH KLAIM INDONESIA LEBIH BAIK DARI JEPANG&amp;EROPA😱,JEJAK POLITIK,2026-05-29T05:20:43Z,neutral,AI-assisted semantic labeling
3525,Na,na,BAHAYA⁉️ ANGGARAN APBN TEKOR GARA2 MBG🤔 PRABOWO MALAH KLAIM INDONESIA LEBIH BAIK DARI JEPANG&amp;EROPA😱,JEJAK POLITIK,2026-05-28T14:20:13Z,neutral,AI-assisted semantic labeling
3526,Tukar kesemua orang orang atas...mereka banyak yg korap...,tukar kesemua orang orang atas..mereka banyak yg korap..,BAHAYA⁉️ ANGGARAN APBN TEKOR GARA2 MBG🤔 PRABOWO MALAH KLAIM INDONESIA LEBIH BAIK DARI JEPANG&amp;EROPA😱,JEJAK POLITIK,2026-05-28T13:33:57Z,neutral,AI-assisted semantic labeling
3551,Stop MBG....,stop mbg..,BAHAYA⁉️ ANGGARAN APBN TEKOR GARA2 MBG🤔 PRABOWO MALAH KLAIM INDONESIA LEBIH BAIK DARI JEPANG&amp;EROPA😱,JEJAK POLITIK,2026-05-27T04:12:53Z,negative,AI-assisted semantic labeling
3567,"Aduuuh wowoooooooooooo udah malem, udah makin rese mabuknya,... Pulang pulang!!! Cuci kaki ya... Bobo wowo!!!","aduuh wowoo udah malem, udah makin rese mabuknya,.. pulang pulang!! cuci kaki ya.. bobo wowo!!",BAHAYA⁉️ ANGGARAN APBN TEKOR GARA2 MBG🤔 PRABOWO MALAH KLAIM INDONESIA LEBIH BAIK DARI JEPANG&amp;EROPA😱,JEJAK POLITIK,2026-05-25T21:14:30Z,neutral,AI-assisted semantic labeling
3571,Pak Purbaya mulai melakukan tdk konsekwen.,pak purbaya mulai melakukan tdk konsekwen.,BAHAYA⁉️ ANGGARAN APBN TEKOR GARA2 MBG🤔 PRABOWO MALAH KLAIM INDONESIA LEBIH BAIK DARI JEPANG&amp;EROPA😱,JEJAK POLITIK,2026-05-25T17:39:46Z,neutral,AI-assisted semantic labeling
3573,"Prabowo pinter tapi ngawur, jadi omong Besar hasil pasti nollll
Mau ngrosak Indonesia secara halus","prabowo pinter tapi ngawur, jadi omong besar hasil pasti noll mau ngrosak indonesia secara halus",BAHAYA⁉️ ANGGARAN APBN TEKOR GARA2 MBG🤔 PRABOWO MALAH KLAIM INDONESIA LEBIH BAIK DARI JEPANG&amp;EROPA😱,JEJAK POLITIK,2026-05-25T15:40:12Z,neutral,AI-assisted semantic labeling
3579,PROGRAM YANG JELAS LAGI NYATA LAGI BERSULUH MEMBUANG BUANG DUIT NEGARA,program yang jelas lagi nyata lagi bersuluh membuang buang duit negara,BAHAYA⁉️ ANGGARAN APBN TEKOR GARA2 MBG🤔 PRABOWO MALAH KLAIM INDONESIA LEBIH BAIK DARI JEPANG&amp;EROPA😱,JEJAK POLITIK,2026-05-25T12:56:36Z,neutral,AI-assisted semantic labeling
3583,Demi gengsi suara rakyat gak di denger padahal tadinya ngemis minta dukungan sekarang jumawa siapa aku nanti klu sudah kena azab baru kerasa,demi gengsi suara rakyat gak di denger padahal tadinya ngemis minta dukungan sekarang jumawa siapa aku nanti klu sudah kena azab baru kerasa,BAHAYA⁉️ ANGGARAN APBN TEKOR GARA2 MBG🤔 PRABOWO MALAH KLAIM INDONESIA LEBIH BAIK DARI JEPANG&amp;EROPA😱,JEJAK POLITIK,2026-05-25T10:25:48Z,neutral,AI-assisted semantic labeling
3588,"Mbg di stop aja pak... Buktinya rakyat setuju, karena cuma di korup sj, malah APBN semakin merosot, ini perlu tindakan cepat, jangan nyante  pak...","mbg di stop aja pak.. buktinya rakyat setuju, karena cuma di korup sj, malah apbn semakin merosot, ini perlu tindakan cepat, jangan nyante pak..",BAHAYA⁉️ ANGGARAN APBN TEKOR GARA2 MBG🤔 PRABOWO MALAH KLAIM INDONESIA LEBIH BAIK DARI JEPANG&amp;EROPA😱,JEJAK POLITIK,2026-05-25T08:33:59Z,negative,AI-assisted semantic labeling
3591,Sudah d kasih tau kode alam... 3 kali gagal... Eeehhh skrng malah d pilih... Allah hu Akbar... Dia itu orng nggk becus kerja... Coba lihat apa yg dia lakukan selama jdi presiden.... Apa lgi wakil Nya...,sudah d kasih tau kode alam.. 3 kali gagal.. eehh skrng malah d pilih.. allah hu akbar.. dia itu orng nggk becus kerja.. coba lihat apa yg dia lakukan selama jdi presiden.. apa lgi wakil nya..,BAHAYA⁉️ ANGGARAN APBN TEKOR GARA2 MBG🤔 PRABOWO MALAH KLAIM INDONESIA LEBIH BAIK DARI JEPANG&amp;EROPA😱,JEJAK POLITIK,2026-05-25T07:27:46Z,neutral,AI-assisted semantic labeling
3593,"Ya gak lah lebih baik di jepang dan eropa, rakyat jepang dan eropa lebih makmur daripada rakyat di indonesia, gaji UMR kok dibanding di negara lain, aneh","ya gak lah lebih baik di jepang dan eropa, rakyat jepang dan eropa lebih makmur daripada rakyat di indonesia, gaji umr kok dibanding di negara lain, aneh",BAHAYA⁉️ ANGGARAN APBN TEKOR GARA2 MBG🤔 PRABOWO MALAH KLAIM INDONESIA LEBIH BAIK DARI JEPANG&amp;EROPA😱,JEJAK POLITIK,2026-05-25T06:29:32Z,negative,AI-assisted semantic labeling
3599,Hidup jokowiiiii....MBG lanjuuuuuuttt.... Top dah,hidup jokowii..mbg lanjuutt.. top dah,BAHAYA⁉️ ANGGARAN APBN TEKOR GARA2 MBG🤔 PRABOWO MALAH KLAIM INDONESIA LEBIH BAIK DARI JEPANG&amp;EROPA😱,JEJAK POLITIK,2026-05-25T05:23:18Z,neutral,AI-assisted semantic labeling
3602,"Kentut bauuuk..difisit gara gara mbg
Yg TK ada gunanya",kentut bauuk..difisit gara gara mbg yg tk ada gunanya,BAHAYA⁉️ ANGGARAN APBN TEKOR GARA2 MBG🤔 PRABOWO MALAH KLAIM INDONESIA LEBIH BAIK DARI JEPANG&amp;EROPA😱,JEJAK POLITIK,2026-05-25T03:46:30Z,neutral,AI-assisted semantic labeling
3610,Hadehhh baterai kembung jahanam,hadehh baterai kembung jahanam,BAHAYA⁉️ ANGGARAN APBN TEKOR GARA2 MBG🤔 PRABOWO MALAH KLAIM INDONESIA LEBIH BAIK DARI JEPANG&amp;EROPA😱,JEJAK POLITIK,2026-05-24T22:48:01Z,neutral,AI-assisted semantic labeling
3614,Bayakali cerita kau,bayakali cerita kau,BAHAYA⁉️ ANGGARAN APBN TEKOR GARA2 MBG🤔 PRABOWO MALAH KLAIM INDONESIA LEBIH BAIK DARI JEPANG&amp;EROPA😱,JEJAK POLITIK,2026-05-24T15:38:57Z,neutral,AI-assisted semantic labeling
3617,Duit ga jalan ke bawah seluruh Indonesia,duit ga jalan ke bawah seluruh indonesia,BAHAYA⁉️ ANGGARAN APBN TEKOR GARA2 MBG🤔 PRABOWO MALAH KLAIM INDONESIA LEBIH BAIK DARI JEPANG&amp;EROPA😱,JEJAK POLITIK,2026-05-24T15:06:18Z,neutral,AI-assisted semantic labeling
3630,ini gara2 MBG. proyek ugal2an yg GAGAL.,ini gara2 mbg. proyek ugal2an yg gagal.,BAHAYA⁉️ ANGGARAN APBN TEKOR GARA2 MBG🤔 PRABOWO MALAH KLAIM INDONESIA LEBIH BAIK DARI JEPANG&amp;EROPA😱,JEJAK POLITIK,2026-05-24T10:15:53Z,neutral,AI-assisted semantic labeling
3636,Sejak jaman dulu baru kali ini pemimpin hanya omon omon habis gimana rakyat jadi sengsara,sejak jaman dulu baru kali ini pemimpin hanya omon omon habis gimana rakyat jadi sengsara,BAHAYA⁉️ ANGGARAN APBN TEKOR GARA2 MBG🤔 PRABOWO MALAH KLAIM INDONESIA LEBIH BAIK DARI JEPANG&amp;EROPA😱,JEJAK POLITIK,2026-05-24T07:06:58Z,positive,AI-assisted semantic labeling
3638,Sebentar kagi Indonesia bangkrut kalau mbg ngga di tutup wowo jangan mau di bohongin,sebentar kagi indonesia bangkrut kalau mbg ngga di tutup wowo jangan mau di bohongin,BAHAYA⁉️ ANGGARAN APBN TEKOR GARA2 MBG🤔 PRABOWO MALAH KLAIM INDONESIA LEBIH BAIK DARI JEPANG&amp;EROPA😱,JEJAK POLITIK,2026-05-24T05:27:14Z,negative,AI-assisted semantic labeling
3659,preeeeeeeeeet 0 besar,preet 0 besar,BAHAYA⁉️ ANGGARAN APBN TEKOR GARA2 MBG🤔 PRABOWO MALAH KLAIM INDONESIA LEBIH BAIK DARI JEPANG&amp;EROPA😱,JEJAK POLITIK,2026-05-23T11:31:07Z,neutral,AI-assisted semantic labeling
3674,MOHON MBG DI STOP DULU. BELUM SAATNYA MBG DI TERAPKAN DI NEGARA INI. HUTANG MASIH BANYAK. PEMASUKKAN KURANG. PEMBANGUNAN INFRASTRUKTUR  TIDAK ADA.,mohon mbg di stop dulu. belum saatnya mbg di terapkan di negara ini. hutang masih banyak. pemasukkan kurang. pembangunan infrastruktur tidak ada.,BAHAYA⁉️ ANGGARAN APBN TEKOR GARA2 MBG🤔 PRABOWO MALAH KLAIM INDONESIA LEBIH BAIK DARI JEPANG&amp;EROPA😱,JEJAK POLITIK,2026-05-23T02:10:31Z,neutral,AI-assisted semantic labeling
3675,Siapah suruh d pilih,siapah suruh d pilih,BAHAYA⁉️ ANGGARAN APBN TEKOR GARA2 MBG🤔 PRABOWO MALAH KLAIM INDONESIA LEBIH BAIK DARI JEPANG&amp;EROPA😱,JEJAK POLITIK,2026-05-23T01:09:33Z,neutral,AI-assisted semantic labeling
3677,"Iya nih bingung sama otaknya Prabowo. Orang awam aja tahu loh hitung2an dan resiko MBG ini, eh dia ttp ngeyel!","iya nih bingung sama otaknya prabowo. orang awam aja tahu loh hitung2an dan resiko mbg ini, eh dia ttp ngeyel!",BAHAYA⁉️ ANGGARAN APBN TEKOR GARA2 MBG🤔 PRABOWO MALAH KLAIM INDONESIA LEBIH BAIK DARI JEPANG&amp;EROPA😱,JEJAK POLITIK,2026-05-22T23:38:16Z,negative,AI-assisted semantic labeling
3685,Pemerintah tukang bohong... 🙏,pemerintah tukang bohong.. 🙏,BAHAYA⁉️ ANGGARAN APBN TEKOR GARA2 MBG🤔 PRABOWO MALAH KLAIM INDONESIA LEBIH BAIK DARI JEPANG&amp;EROPA😱,JEJAK POLITIK,2026-05-22T17:44:11Z,negative,AI-assisted semantic labeling
3723,Betul  sekali IBu 🔥🔥👍👍👍,betul sekali ibu 🔥🔥👍👍,"DPR Terdiam, Perwakilan Ibu Bongkar &quot;Dosa&quot; MBG, Sebut Proyek Paling Menghina Perempuan",Kompas.com,2026-09-18T08:37:54Z,neutral,AI-assisted semantic labeling
3730,Hentikan MBG itu yang terbaik salam dari Riau.,hentikan mbg itu yang terbaik salam dari riau.,"DPR Terdiam, Perwakilan Ibu Bongkar &quot;Dosa&quot; MBG, Sebut Proyek Paling Menghina Perempuan",Kompas.com,2026-09-17T23:28:49Z,negative,AI-assisted semantic labeling
3739,KAGA PUNYA TELINGA KAGA PUNYA MATA SIAP2 SAJA PEMILU DEPAN RAKYAt indonesia sudah pd melek pilih kamu WO hanya untuk meracuni anak bangsa indonesia KAPOK WO MILIH KAMU,kaga punya telinga kaga punya mata siap2 saja pemilu depan rakyat indonesia sudah pd melek pilih kamu wo hanya untuk meracuni anak bangsa indonesia kapok wo milih kamu,"DPR Terdiam, Perwakilan Ibu Bongkar &quot;Dosa&quot; MBG, Sebut Proyek Paling Menghina Perempuan",Kompas.com,2026-09-17T00:51:56Z,negative,AI-assisted semantic labeling
3744,Mbg  masaknya jam 2 malam dimakan jam 10 sampai jam 12siang,mbg masaknya jam 2 malam dimakan jam 10 sampai jam 12siang,"DPR Terdiam, Perwakilan Ibu Bongkar &quot;Dosa&quot; MBG, Sebut Proyek Paling Menghina Perempuan",Kompas.com,2026-09-16T12:59:26Z,neutral,AI-assisted semantic labeling
3755,Kasih saja MBG kepada anggota DPR tiap hari dan harus dimakan biar tahu rasa mereka  . 😂,kasih saja mbg kepada anggota dpr tiap hari dan harus dimakan biar tahu rasa mereka . 😂,"DPR Terdiam, Perwakilan Ibu Bongkar &quot;Dosa&quot; MBG, Sebut Proyek Paling Menghina Perempuan",Kompas.com,2026-09-15T19:00:54Z,neutral,AI-assisted semantic labeling
3759,Hentikan.mbg.ini.adalah.kojaliman.pada.anak.indonesia,hentikan.mbg.ini.adalah.kojaliman.pada.anak.indonesia,"DPR Terdiam, Perwakilan Ibu Bongkar &quot;Dosa&quot; MBG, Sebut Proyek Paling Menghina Perempuan",Kompas.com,2026-09-15T13:38:25Z,neutral,AI-assisted semantic labeling
3763,"Sunggu"" cerdas ibu ini 💯 cerdas","sunggu"" cerdas ibu ini 💯 cerdas","DPR Terdiam, Perwakilan Ibu Bongkar &quot;Dosa&quot; MBG, Sebut Proyek Paling Menghina Perempuan",Kompas.com,2026-09-15T10:21:05Z,neutral,AI-assisted semantic labeling
3766,"Aku 45.0000 sehari dgn 4 org anak suami istri jadi 6org makan dari pagi sampai malam dgn biaya segitu Alhamdulillah blm ada anakku sakit dan mengeluh pencernaan.lalu bgmna dgn seorg ibu pemulung yg setiap hari pegang kotoran lalu memasak utk keluarga.blm adakan kasus anaknya yg keracunan pencernaan??? Seperti petani buruh.nah ini berkaitan dgn pernyataan Prabowo kmrn yg menyatakan bahwa ini kesalahan anak anak yg kurang bersih cuci tangan.ini hnya sebentuk pmbelaan aja menurutku.buk,kami sebagai ibu ibu Indonesia mohon diusut kasus ini dibawa ke badan gizi pangan dunia dan ham internasional.ini penghinaan utk para ibu Indonesia","aku 45.00 sehari dgn 4 org anak suami istri jadi 6org makan dari pagi sampai malam dgn biaya segitu alhamdulillah blm ada anakku sakit dan mengeluh pencernaan.lalu bgmna dgn seorg ibu pemulung yg setiap hari pegang kotoran lalu memasak utk keluarga.blm adakan kasus anaknya yg keracunan pencernaan?? seperti petani buruh.nah ini berkaitan dgn pernyataan prabowo kmrn yg menyatakan bahwa ini kesalahan anak anak yg kurang bersih cuci tangan.ini hnya sebentuk pmbelaan aja menurutku.buk,kami sebagai ibu ibu indonesia mohon diusut kasus ini dibawa ke badan gizi pangan dunia dan ham internasional.ini penghinaan utk para ibu indonesia","DPR Terdiam, Perwakilan Ibu Bongkar &quot;Dosa&quot; MBG, Sebut Proyek Paling Menghina Perempuan",Kompas.com,2026-09-15T08:19:33Z,negative,AI-assisted semantic labeling
3767,Trimaksih Bu...sudah mewakili suara hati kami,trimaksih bu..sudah mewakili suara hati kami,"DPR Terdiam, Perwakilan Ibu Bongkar &quot;Dosa&quot; MBG, Sebut Proyek Paling Menghina Perempuan",Kompas.com,2026-09-15T07:43:13Z,neutral,AI-assisted semantic labeling
3770,"Betolllll ibuuuuu semuaaa DPR / MOR....kok kagaa adaa reaksiiiiiii dibiyarrrtr kannnn ajaaaaa betolllll sekaliii katanyaaaaaa wakellll rayattttt kok membisuuu beribuuuu kok.anehhhhhhh kemanaajaaaa tuuuuu  wakelllllll rayattttttt jangatttt ngerukkkk keuntungannnnn mamatikannnn anakkkk,,,.bangsaaaaaa yaaaaa","betoll ibuu semuaa dpr / mor..kok kagaa adaa reaksii dibiyarrtr kann ajaa betoll sekalii katanyaa wakell rayatt kok membisuu beribuu kok.anehh kemanaajaa tuu wakell rayatt jangatt ngerukk keuntungann mamatikann anakk,,.bangsaa yaa","DPR Terdiam, Perwakilan Ibu Bongkar &quot;Dosa&quot; MBG, Sebut Proyek Paling Menghina Perempuan",Kompas.com,2026-09-15T05:24:20Z,negative,AI-assisted semantic labeling
3772,Saya sanjung dan sangat hormat untuk ibu hati seorang ibu guru untuk anak .,saya sanjung dan sangat hormat untuk ibu hati seorang ibu guru untuk anak .,"DPR Terdiam, Perwakilan Ibu Bongkar &quot;Dosa&quot; MBG, Sebut Proyek Paling Menghina Perempuan",Kompas.com,2026-09-15T04:35:39Z,neutral,AI-assisted semantic labeling
3776,Karena di pemerintahan sekarang partai banyak /kabinet gembrot hanya PDI.P yg konsisten bravo pdi.p,karena di pemerintahan sekarang partai banyak /kabinet gembrot hanya pdi.p yg konsisten bravo pdi.p,"DPR Terdiam, Perwakilan Ibu Bongkar &quot;Dosa&quot; MBG, Sebut Proyek Paling Menghina Perempuan",Kompas.com,2026-09-15T01:45:58Z,neutral,AI-assisted semantic labeling
3786,Mbg ini sdh melanggar hak asasi anak2 di mana anak2 di paksa hrs makan apa ada tanggapan dr luar negara,mbg ini sdh melanggar hak asasi anak2 di mana anak2 di paksa hrs makan apa ada tanggapan dr luar negara,"DPR Terdiam, Perwakilan Ibu Bongkar &quot;Dosa&quot; MBG, Sebut Proyek Paling Menghina Perempuan",Kompas.com,2026-09-14T12:04:15Z,neutral,AI-assisted semantic labeling
3788,semga MBG tdk berganti menjadi Meracuni Bangsa Gratis,semga mbg tdk berganti menjadi meracuni bangsa gratis,"DPR Terdiam, Perwakilan Ibu Bongkar &quot;Dosa&quot; MBG, Sebut Proyek Paling Menghina Perempuan",Kompas.com,2026-09-14T07:53:07Z,negative,AI-assisted semantic labeling
3796,Seharusnya kita se-Indonesia hatus kompak menolak MBG... KENAPA PEMERINTAH DIAM SAJA TIDAK MENDENGARKAN JERITAN RAKYAT ASPIRASI RAKYAT... KORBAN MBG SUDAH BANYAK... PAK TOLONG MBG DIHENTIKAN.....,seharusnya kita se-indonesia hatus kompak menolak mbg.. kenapa pemerintah diam saja tidak mendengarkan jeritan rakyat aspirasi rakyat.. korban mbg sudah banyak.. pak tolong mbg dihentikan..,"DPR Terdiam, Perwakilan Ibu Bongkar &quot;Dosa&quot; MBG, Sebut Proyek Paling Menghina Perempuan",Kompas.com,2026-09-13T14:42:18Z,negative,AI-assisted semantic labeling
3807,Iya Bu SE akan ibu2 engak bisa gasi makan sedang sejak kecil ibu2 yg gasi makan,iya bu se akan ibu2 engak bisa gasi makan sedang sejak kecil ibu2 yg gasi makan,"DPR Terdiam, Perwakilan Ibu Bongkar &quot;Dosa&quot; MBG, Sebut Proyek Paling Menghina Perempuan",Kompas.com,2026-09-12T23:06:17Z,neutral,AI-assisted semantic labeling
3820,Ditangan saya 25 ribu uda dpt ikan sayur utk sekeluarga,ditangan saya 25 ribu uda dpt ikan sayur utk sekeluarga,"DPR Terdiam, Perwakilan Ibu Bongkar &quot;Dosa&quot; MBG, Sebut Proyek Paling Menghina Perempuan",Kompas.com,2026-09-12T08:32:32Z,neutral,AI-assisted semantic labeling
3836,Hentikan MBG bubarkan MBG,hentikan mbg bubarkan mbg,"DPR Terdiam, Perwakilan Ibu Bongkar &quot;Dosa&quot; MBG, Sebut Proyek Paling Menghina Perempuan",Kompas.com,2026-09-11T08:03:32Z,negative,AI-assisted semantic labeling
3839,"Stop MBG dan Kopdes, Mbg banyak yg jatuh korban, dan tidak ada kompensasi dan tanggung jawabnya kepada anak2 yg keracunan, yg punya programnya aja si wowo bilang itu mah cuma sakit perut biasa, kurang cuci tangan kan bodoh jawabnya udah jelas2 keracunan, mana tanggung jawabmu wo biaya,n kek atau hadir ke keluarga yg terkena dampak.","stop mbg dan kopdes, mbg banyak yg jatuh korban, dan tidak ada kompensasi dan tanggung jawabnya kepada anak2 yg keracunan, yg punya programnya aja si wowo bilang itu mah cuma sakit perut biasa, kurang cuci tangan kan bodoh jawabnya udah jelas2 keracunan, mana tanggung jawabmu wo biaya,n kek atau hadir ke keluarga yg terkena dampak.","DPR Terdiam, Perwakilan Ibu Bongkar &quot;Dosa&quot; MBG, Sebut Proyek Paling Menghina Perempuan",Kompas.com,2026-09-10T17:15:35Z,negative,AI-assisted semantic labeling
3858,"Mantap ibu....terus bersuara mewakili kami....kami ibu² sgt mendukung....dikarenakan MBG harga bahan pokok dipasar menjadi mahal semua.

OJO KENDOR Bu...SEMANGAT 💪💪💪",mantap ibu..terus bersuara mewakili kami..kami ibu2 sgt mendukung..dikarenakan mbg harga bahan pokok dipasar menjadi mahal semua. ojo kendor bu..semangat 💪💪,"DPR Terdiam, Perwakilan Ibu Bongkar &quot;Dosa&quot; MBG, Sebut Proyek Paling Menghina Perempuan",Kompas.com,2026-09-08T13:09:54Z,negative,AI-assisted semantic labeling
3868,Pengarahan yang mantap  cerdas dan berani .aku dukong ibu  stop mbg.,pengarahan yang mantap cerdas dan berani .aku dukong ibu stop mbg.,"DPR Terdiam, Perwakilan Ibu Bongkar &quot;Dosa&quot; MBG, Sebut Proyek Paling Menghina Perempuan",Kompas.com,2026-09-07T01:02:14Z,negative,AI-assisted semantic labeling
3884,"Betul Ibu..harusnya MBG Stop
Lebih diprioritaskan biaya kesehatan dan pendidikan  pajak dikecilin sembako murah  baru kita bisa merasakan hidup sejahtera .",betul ibu..harusnya mbg stop lebih diprioritaskan biaya kesehatan dan pendidikan pajak dikecilin sembako murah baru kita bisa merasakan hidup sejahtera .,"DPR Terdiam, Perwakilan Ibu Bongkar &quot;Dosa&quot; MBG, Sebut Proyek Paling Menghina Perempuan",Kompas.com,2026-09-03T10:59:03Z,neutral,AI-assisted semantic labeling
3899,"Betul bangat, kaya mengemis makan","betul bangat, kaya mengemis makan","DPR Terdiam, Perwakilan Ibu Bongkar &quot;Dosa&quot; MBG, Sebut Proyek Paling Menghina Perempuan",Kompas.com,2026-08-29T13:52:28Z,neutral,AI-assisted semantic labeling
3913,Mukak kau yang hina..bicara nya itu merasa paling suci..padahal paling seuzon,mukak kau yang hina..bicara nya itu merasa paling suci..padahal paling seuzon,"DPR Terdiam, Perwakilan Ibu Bongkar &quot;Dosa&quot; MBG, Sebut Proyek Paling Menghina Perempuan",Kompas.com,2026-08-28T01:56:37Z,neutral,AI-assisted semantic labeling
3918,Stop aj MBG ny..cuma jadi jalan korupsi saj...,stop aj mbg ny..cuma jadi jalan korupsi saj..,"DPR Terdiam, Perwakilan Ibu Bongkar &quot;Dosa&quot; MBG, Sebut Proyek Paling Menghina Perempuan",Kompas.com,2026-08-27T15:08:01Z,negative,AI-assisted semantic labeling
3921,Alhamdulillah yaallah trimakasih ibu sudah mewakili kami rakyat butuh bantuan ketenangan,alhamdulillah yaallah trimakasih ibu sudah mewakili kami rakyat butuh bantuan ketenangan,"DPR Terdiam, Perwakilan Ibu Bongkar &quot;Dosa&quot; MBG, Sebut Proyek Paling Menghina Perempuan",Kompas.com,2026-08-27T11:57:24Z,neutral,AI-assisted semantic labeling
3937,Itu perempuan' pegai .. koroptor.. Omong kosong...meliat kenyataan banyak anak.. kelaparan di jalan,itu perempuan' pegai .. koroptor.. omong kosong..meliat kenyataan banyak anak.. kelaparan di jalan,"DPR Terdiam, Perwakilan Ibu Bongkar &quot;Dosa&quot; MBG, Sebut Proyek Paling Menghina Perempuan",Kompas.com,2026-08-26T10:41:56Z,neutral,AI-assisted semantic labeling
3944,Benar Bu sampai gaji honorer tidak dibayarkan 6 bulan,benar bu sampai gaji honorer tidak dibayarkan 6 bulan,"DPR Terdiam, Perwakilan Ibu Bongkar &quot;Dosa&quot; MBG, Sebut Proyek Paling Menghina Perempuan",Kompas.com,2026-08-25T07:40:26Z,neutral,AI-assisted semantic labeling
3947,"Progame wong gendeng
Mosok progame ngliwetno wong sak dunyo...",progame wong gendeng mosok progame ngliwetno wong sak dunyo..,"DPR Terdiam, Perwakilan Ibu Bongkar &quot;Dosa&quot; MBG, Sebut Proyek Paling Menghina Perempuan",Kompas.com,2026-08-24T16:09:21Z,neutral,AI-assisted semantic labeling
3954,Jawabannya lagi......saya tdk akan mundur selangkahpun.,jawabannya lagi..saya tdk akan mundur selangkahpun.,"DPR Terdiam, Perwakilan Ibu Bongkar &quot;Dosa&quot; MBG, Sebut Proyek Paling Menghina Perempuan",Kompas.com,2026-08-24T07:14:25Z,neutral,AI-assisted semantic labeling
3960,"keren ibu ini smart, presiden jauuh..apalagi wapres...DPR? jngn denger doang...bertindak dong","keren ibu ini smart, presiden jauuh..apalagi wapres..dpr? jngn denger doang..bertindak dong","DPR Terdiam, Perwakilan Ibu Bongkar &quot;Dosa&quot; MBG, Sebut Proyek Paling Menghina Perempuan",Kompas.com,2026-08-24T00:57:13Z,neutral,AI-assisted semantic labeling
3966,"Sudah benar MBG di hentikan saja , program prabowo gak jelas","sudah benar mbg di hentikan saja , program prabowo gak jelas","DPR Terdiam, Perwakilan Ibu Bongkar &quot;Dosa&quot; MBG, Sebut Proyek Paling Menghina Perempuan",Kompas.com,2026-08-23T15:34:50Z,neutral,AI-assisted semantic labeling
3975,Kami tidak terhina Lo buk,kami tidak terhina lo buk,"DPR Terdiam, Perwakilan Ibu Bongkar &quot;Dosa&quot; MBG, Sebut Proyek Paling Menghina Perempuan",Kompas.com,2026-08-22T12:49:49Z,neutral,AI-assisted semantic labeling
3980,"Percuma diprotes ibu..
Mereka sesama maling saling menutupi dn berkongkalikong untuk membuat MBG tetap bertahan.Karena hanya program MBG tempat paling gampang untuk maling uang rakyat.",percuma diprotes ibu.. mereka sesama maling saling menutupi dn berkongkalikong untuk membuat mbg tetap bertahan.karena hanya program mbg tempat paling gampang untuk maling uang rakyat.,"DPR Terdiam, Perwakilan Ibu Bongkar &quot;Dosa&quot; MBG, Sebut Proyek Paling Menghina Perempuan",Kompas.com,2026-08-22T06:39:40Z,neutral,AI-assisted semantic labeling
3981,Ibu tersebut sepertinya punya pekerjaan yg nggak sembarangan,ibu tersebut sepertinya punya pekerjaan yg nggak sembarangan,"DPR Terdiam, Perwakilan Ibu Bongkar &quot;Dosa&quot; MBG, Sebut Proyek Paling Menghina Perempuan",Kompas.com,2026-08-22T06:28:17Z,neutral,AI-assisted semantic labeling
3986,"Terimakasih ju, pencerahan nya","terimakasih ju, pencerahan nya","DPR Terdiam, Perwakilan Ibu Bongkar &quot;Dosa&quot; MBG, Sebut Proyek Paling Menghina Perempuan",Kompas.com,2026-08-22T02:46:35Z,neutral,AI-assisted semantic labeling
3994,Ibu trus bersuara.doa kami yg ada di desa dan dikampung2 mendukungmu,ibu trus bersuara.doa kami yg ada di desa dan dikampung2 mendukungmu,"DPR Terdiam, Perwakilan Ibu Bongkar &quot;Dosa&quot; MBG, Sebut Proyek Paling Menghina Perempuan",Kompas.com,2026-08-21T06:29:00Z,neutral,AI-assisted semantic labeling
3996,Pejabat di Indonesia sudah KEBANYAKAN SEPERTI IBLIS BEKERJASAMA DENGAN MAFIA MENGERUK KEKAYAAN ALAM INDONESIA DAN MERUSAK BANGSA DAN NEGARA,pejabat di indonesia sudah kebanyakan seperti iblis bekerjasama dengan mafia mengeruk kekayaan alam indonesia dan merusak bangsa dan negara,"DPR Terdiam, Perwakilan Ibu Bongkar &quot;Dosa&quot; MBG, Sebut Proyek Paling Menghina Perempuan",Kompas.com,2026-08-21T05:18:37Z,neutral,AI-assisted semantic labeling
3998,Mbg bubarkan saja .,mbg bubarkan saja .,"DPR Terdiam, Perwakilan Ibu Bongkar &quot;Dosa&quot; MBG, Sebut Proyek Paling Menghina Perempuan",Kompas.com,2026-08-21T03:32:37Z,neutral,AI-assisted semantic labeling
3999,Lanjutkan Bu,lanjutkan bu,"DPR Terdiam, Perwakilan Ibu Bongkar &quot;Dosa&quot; MBG, Sebut Proyek Paling Menghina Perempuan",Kompas.com,2026-08-21T01:48:09Z,neutral,AI-assisted semantic labeling
4010,Mantap buk memang itu kenyataannya bukan makanan bergizi tapi makanan beracun,mantap buk memang itu kenyataannya bukan makanan bergizi tapi makanan beracun,"DPR Terdiam, Perwakilan Ibu Bongkar &quot;Dosa&quot; MBG, Sebut Proyek Paling Menghina Perempuan",Kompas.com,2026-08-20T05:20:12Z,negative,AI-assisted semantic labeling
4012,Salut buat ibu ini,salut buat ibu ini,"DPR Terdiam, Perwakilan Ibu Bongkar &quot;Dosa&quot; MBG, Sebut Proyek Paling Menghina Perempuan",Kompas.com,2026-08-20T03:45:59Z,neutral,AI-assisted semantic labeling
4014,"Do'a sluruh rkyt indonesia, smoga yg korupsi ung MBG crpat kena AZAB alloh, aminnnnn","do'a sluruh rkyt indonesia, smoga yg korupsi ung mbg crpat kena azab alloh, aminn","DPR Terdiam, Perwakilan Ibu Bongkar &quot;Dosa&quot; MBG, Sebut Proyek Paling Menghina Perempuan",Kompas.com,2026-08-20T02:15:49Z,negative,AI-assisted semantic labeling
4021,"Benar sekali, ibu rmh tanga lb pinta soal gizi, karna ibu rumah tanga dia tidak pintar utk koropsi, Bpk prsiden yg terhormat harus mengetahui, angota koropsi, dari atas sampai ke dapur MBG, semua ikut koropsi semua,,","benar sekali, ibu rmh tanga lb pinta soal gizi, karna ibu rumah tanga dia tidak pintar utk koropsi, bpk prsiden yg terhormat harus mengetahui, angota koropsi, dari atas sampai ke dapur mbg, semua ikut koropsi semua,,","DPR Terdiam, Perwakilan Ibu Bongkar &quot;Dosa&quot; MBG, Sebut Proyek Paling Menghina Perempuan",Kompas.com,2026-08-19T12:50:54Z,neutral,AI-assisted semantic labeling
4042,"Tetap semangat pak prabowo, hidup mbg","tetap semangat pak prabowo, hidup mbg","DPR Terdiam, Perwakilan Ibu Bongkar &quot;Dosa&quot; MBG, Sebut Proyek Paling Menghina Perempuan",Kompas.com,2026-08-18T22:50:29Z,neutral,AI-assisted semantic labeling
4051,Setuju,setuju,"DPR Terdiam, Perwakilan Ibu Bongkar &quot;Dosa&quot; MBG, Sebut Proyek Paling Menghina Perempuan",Kompas.com,2026-08-18T06:26:31Z,neutral,AI-assisted semantic labeling
4055,"Terima kasih ibu telah mewakili pendapat yg tdk bs tersampaikan ke anggota dewan yg menjadi perwakilan kami di pemerintahan. Semoga Allah mudahkan dan seluruh pemimpin yg bertugas disana bs segera menjalankan yg terbaik untuk warna negara Indonesia. Ibu annete d berikan kesehatan dan kekuatan dlm mendampingi masalah ini oleh Allah SWT. Amin

Terima kasih ibu annete ❤",terima kasih ibu telah mewakili pendapat yg tdk bs tersampaikan ke anggota dewan yg menjadi perwakilan kami di pemerintahan. semoga allah mudahkan dan seluruh pemimpin yg bertugas disana bs segera menjalankan yg terbaik untuk warna negara indonesia. ibu annete d berikan kesehatan dan kekuatan dlm mendampingi masalah ini oleh allah swt. amin terima kasih ibu annete ❤,"DPR Terdiam, Perwakilan Ibu Bongkar &quot;Dosa&quot; MBG, Sebut Proyek Paling Menghina Perempuan",Kompas.com,2026-08-17T23:37:18Z,negative,AI-assisted semantic labeling
4059,Soalnya mereka masuk kuping kanan kluar kuping kiri,soalnya mereka masuk kuping kanan kluar kuping kiri,"DPR Terdiam, Perwakilan Ibu Bongkar &quot;Dosa&quot; MBG, Sebut Proyek Paling Menghina Perempuan",Kompas.com,2026-08-17T14:35:46Z,neutral,AI-assisted semantic labeling
4062,"Luar biasa Bu,, ibu suda sangat mewakili suara hati ibu2..baik d kota maupun d polosok.. justru yg d polosok GK tersentuh oleh MBG .. makanan MBG yg d kasi GK enak,terkadang suda hampir basi,atau justru mentah,, lebih enak masakan ibu d rumah,. Manan MBG yg d terimah adalah masakan dri malam d bagi pagi sampai siang...jdi stop MBG... Nilai gizinya juga GK jelas.","luar biasa bu,, ibu suda sangat mewakili suara hati ibu2..baik d kota maupun d polosok.. justru yg d polosok gk tersentuh oleh mbg .. makanan mbg yg d kasi gk enak,terkadang suda hampir basi,atau justru mentah,, lebih enak masakan ibu d rumah,. manan mbg yg d terimah adalah masakan dri malam d bagi pagi sampai siang..jdi stop mbg.. nilai gizinya juga gk jelas.","DPR Terdiam, Perwakilan Ibu Bongkar &quot;Dosa&quot; MBG, Sebut Proyek Paling Menghina Perempuan",Kompas.com,2026-08-17T14:03:48Z,negative,AI-assisted semantic labeling
4063,bagus sekali bu saya setuju banget apa yang ibu sampaikan yang dikasih belum tentu higienis,bagus sekali bu saya setuju banget apa yang ibu sampaikan yang dikasih belum tentu higienis,"DPR Terdiam, Perwakilan Ibu Bongkar &quot;Dosa&quot; MBG, Sebut Proyek Paling Menghina Perempuan",Kompas.com,2026-08-17T12:38:59Z,neutral,AI-assisted semantic labeling
4077,"Bu harga harga dikios,sayur sama ayam  pada mahal krn pd naik diborong mbg","bu harga harga dikios,sayur sama ayam pada mahal krn pd naik diborong mbg","DPR Terdiam, Perwakilan Ibu Bongkar &quot;Dosa&quot; MBG, Sebut Proyek Paling Menghina Perempuan",Kompas.com,2026-08-17T03:57:52Z,neutral,AI-assisted semantic labeling
4120,"15 ribu bisa makan 5 sampai 6 kepala dalam 1 keluarga karena dulu pun mamak ku lek gitu tapi kami sehat sehat aja gk ada yang keracunan, sekarang dikasih makan sama pemerintah malah keracunan lucu sekali negara Konoha ini","15 ribu bisa makan 5 sampai 6 kepala dalam 1 keluarga karena dulu pun mamak ku lek gitu tapi kami sehat sehat aja gk ada yang keracunan, sekarang dikasih makan sama pemerintah malah keracunan lucu sekali negara konoha ini","DPR Terdiam, Perwakilan Ibu Bongkar &quot;Dosa&quot; MBG, Sebut Proyek Paling Menghina Perempuan",Kompas.com,2026-08-15T11:20:23Z,negative,AI-assisted semantic labeling
4125,"Sudahlah dikorupsi, diracuni pula anak² kita..","sudahlah dikorupsi, diracuni pula anak2 kita..","DPR Terdiam, Perwakilan Ibu Bongkar &quot;Dosa&quot; MBG, Sebut Proyek Paling Menghina Perempuan",Kompas.com,2026-08-15T07:24:46Z,negative,AI-assisted semantic labeling
4136,bagus buuu,bagus buu,"DPR Terdiam, Perwakilan Ibu Bongkar &quot;Dosa&quot; MBG, Sebut Proyek Paling Menghina Perempuan",Kompas.com,2026-08-14T21:45:29Z,neutral,AI-assisted semantic labeling
4140,"Semuwa porokram baik pembangunan baik porokram cibta kerja untuk rakyat baik porokram cibt kerja untuk pejabat 
Semuwa dikunci dengan undang undang pancilok kaliyan yang punya masalah dinegara ini.kenapa irwansayh koto ini.imbas kaliyan ini perta nya an bagi kaliyan",semuwa porokram baik pembangunan baik porokram cibta kerja untuk rakyat baik porokram cibt kerja untuk pejabat semuwa dikunci dengan undang undang pancilok kaliyan yang punya masalah dinegara ini.kenapa irwansayh koto ini.imbas kaliyan ini perta nya an bagi kaliyan,"DPR Terdiam, Perwakilan Ibu Bongkar &quot;Dosa&quot; MBG, Sebut Proyek Paling Menghina Perempuan",Kompas.com,2026-08-14T16:29:58Z,negative,AI-assisted semantic labeling
4149,Yang meracuni anak2lewat MBG itu mungkin anda dan teman2anda ya😂😂😂😂,yang meracuni anak2lewat mbg itu mungkin anda dan teman2anda ya😂😂,"DPR Terdiam, Perwakilan Ibu Bongkar &quot;Dosa&quot; MBG, Sebut Proyek Paling Menghina Perempuan",Kompas.com,2026-08-14T12:08:12Z,negative,AI-assisted semantic labeling
4151,MBG penghinaan orang tua murit dianggap tidak mampu memberi makan anaknya,mbg penghinaan orang tua murit dianggap tidak mampu memberi makan anaknya,"DPR Terdiam, Perwakilan Ibu Bongkar &quot;Dosa&quot; MBG, Sebut Proyek Paling Menghina Perempuan",Kompas.com,2026-08-14T10:45:50Z,neutral,AI-assisted semantic labeling
4177,"Kasih 15 ribu buat ibu ini, sediakan makanan sesuai Dengan menu mbg Dengan satu porsi kita lihat bisa jadi apa😊","kasih 15 ribu buat ibu ini, sediakan makanan sesuai dengan menu mbg dengan satu porsi kita lihat bisa jadi apa😊","DPR Terdiam, Perwakilan Ibu Bongkar &quot;Dosa&quot; MBG, Sebut Proyek Paling Menghina Perempuan",Kompas.com,2026-08-13T13:51:01Z,neutral,AI-assisted semantic labeling
4179,Program goblok bloooook,program goblok blook,"DPR Terdiam, Perwakilan Ibu Bongkar &quot;Dosa&quot; MBG, Sebut Proyek Paling Menghina Perempuan",Kompas.com,2026-08-13T13:09:19Z,negative,AI-assisted semantic labeling
4186,Kalo ibu nani pura2 ga tau yg penting kan korupsiny pejabat kebanyakan rakus tikus,kalo ibu nani pura2 ga tau yg penting kan korupsiny pejabat kebanyakan rakus tikus,"DPR Terdiam, Perwakilan Ibu Bongkar &quot;Dosa&quot; MBG, Sebut Proyek Paling Menghina Perempuan",Kompas.com,2026-08-13T08:24:57Z,negative,AI-assisted semantic labeling
4190,"MBG bukan solusi yang tepat untuk sekarang, perbaiki ekonomi negara dulu diberi kemudahan lapangan pekerjaan, dan naikkan UMR negara. satu-satunya solusi yaitu stop korupsi keuangan pajak dipakai dengan baik-baik, stop jadi negara yang di manfaatkan oleh negara asing. sayangi rakyat dulu, utamakan negara dulu.","mbg bukan solusi yang tepat untuk sekarang, perbaiki ekonomi negara dulu diberi kemudahan lapangan pekerjaan, dan naikkan umr negara. satu-satunya solusi yaitu stop korupsi keuangan pajak dipakai dengan baik-baik, stop jadi negara yang di manfaatkan oleh negara asing. sayangi rakyat dulu, utamakan negara dulu.","DPR Terdiam, Perwakilan Ibu Bongkar &quot;Dosa&quot; MBG, Sebut Proyek Paling Menghina Perempuan",Kompas.com,2026-08-13T06:02:33Z,negative,AI-assisted semantic labeling
4193,Pokonya disetiap berita2/inpo tentang mbg  mayoritas  netizen TDK mendukung.....udah jelas2 dilapangan banyak permasalahan. TPI Presiden GK mau dengar.....hadeh....,pokonya disetiap berita2/inpo tentang mbg mayoritas netizen tdk mendukung..udah jelas2 dilapangan banyak permasalahan. tpi presiden gk mau dengar..hadeh..,"DPR Terdiam, Perwakilan Ibu Bongkar &quot;Dosa&quot; MBG, Sebut Proyek Paling Menghina Perempuan",Kompas.com,2026-08-13T04:30:34Z,negative,AI-assisted semantic labeling
4194,"Sungguh ibu mewakil li suara ibu2 d desa terpencil kami, ibuk yg terbaik memikir kn anak2  kami, memang gk cukup makan mbg 1x sehari","sungguh ibu mewakil li suara ibu2 d desa terpencil kami, ibuk yg terbaik memikir kn anak2 kami, memang gk cukup makan mbg 1x sehari","DPR Terdiam, Perwakilan Ibu Bongkar &quot;Dosa&quot; MBG, Sebut Proyek Paling Menghina Perempuan",Kompas.com,2026-08-13T04:27:00Z,neutral,AI-assisted semantic labeling
4216,"Apalagi kalo demi mendanai mbg musti pake bond bond ga jelas. 
Maksa banget sampe anak2 dikasih makan dari sumber yg disinyalir cuci uang.",apalagi kalo demi mendanai mbg musti pake bond bond ga jelas. maksa banget sampe anak2 dikasih makan dari sumber yg disinyalir cuci uang.,"DPR Terdiam, Perwakilan Ibu Bongkar &quot;Dosa&quot; MBG, Sebut Proyek Paling Menghina Perempuan",Kompas.com,2026-08-12T12:41:28Z,neutral,AI-assisted semantic labeling
4222,Mantaaap lebih baik tutup saja MBG karena itu sangat tidak berguna,mantaap lebih baik tutup saja mbg karena itu sangat tidak berguna,"DPR Terdiam, Perwakilan Ibu Bongkar &quot;Dosa&quot; MBG, Sebut Proyek Paling Menghina Perempuan",Kompas.com,2026-08-12T11:32:48Z,negative,AI-assisted semantic labeling
4233,"Yg terobsesi bgt memenangkan 02.. 
Mana Suaramu",yg terobsesi bgt memenangkan 02.. mana suaramu,"DPR Terdiam, Perwakilan Ibu Bongkar &quot;Dosa&quot; MBG, Sebut Proyek Paling Menghina Perempuan",Kompas.com,2026-08-12T03:59:26Z,neutral,AI-assisted semantic labeling
4235,"Ya masak sendiri lebih higenis, hentikan saja  program mbg. Kasih saja uang 15 rb nya, dan sekolah menganjurkan murid membawa bekal makan dan pihak sekolah meluangkan waktu untuk makan","ya masak sendiri lebih higenis, hentikan saja program mbg. kasih saja uang 15 rb nya, dan sekolah menganjurkan murid membawa bekal makan dan pihak sekolah meluangkan waktu untuk makan","DPR Terdiam, Perwakilan Ibu Bongkar &quot;Dosa&quot; MBG, Sebut Proyek Paling Menghina Perempuan",Kompas.com,2026-08-12T02:03:18Z,neutral,AI-assisted semantic labeling
4242,"Betul... Saya guru non PNS belum pernah dapat insentif... Eh sekarang malah ditiadakan. Sangat miris... Sungguh tdk memuliakan ilmu... 
Ibu.... Cerdas, terus suarakan kebenaran","betul.. saya guru non pns belum pernah dapat insentif.. eh sekarang malah ditiadakan. sangat miris.. sungguh tdk memuliakan ilmu.. ibu.. cerdas, terus suarakan kebenaran","DPR Terdiam, Perwakilan Ibu Bongkar &quot;Dosa&quot; MBG, Sebut Proyek Paling Menghina Perempuan",Kompas.com,2026-08-11T15:42:43Z,negative,AI-assisted semantic labeling
4247,Terimakasih ibu ...SDH mewakili ibu2...luar biasa👍👍👍👍🥰,terimakasih ibu ..sdh mewakili ibu2..luar biasa👍👍🥰,"DPR Terdiam, Perwakilan Ibu Bongkar &quot;Dosa&quot; MBG, Sebut Proyek Paling Menghina Perempuan",Kompas.com,2026-08-11T12:45:38Z,neutral,AI-assisted semantic labeling
4258,"Betul sekali.kata ibu ini .
Mengatasi stunting mulai dr dalam kandungan hrs dipenuhi asupan gizinya..bukan MBG untuk anak sekolah..
Tp untuk ibu hamil, busui dan balita yg BB nya kurang..klu PMT untuk balita semua","betul sekali.kata ibu ini . mengatasi stunting mulai dr dalam kandungan hrs dipenuhi asupan gizinya..bukan mbg untuk anak sekolah.. tp untuk ibu hamil, busui dan balita yg bb nya kurang..klu pmt untuk balita semua","DPR Terdiam, Perwakilan Ibu Bongkar &quot;Dosa&quot; MBG, Sebut Proyek Paling Menghina Perempuan",Kompas.com,2026-08-11T05:41:39Z,neutral,AI-assisted semantic labeling
4267,"Betul Bu,,, pemerintah , sangat menggila ,,, rkyt hrs protes ,,,,","betul bu,, pemerintah , sangat menggila ,, rkyt hrs protes ,,","DPR Terdiam, Perwakilan Ibu Bongkar &quot;Dosa&quot; MBG, Sebut Proyek Paling Menghina Perempuan",Kompas.com,2026-08-10T23:06:47Z,neutral,AI-assisted semantic labeling
4270,"Ibu ini hebat tegas, mewakili hati ibu,,","ibu ini hebat tegas, mewakili hati ibu,,","DPR Terdiam, Perwakilan Ibu Bongkar &quot;Dosa&quot; MBG, Sebut Proyek Paling Menghina Perempuan",Kompas.com,2026-08-10T21:29:58Z,neutral,AI-assisted semantic labeling
4282,"Aq Rangga geni dri purwokerto, aq sangat mendukung semua anda katakan bu... semua yng ibu katakan membuatku menangis kenapa indonesia separah ini sekarang?? Dan semua yng ibu katakan itu benar adanya' makasih untuk semua perjuangan ibu.. i l❤ve you for efer ibu... & ❤❤❤❤❤❤","aq rangga geni dri purwokerto, aq sangat mendukung semua anda katakan bu.. semua yng ibu katakan membuatku menangis kenapa indonesia separah ini sekarang?? dan semua yng ibu katakan itu benar adanya' makasih untuk semua perjuangan ibu.. i l❤ve you for efer ibu.. & ❤❤","DPR Terdiam, Perwakilan Ibu Bongkar &quot;Dosa&quot; MBG, Sebut Proyek Paling Menghina Perempuan",Kompas.com,2026-08-10T07:33:03Z,neutral,AI-assisted semantic labeling
4288,"Stop MBG...
Cairkan uang aja. K ibunya 
Biar orang tuanya yg memnuhi gijinya..",stop mbg.. cairkan uang aja. k ibunya biar orang tuanya yg memnuhi gijinya..,"DPR Terdiam, Perwakilan Ibu Bongkar &quot;Dosa&quot; MBG, Sebut Proyek Paling Menghina Perempuan",Kompas.com,2026-08-10T04:49:28Z,negative,AI-assisted semantic labeling
4289,Mantap ibu hentikan MGB,mantap ibu hentikan mgb,"DPR Terdiam, Perwakilan Ibu Bongkar &quot;Dosa&quot; MBG, Sebut Proyek Paling Menghina Perempuan",Kompas.com,2026-08-10T04:46:52Z,neutral,AI-assisted semantic labeling
4293,"Betul banget Bu, terus berjuang Bu, Alloh selalu menjaganibu dan rakyat mendukung ibu","betul banget bu, terus berjuang bu, alloh selalu menjaganibu dan rakyat mendukung ibu","DPR Terdiam, Perwakilan Ibu Bongkar &quot;Dosa&quot; MBG, Sebut Proyek Paling Menghina Perempuan",Kompas.com,2026-08-09T22:36:39Z,neutral,AI-assisted semantic labeling
4294,Selain itu... Yg ditakuti MSG... seperti  SASA.,selain itu.. yg ditakuti msg.. seperti sasa.,"DPR Terdiam, Perwakilan Ibu Bongkar &quot;Dosa&quot; MBG, Sebut Proyek Paling Menghina Perempuan",Kompas.com,2026-08-09T21:20:16Z,negative,AI-assisted semantic labeling
4313,"Bravo, membangun premis, cara menyampaikan, luar biasa love u bu❤","bravo, membangun premis, cara menyampaikan, luar biasa love u bu❤","DPR Terdiam, Perwakilan Ibu Bongkar &quot;Dosa&quot; MBG, Sebut Proyek Paling Menghina Perempuan",Kompas.com,2026-08-09T10:36:34Z,neutral,AI-assisted semantic labeling
4315,Keren ibu.. 🙏🙏🙏🙏,keren ibu.. 🙏🙏,"DPR Terdiam, Perwakilan Ibu Bongkar &quot;Dosa&quot; MBG, Sebut Proyek Paling Menghina Perempuan",Kompas.com,2026-08-09T09:13:29Z,neutral,AI-assisted semantic labeling
4318,"saya menolak untuk anak saya makan MBG , dapat MBG dari sekolah , saya suruh bawa pulang dan saya buang , atau saya buat makan unggas .
saya masih mampuh untuk beri makan anak saya sendiri , masih mampuh masak untuk kebutuhan keluarga saya .
selama saya izin kan anak saya makan MBG berarti anak saya makan makanan haram , melebihi babi .
saya tidak biarkan anak saya berpartisipasi atas korupsi di Indonesia , dalam perut nya .
nyesal gw sih Prabowo jadi presiden , nyesal sumpah .","saya menolak untuk anak saya makan mbg , dapat mbg dari sekolah , saya suruh bawa pulang dan saya buang , atau saya buat makan unggas . saya masih mampuh untuk beri makan anak saya sendiri , masih mampuh masak untuk kebutuhan keluarga saya . selama saya izin kan anak saya makan mbg berarti anak saya makan makanan haram , melebihi babi . saya tidak biarkan anak saya berpartisipasi atas korupsi di indonesia , dalam perut nya . nyesal gw sih prabowo jadi presiden , nyesal sumpah .","DPR Terdiam, Perwakilan Ibu Bongkar &quot;Dosa&quot; MBG, Sebut Proyek Paling Menghina Perempuan",Kompas.com,2026-08-09T06:19:22Z,negative,AI-assisted semantic labeling
4330,Cerdas ibu oni,cerdas ibu oni,"DPR Terdiam, Perwakilan Ibu Bongkar &quot;Dosa&quot; MBG, Sebut Proyek Paling Menghina Perempuan",Kompas.com,2026-08-08T13:32:13Z,neutral,AI-assisted semantic labeling
4343,"Semoga para pemimpin bangsa ini, masih memiliki hati nurani setelah mendengar suara tulus dari ibu. Terima kasih bu.","semoga para pemimpin bangsa ini, masih memiliki hati nurani setelah mendengar suara tulus dari ibu. terima kasih bu.","DPR Terdiam, Perwakilan Ibu Bongkar &quot;Dosa&quot; MBG, Sebut Proyek Paling Menghina Perempuan",Kompas.com,2026-08-07T12:29:15Z,neutral,AI-assisted semantic labeling
4352,Bubarkan MBG...sesegerah...,bubarkan mbg..sesegerah..,"DPR Terdiam, Perwakilan Ibu Bongkar &quot;Dosa&quot; MBG, Sebut Proyek Paling Menghina Perempuan",Kompas.com,2026-08-07T01:23:01Z,negative,AI-assisted semantic labeling
4355,Betul daripada dibuang-buang mendingan khasiatnya mentahnya nanti mamanya yang masak bisa beras setengah liter telur setengah kilo bisa 3 kali makan sehari daripada mbg bau dibuang-buang kasih duitnya aja,betul daripada dibuang-buang mendingan khasiatnya mentahnya nanti mamanya yang masak bisa beras setengah liter telur setengah kilo bisa 3 kali makan sehari daripada mbg bau dibuang-buang kasih duitnya aja,"DPR Terdiam, Perwakilan Ibu Bongkar &quot;Dosa&quot; MBG, Sebut Proyek Paling Menghina Perempuan",Kompas.com,2026-08-07T00:00:12Z,negative,AI-assisted semantic labeling
4360,"Apa sebenarnya pemerintah tahu bahwa masyarakat selama ini memantau mereka,,,tapi apalah daya kami hanya masyarakat biasa mau aspirasi apapun kayaknya TDK mumpan,tolonglah BPK -ibu DPR yg pro rakyat sampaikan pada pemerintah bahwah kami muak dgn program2 BPK presiden yg sangat memberatkan masyarakat kalangan bawah,,,,","apa sebenarnya pemerintah tahu bahwa masyarakat selama ini memantau mereka,,tapi apalah daya kami hanya masyarakat biasa mau aspirasi apapun kayaknya tdk mumpan,tolonglah bpk -ibu dpr yg pro rakyat sampaikan pada pemerintah bahwah kami muak dgn program2 bpk presiden yg sangat memberatkan masyarakat kalangan bawah,,","DPR Terdiam, Perwakilan Ibu Bongkar &quot;Dosa&quot; MBG, Sebut Proyek Paling Menghina Perempuan",Kompas.com,2026-08-06T00:48:33Z,neutral,AI-assisted semantic labeling
4368,"Ini baru ibu cerdas,MBG proyek lahan basah .","ini baru ibu cerdas,mbg proyek lahan basah .","DPR Terdiam, Perwakilan Ibu Bongkar &quot;Dosa&quot; MBG, Sebut Proyek Paling Menghina Perempuan",Kompas.com,2026-08-04T13:31:44Z,neutral,AI-assisted semantic labeling
4369,Ini baru wanita hebat,ini baru wanita hebat,"DPR Terdiam, Perwakilan Ibu Bongkar &quot;Dosa&quot; MBG, Sebut Proyek Paling Menghina Perempuan",Kompas.com,2026-08-04T10:17:58Z,neutral,AI-assisted semantic labeling
4370,Cerdas banget bu yg ibu bilang itu benar sekali,cerdas banget bu yg ibu bilang itu benar sekali,"DPR Terdiam, Perwakilan Ibu Bongkar &quot;Dosa&quot; MBG, Sebut Proyek Paling Menghina Perempuan",Kompas.com,2026-08-04T06:12:23Z,neutral,AI-assisted semantic labeling
4382,"Terima ksh ibu 🙏🙏, mngkin jg mbg di uangkan  tak ada kesempatan untuk korupsi","terima ksh ibu 🙏🙏, mngkin jg mbg di uangkan tak ada kesempatan untuk korupsi","DPR Terdiam, Perwakilan Ibu Bongkar &quot;Dosa&quot; MBG, Sebut Proyek Paling Menghina Perempuan",Kompas.com,2026-08-02T23:53:52Z,negative,AI-assisted semantic labeling
4389,Stop  proyek maling  itu..,stop proyek maling itu..,"DPR Terdiam, Perwakilan Ibu Bongkar &quot;Dosa&quot; MBG, Sebut Proyek Paling Menghina Perempuan",Kompas.com,2026-08-02T02:48:47Z,neutral,AI-assisted semantic labeling
4394,Mbg tak guna,mbg tak guna,"DPR Terdiam, Perwakilan Ibu Bongkar &quot;Dosa&quot; MBG, Sebut Proyek Paling Menghina Perempuan",Kompas.com,2026-08-01T07:27:31Z,neutral,AI-assisted semantic labeling
4407,"Terima kasih , anda mewakili kami orang tua yang punya anak mendapatkan mbg yg tidak punya mampaatnya","terima kasih , anda mewakili kami orang tua yang punya anak mendapatkan mbg yg tidak punya mampaatnya","DPR Terdiam, Perwakilan Ibu Bongkar &quot;Dosa&quot; MBG, Sebut Proyek Paling Menghina Perempuan",Kompas.com,2026-07-28T04:06:57Z,neutral,AI-assisted semantic labeling
4412,"gara g@ra adanya mbg yang memakan biaya miliaran setiap harinya mungkin triyunan bulum yang dikorupsiin. Imbasnya kepajak rakyat dikejar"" bayar pajak padah itu untuk membiyai mbg yang mungkin sudah tidak sanggup memboyai mbg akhirnya raky@t diperes dikejar ""😮😮😮","gara g adanya mbg yang memakan biaya miliaran setiap harinya mungkin triyunan bulum yang dikorupsiin. imbasnya kepajak rakyat dikejar"" bayar pajak padah itu untuk membiyai mbg yang mungkin sudah tidak sanggup memboyai mbg akhirnya raky diperes dikejar ""😮😮","DPR Terdiam, Perwakilan Ibu Bongkar &quot;Dosa&quot; MBG, Sebut Proyek Paling Menghina Perempuan",Kompas.com,2026-07-27T04:43:12Z,negative,AI-assisted semantic labeling
4418,Betul bu tempe saja sudah rasanya kelewat masudnya itu udah mau busuk bu,betul bu tempe saja sudah rasanya kelewat masudnya itu udah mau busuk bu,"DPR Terdiam, Perwakilan Ibu Bongkar &quot;Dosa&quot; MBG, Sebut Proyek Paling Menghina Perempuan",Kompas.com,2026-07-26T13:01:14Z,negative,AI-assisted semantic labeling
4431,"Urusan makan buat anak'  bkn urusan pemerintah tp urusan ortu nya nasing2 jd sgt tdk epektif  ada nya  MBG  kacau balau dg yg py ide MBG 
Dg ada nya MBG  justru mengundang korupsi berkedok gizi  di maanfaat kan sm.org2 yg ahklaq nya  sdh pd bejat ..sdh terkkti kan kep BGN  korupsi  besar2an ..sdh STOP MBG ...dengerin suara Rskyat",urusan makan buat anak' bkn urusan pemerintah tp urusan ortu nya nasing2 jd sgt tdk epektif ada nya mbg kacau balau dg yg py ide mbg dg ada nya mbg justru mengundang korupsi berkedok gizi di maanfaat kan sm.org2 yg ahklaq nya sdh pd bejat ..sdh terkkti kan kep bgn korupsi besar2an ..sdh stop mbg ..dengerin suara rskyat,"DPR Terdiam, Perwakilan Ibu Bongkar &quot;Dosa&quot; MBG, Sebut Proyek Paling Menghina Perempuan",Kompas.com,2026-07-25T04:34:09Z,negative,AI-assisted semantic labeling
4434,Ibu saran klu bisa. Uang jajan saja SD di sesuaikan dgn porsi makanan yg dijual untuk SD 10000 SMP 15000 SMA 20000untk penting sekali Krn kebutuhan makn itu sesuai permintaan tubuh tiap individu anak selera sebab bagi manusia itu TDK mau makn walaupun dia udah lihat  makanan tersebut jadi sebaiknya anak mama dirumah tiap pagi mreka harus makn diperbiasakn dari kecil ya pembiasaan itu sangat penting jadi di sekolah ada waktu istrahat mrk b😊eli dgn uang jajan muka pasti ada ygau makn ada TDK mka anak tau menyimpan uangnya tp jgn lupa mama harus tua klu pulang agar anak tau njimpan yg TDK d belanja arahkn mreka jg penting mama harus rajin Bagun pagi sebelum anak Bagun udah siapkan makn dirumah pagihari ha itu pagialn bubur nasi telur tempe atau tahu sayuran dn buah pisang dll kan mama ada bantuan blt . Jdi semua Uda diatur tp mama juga ada yg malas masak jdi mbh baik kalau. Mama disiplin selalu byk alasan mama ada uang jajan jangan biarkan anak belajar memproses sendiri agar terjadi pembiasaan bg anak org tua harus tiap hari tua ha tp Jangan ambil sisa uang blanja jajannya yg TDK d belanja anak agar dia tau menyimpan nilai uang dari kecil dia biasa menyimpan sampai besar dia tampil begitu anakku saya didik ha dn jgn lupa biar msh kecil ajar cuci baju shabis mandi sepatu jgn mama dia tau terampil kedepan cara mempergunakan uang. Menyimpan mknya klu anak mash kecilama TDK usah kerja diluar dulu biar ayah ha saya dulu demikian ha berhasil anak smua aktif tingal slalu interview mreka agar tetap disiplin bhagialah Indonesiaku saya ditinggal almarhum janji mreka masih kecil hidup dgn mama penuh hati-hati agar mreka slamat dn skrg udah berhasil. Master sepertiama mm TDK menika lagi agar jadi contoh anakanak ngi lndonesia,ibu saran klu bisa. uang jajan saja sd di sesuaikan dgn porsi makanan yg dijual untuk sd 100 smp 1500 sma 200untk penting sekali krn kebutuhan makn itu sesuai permintaan tubuh tiap individu anak selera sebab bagi manusia itu tdk mau makn walaupun dia udah lihat makanan tersebut jadi sebaiknya anak mama dirumah tiap pagi mreka harus makn diperbiasakn dari kecil ya pembiasaan itu sangat penting jadi di sekolah ada waktu istrahat mrk b😊eli dgn uang jajan muka pasti ada ygau makn ada tdk mka anak tau menyimpan uangnya tp jgn lupa mama harus tua klu pulang agar anak tau njimpan yg tdk d belanja arahkn mreka jg penting mama harus rajin bagun pagi sebelum anak bagun udah siapkan makn dirumah pagihari ha itu pagialn bubur nasi telur tempe atau tahu sayuran dn buah pisang dll kan mama ada bantuan blt . jdi semua uda diatur tp mama juga ada yg malas masak jdi mbh baik kalau. mama disiplin selalu byk alasan mama ada uang jajan jangan biarkan anak belajar memproses sendiri agar terjadi pembiasaan bg anak org tua harus tiap hari tua ha tp jangan ambil sisa uang blanja jajannya yg tdk d belanja anak agar dia tau menyimpan nilai uang dari kecil dia biasa menyimpan sampai besar dia tampil begitu anakku saya didik ha dn jgn lupa biar msh kecil ajar cuci baju shabis mandi sepatu jgn mama dia tau terampil kedepan cara mempergunakan uang. menyimpan mknya klu anak mash kecilama tdk usah kerja diluar dulu biar ayah ha saya dulu demikian ha berhasil anak smua aktif tingal slalu interview mreka agar tetap disiplin bhagialah indonesiaku saya ditinggal almarhum janji mreka masih kecil hidup dgn mama penuh hati-hati agar mreka slamat dn skrg udah berhasil. master sepertiama mm tdk menika lagi agar jadi contoh anakanak ngi lndonesia,"DPR Terdiam, Perwakilan Ibu Bongkar &quot;Dosa&quot; MBG, Sebut Proyek Paling Menghina Perempuan",Kompas.com,2026-07-25T03:04:22Z,neutral,AI-assisted semantic labeling
4446,"Betul .....MBG hanyalah proyek,dagelan lawas😅😅😅","betul ..mbg hanyalah proyek,dagelan lawas😅😅","DPR Terdiam, Perwakilan Ibu Bongkar &quot;Dosa&quot; MBG, Sebut Proyek Paling Menghina Perempuan",Kompas.com,2026-07-24T20:18:37Z,negative,AI-assisted semantic labeling
4455,"PEJABAT PEMERINTAH NINDAS RAKYATNYA DI KASIK MAKAN MBG KERACUNAN, PEKJABAT GAK PEDULI  YNG UTAMA DAPAT KORUPSI DARI JATAH (DANA) MAKAN MBG  , DASAR IBLIS BIN SETAN 🇮🇩👿👹👺🇮🇩","pejabat pemerintah nindas rakyatnya di kasik makan mbg keracunan, pekjabat gak peduli yng utama dapat korupsi dari jatah (dana) makan mbg , dasar iblis bin setan 🇮🇩👿👹👺🇮🇩","DPR Terdiam, Perwakilan Ibu Bongkar &quot;Dosa&quot; MBG, Sebut Proyek Paling Menghina Perempuan",Kompas.com,2026-07-24T15:00:59Z,negative,AI-assisted semantic labeling
4458,"Maaf, kalau MBG susuai tuntutan mas Tio diganti dengan pendidikan gratis, maka kami sebagai Bapak2 juga boleh bilang menghina Bapak2 dong...Bapak punya tugas mencari nafkah buat anak2nya...🙏🙏🙏","maaf, kalau mbg susuai tuntutan mas tio diganti dengan pendidikan gratis, maka kami sebagai bapak2 juga boleh bilang menghina bapak2 dong..bapak punya tugas mencari nafkah buat anak2nya..🙏🙏","DPR Terdiam, Perwakilan Ibu Bongkar &quot;Dosa&quot; MBG, Sebut Proyek Paling Menghina Perempuan",Kompas.com,2026-07-24T14:44:00Z,negative,AI-assisted semantic labeling
4461,Program MBG. PROYEK . PEMERINTAHAN MALING.,program mbg. proyek . pemerintahan maling.,"DPR Terdiam, Perwakilan Ibu Bongkar &quot;Dosa&quot; MBG, Sebut Proyek Paling Menghina Perempuan",Kompas.com,2026-07-24T14:07:42Z,neutral,AI-assisted semantic labeling
4478,Biar di dgr sama DPR tu bu.kalo gak pura2 tuli lo ya.,biar di dgr sama dpr tu bu.kalo gak pura2 tuli lo ya.,"DPR Terdiam, Perwakilan Ibu Bongkar &quot;Dosa&quot; MBG, Sebut Proyek Paling Menghina Perempuan",Kompas.com,2026-07-24T11:50:28Z,neutral,AI-assisted semantic labeling
4489,MBG itu programnya baik yg jelek itu pengurusnya ga boleh ngeliat duit karena ada kesempatan korupsi,mbg itu programnya baik yg jelek itu pengurusnya ga boleh ngeliat duit karena ada kesempatan korupsi,"DPR Terdiam, Perwakilan Ibu Bongkar &quot;Dosa&quot; MBG, Sebut Proyek Paling Menghina Perempuan",Kompas.com,2026-07-24T10:26:01Z,negative,AI-assisted semantic labeling
4492,Tumben pintar,tumben pintar,"DPR Terdiam, Perwakilan Ibu Bongkar &quot;Dosa&quot; MBG, Sebut Proyek Paling Menghina Perempuan",Kompas.com,2026-07-24T09:55:37Z,neutral,AI-assisted semantic labeling
4498,prabowo sdh  melecehkan kaum wanita,prabowo sdh melecehkan kaum wanita,"DPR Terdiam, Perwakilan Ibu Bongkar &quot;Dosa&quot; MBG, Sebut Proyek Paling Menghina Perempuan",Kompas.com,2026-07-24T08:26:53Z,neutral,AI-assisted semantic labeling
4507,Sangat setuju dng pendapat Ibu Anette Mau betul sekali,sangat setuju dng pendapat ibu anette mau betul sekali,"DPR Terdiam, Perwakilan Ibu Bongkar &quot;Dosa&quot; MBG, Sebut Proyek Paling Menghina Perempuan",Kompas.com,2026-07-24T07:05:47Z,neutral,AI-assisted semantic labeling
4513,"STOP MBG
Lebih baik yg masak MBG  ibu murid itu sendiri
MBG sekarang ini membuka CELAH utk korupsi. 

Karena itu , MBG SEGERA di STOP.","stop mbg lebih baik yg masak mbg ibu murid itu sendiri mbg sekarang ini membuka celah utk korupsi. karena itu , mbg segera di stop.","DPR Terdiam, Perwakilan Ibu Bongkar &quot;Dosa&quot; MBG, Sebut Proyek Paling Menghina Perempuan",Kompas.com,2026-07-24T06:41:56Z,negative,AI-assisted semantic labeling
4519,"Gas Bu.....
Negara bodok",gas bu.. negara bodok,"DPR Terdiam, Perwakilan Ibu Bongkar &quot;Dosa&quot; MBG, Sebut Proyek Paling Menghina Perempuan",Kompas.com,2026-07-24T06:24:08Z,neutral,AI-assisted semantic labeling
4523,"MBG, itu bagus, untuk anak sekolah, tinggal pelaksana nya saja.kamu punya uang bisa bilang begitu, yang gak punya, menanti MBG.","mbg, itu bagus, untuk anak sekolah, tinggal pelaksana nya saja.kamu punya uang bisa bilang begitu, yang gak punya, menanti mbg.","DPR Terdiam, Perwakilan Ibu Bongkar &quot;Dosa&quot; MBG, Sebut Proyek Paling Menghina Perempuan",Kompas.com,2026-07-24T05:59:07Z,neutral,AI-assisted semantic labeling
4532,"MBG hentikan korupsi lanjutkan 😂😂😂
Coba DPR BAGI MAKANAN KE RAKYAT MISKIN JGN CUMA OMON DOANG . Butuh bukti.",mbg hentikan korupsi lanjutkan 😂😂 coba dpr bagi makanan ke rakyat miskin jgn cuma omon doang . butuh bukti.,"DPR Terdiam, Perwakilan Ibu Bongkar &quot;Dosa&quot; MBG, Sebut Proyek Paling Menghina Perempuan",Kompas.com,2026-07-24T04:22:09Z,negative,AI-assisted semantic labeling
4536,Betuuuuullll,betuull,"DPR Terdiam, Perwakilan Ibu Bongkar &quot;Dosa&quot; MBG, Sebut Proyek Paling Menghina Perempuan",Kompas.com,2026-07-24T03:46:00Z,neutral,AI-assisted semantic labeling
4548,Yakin di dgr oleh mrk?,yakin di dgr oleh mrk?,"DPR Terdiam, Perwakilan Ibu Bongkar &quot;Dosa&quot; MBG, Sebut Proyek Paling Menghina Perempuan",Kompas.com,2026-07-24T00:50:47Z,neutral,AI-assisted semantic labeling
4553,Ini kisah nyata.....ada saudara kami yg lulusan terbaik UGM mendapatkan nilai terbaik dari orang tua berasal dari desa di suruh maju kedepan sama untuk di tanya makan apa waktu kecil....dengan  polosnya memberi makan apa adanya toh anaknya bisa pintar. Ini berkat ibu2 Indonesia yg pintar mengatur gizi buat anak👍👍👍👍👍,ini kisah nyata..ada saudara kami yg lulusan terbaik ugm mendapatkan nilai terbaik dari orang tua berasal dari desa di suruh maju kedepan sama untuk di tanya makan apa waktu kecil..dengan polosnya memberi makan apa adanya toh anaknya bisa pintar. ini berkat ibu2 indonesia yg pintar mengatur gizi buat anak👍👍,"DPR Terdiam, Perwakilan Ibu Bongkar &quot;Dosa&quot; MBG, Sebut Proyek Paling Menghina Perempuan",Kompas.com,2026-07-23T20:07:18Z,negative,AI-assisted semantic labeling
4559,LANJUTKEN...!!,lanjutken..!!,"DPR Terdiam, Perwakilan Ibu Bongkar &quot;Dosa&quot; MBG, Sebut Proyek Paling Menghina Perempuan",Kompas.com,2026-07-23T16:55:18Z,neutral,AI-assisted semantic labeling
4565,"Dulu era pak Harto, waktu SD saya di kampung tiap pagi di sekolah dikasih susu Banpres yang dimasak sendiri oleh sekolah. Alhamdulillah..., sekarang malah lebih bagus, dikasih makan....
Buat anak-anak di kampung tentu saja merupakan keberkahan.... ❤❤❤","dulu era pak harto, waktu sd saya di kampung tiap pagi di sekolah dikasih susu banpres yang dimasak sendiri oleh sekolah. alhamdulillah.., sekarang malah lebih bagus, dikasih makan.. buat anak-anak di kampung tentu saja merupakan keberkahan.. ❤❤","DPR Terdiam, Perwakilan Ibu Bongkar &quot;Dosa&quot; MBG, Sebut Proyek Paling Menghina Perempuan",Kompas.com,2026-07-23T15:42:27Z,neutral,AI-assisted semantic labeling
4569,"Sangat paham kami dg penjelasan ibu. Sdh banyak yg mengusulkan spy MBG diganti dg uang saja, terapi saran tinggal saran tetap kalah didepan pengambil keputusan, semiskinnya org setiap hari makan tempe dan tahu.","sangat paham kami dg penjelasan ibu. sdh banyak yg mengusulkan spy mbg diganti dg uang saja, terapi saran tinggal saran tetap kalah didepan pengambil keputusan, semiskinnya org setiap hari makan tempe dan tahu.","DPR Terdiam, Perwakilan Ibu Bongkar &quot;Dosa&quot; MBG, Sebut Proyek Paling Menghina Perempuan",Kompas.com,2026-07-23T14:50:40Z,neutral,AI-assisted semantic labeling
4578,"Sangat betul s'kali,bnyk masyarakat d'bawah m'jerit,
s'mntra  BGN+MBG bukan jln k'luar m'atasi Gizi,tapi lahan Korupsi bagi mrk yg Thamak+Baghil,luar biasa d'antara mrk saling m'rebut porsi Budget Ratusan Juta/Milyaran.S'hrsnya d'berikan langsung kpd Rakyat,ini malah d'korup terang²an,tdk malukah ?!.","sangat betul s'kali,bnyk masyarakat d'bawah m'jerit, s'mntra bgn+mbg bukan jln k'luar m'atasi gizi,tapi lahan korupsi bagi mrk yg thamak+baghil,luar biasa d'antara mrk saling m'rebut porsi budget ratusan juta/milyaran.s'hrsnya d'berikan langsung kpd rakyat,ini malah d'korup terang2an,tdk malukah ?!.","DPR Terdiam, Perwakilan Ibu Bongkar &quot;Dosa&quot; MBG, Sebut Proyek Paling Menghina Perempuan",Kompas.com,2026-07-23T13:41:00Z,negative,AI-assisted semantic labeling
4587,Itu cuma carikan proyek tim pemenangan ko bu cuma untuk bagi bagi pajak rayat,itu cuma carikan proyek tim pemenangan ko bu cuma untuk bagi bagi pajak rayat,"DPR Terdiam, Perwakilan Ibu Bongkar &quot;Dosa&quot; MBG, Sebut Proyek Paling Menghina Perempuan",Kompas.com,2026-07-23T12:44:29Z,neutral,AI-assisted semantic labeling
4599,"Betul tul sekali, Bu bos!","betul tul sekali, bu bos!","DPR Terdiam, Perwakilan Ibu Bongkar &quot;Dosa&quot; MBG, Sebut Proyek Paling Menghina Perempuan",Kompas.com,2026-07-23T11:44:42Z,neutral,AI-assisted semantic labeling
4609,"Terimakasih, Anak saya dapat MBG","terimakasih, anak saya dapat mbg","DPR Terdiam, Perwakilan Ibu Bongkar &quot;Dosa&quot; MBG, Sebut Proyek Paling Menghina Perempuan",Kompas.com,2026-07-23T10:19:35Z,neutral,AI-assisted semantic labeling
4615,Mbg ganti berikan peranak berupa uang biar dimasak sama orang tua masing2. Di samping itu pasar biar rame pembeli kasian para pedagang sayuran banyak kesepian pembeli..,mbg ganti berikan peranak berupa uang biar dimasak sama orang tua masing2. di samping itu pasar biar rame pembeli kasian para pedagang sayuran banyak kesepian pembeli..,"DPR Terdiam, Perwakilan Ibu Bongkar &quot;Dosa&quot; MBG, Sebut Proyek Paling Menghina Perempuan",Kompas.com,2026-07-23T09:05:29Z,negative,AI-assisted semantic labeling
4620,Betul bgt ibu..,betul bgt ibu..,"DPR Terdiam, Perwakilan Ibu Bongkar &quot;Dosa&quot; MBG, Sebut Proyek Paling Menghina Perempuan",Kompas.com,2026-07-23T08:45:07Z,neutral,AI-assisted semantic labeling
4621,"Narasi ibu ini sungguh benar adanya. MBG program terburuk era Pemerintahan Presiden Prabowo. Mengapa program MBG tersirat melecehkan para Jendral, MPR, DPR, ASN, Pengusaha, serta Keluarga mampu dianggap tidak memberi makanan bergizi.","narasi ibu ini sungguh benar adanya. mbg program terburuk era pemerintahan presiden prabowo. mengapa program mbg tersirat melecehkan para jendral, mpr, dpr, asn, pengusaha, serta keluarga mampu dianggap tidak memberi makanan bergizi.","DPR Terdiam, Perwakilan Ibu Bongkar &quot;Dosa&quot; MBG, Sebut Proyek Paling Menghina Perempuan",Kompas.com,2026-07-23T07:45:50Z,negative,AI-assisted semantic labeling
4628,seelamat u bu annete yg wakili ibu ibu se nusantara,seelamat u bu annete yg wakili ibu ibu se nusantara,"DPR Terdiam, Perwakilan Ibu Bongkar &quot;Dosa&quot; MBG, Sebut Proyek Paling Menghina Perempuan",Kompas.com,2026-07-23T07:17:44Z,neutral,AI-assisted semantic labeling
4637,Sistim program pemerintahnya sudah bobrok Bu..amburadul...pejabatnya ngawur.. model makanan saja di buat proyek ..memalukan,sistim program pemerintahnya sudah bobrok bu..amburadul..pejabatnya ngawur.. model makanan saja di buat proyek ..memalukan,"DPR Terdiam, Perwakilan Ibu Bongkar &quot;Dosa&quot; MBG, Sebut Proyek Paling Menghina Perempuan",Kompas.com,2026-07-23T06:08:00Z,negative,AI-assisted semantic labeling
4646,Percuma Bu. Ngak bakal didengar. Karena mereka semua biang keroknya juga. Cm elus dada saja kita mah.,percuma bu. ngak bakal didengar. karena mereka semua biang keroknya juga. cm elus dada saja kita mah.,"DPR Terdiam, Perwakilan Ibu Bongkar &quot;Dosa&quot; MBG, Sebut Proyek Paling Menghina Perempuan",Kompas.com,2026-07-23T05:17:48Z,neutral,AI-assisted semantic labeling
4660,"sekarang gara""mbg bpjs baxk yg dihapus bahkan baxk yg tk mampu","sekarang gara""mbg bpjs baxk yg dihapus bahkan baxk yg tk mampu","DPR Terdiam, Perwakilan Ibu Bongkar &quot;Dosa&quot; MBG, Sebut Proyek Paling Menghina Perempuan",Kompas.com,2026-07-23T03:48:04Z,neutral,AI-assisted semantic labeling
4670,"Tutup/evaluasi besar besar nya saja MBG sulit memulihkannya emang ada positifnya yaitu LAPANGAN KERJA tapi udah sulit dengan hasil produk jadi MBG, mending maksimalin KOPDES nya buat per ekonomian pelosok-pelosok. Buat Masyarakat percaya kepada produk lokal jangan luar biar enak ngritik pemerintah nya, ini upaya memperkaya ekonomi dan kalo bisa lapangan pekerjaan jikalau UMKM UMKM atau bisnis lainnya berkembang, mau ngomongin efek domini ya ini. Masyarakat harus Aware juga jangan asal komen","tutup/evaluasi besar besar nya saja mbg sulit memulihkannya emang ada positifnya yaitu lapangan kerja tapi udah sulit dengan hasil produk jadi mbg, mending maksimalin kopdes nya buat per ekonomian pelosok-pelosok. buat masyarakat percaya kepada produk lokal jangan luar biar enak ngritik pemerintah nya, ini upaya memperkaya ekonomi dan kalo bisa lapangan pekerjaan jikalau umkm umkm atau bisnis lainnya berkembang, mau ngomongin efek domini ya ini. masyarakat harus aware juga jangan asal komen","DPR Terdiam, Perwakilan Ibu Bongkar &quot;Dosa&quot; MBG, Sebut Proyek Paling Menghina Perempuan",Kompas.com,2026-07-23T02:16:19Z,negative,AI-assisted semantic labeling
4680,Betul Bu.. Faktanya Memang Banyak Uang MBG di nikmati orang2 yang Rakus.. Dr tingkat atas smp bawah,betul bu.. faktanya memang banyak uang mbg di nikmati orang2 yang rakus.. dr tingkat atas smp bawah,"DPR Terdiam, Perwakilan Ibu Bongkar &quot;Dosa&quot; MBG, Sebut Proyek Paling Menghina Perempuan",Kompas.com,2026-07-23T00:42:07Z,negative,AI-assisted semantic labeling
4695,Sesekali coba di pelosok.,sesekali coba di pelosok.,ISI MBG DISEKOLAH INI BIKIN WARGA NEGRI MELONGO⁉️ #beritaterkini #trending #fyp #shortsvideo,Masken,2026-09-22T07:10:45Z,neutral,AI-assisted semantic labeling
4708,Di sekolah anak saya udah di hapus  mbg nya,di sekolah anak saya udah di hapus mbg nya,ISI MBG DISEKOLAH INI BIKIN WARGA NEGRI MELONGO⁉️ #beritaterkini #trending #fyp #shortsvideo,Masken,2026-09-22T06:33:49Z,neutral,AI-assisted semantic labeling
4715,"Mbg modal 50 rb
Mbg bowo modal 5 rb",mbg modal 50 rb mbg bowo modal 5 rb,ISI MBG DISEKOLAH INI BIKIN WARGA NEGRI MELONGO⁉️ #beritaterkini #trending #fyp #shortsvideo,Masken,2026-09-22T06:22:55Z,neutral,AI-assisted semantic labeling
4724,Makanan ayam pakai tepung gitu apa bergizi.. Serius tanya,makanan ayam pakai tepung gitu apa bergizi.. serius tanya,ISI MBG DISEKOLAH INI BIKIN WARGA NEGRI MELONGO⁉️ #beritaterkini #trending #fyp #shortsvideo,Masken,2026-09-22T06:05:54Z,neutral,AI-assisted semantic labeling
4740,"Busett beda sama MBG disekolah biasa😅😅😅😅
Mengenaskan bener nasib orang yang lahir di negerinya para maling 😂",busett beda sama mbg disekolah biasa😅😅 mengenaskan bener nasib orang yang lahir di negerinya para maling 😂,ISI MBG DISEKOLAH INI BIKIN WARGA NEGRI MELONGO⁉️ #beritaterkini #trending #fyp #shortsvideo,Masken,2026-09-22T05:39:25Z,negative,AI-assisted semantic labeling
4744,Sekolah kampung rakyat kampung dikasih mbg rumahan..yg kaya sekolah elit dikasih istimewa. Ternyata pemerintah tidak adil..pantesan pada keracunan,sekolah kampung rakyat kampung dikasih mbg rumahan..yg kaya sekolah elit dikasih istimewa. ternyata pemerintah tidak adil..pantesan pada keracunan,ISI MBG DISEKOLAH INI BIKIN WARGA NEGRI MELONGO⁉️ #beritaterkini #trending #fyp #shortsvideo,Masken,2026-09-22T05:27:45Z,negative,AI-assisted semantic labeling
4748,Astagfirullah,astagfirullah,ISI MBG DISEKOLAH INI BIKIN WARGA NEGRI MELONGO⁉️ #beritaterkini #trending #fyp #shortsvideo,Masken,2026-09-22T05:19:20Z,neutral,AI-assisted semantic labeling
4751,Kok di tmpat gwe gak smewah itu,kok di tmpat gwe gak smewah itu,ISI MBG DISEKOLAH INI BIKIN WARGA NEGRI MELONGO⁉️ #beritaterkini #trending #fyp #shortsvideo,Masken,2026-09-22T05:13:44Z,neutral,AI-assisted semantic labeling
4752,"PERTANYAAN SAYA..., APA KALIAN MAU PERCAYA....???","pertanyaan saya.., apa kalian mau percaya..??",ISI MBG DISEKOLAH INI BIKIN WARGA NEGRI MELONGO⁉️ #beritaterkini #trending #fyp #shortsvideo,Masken,2026-09-22T05:13:05Z,neutral,AI-assisted semantic labeling
4755,"Nasi ayam 18 rb.
Anggur  15 rb.
Susu ultra 7 rb.
Naget  6 rb.
Total jam makan siang 47 rb / porsi.
Itu sekolah anak org kaya.sedangkan sekolahan anak saya cuman 12 rb.irit banget bos😅 kaya motor beat",nasi ayam 18 rb. anggur 15 rb. susu ultra 7 rb. naget 6 rb. total jam makan siang 47 rb / porsi. itu sekolah anak org kaya.sedangkan sekolahan anak saya cuman 12 rb.irit banget bos😅 kaya motor beat,ISI MBG DISEKOLAH INI BIKIN WARGA NEGRI MELONGO⁉️ #beritaterkini #trending #fyp #shortsvideo,Masken,2026-09-22T05:06:35Z,neutral,AI-assisted semantic labeling
4761,Ini BGN nya sama ga ?!?!?!,ini bgn nya sama ga ?!?!?!,ISI MBG DISEKOLAH INI BIKIN WARGA NEGRI MELONGO⁉️ #beritaterkini #trending #fyp #shortsvideo,Masken,2026-09-22T04:44:01Z,neutral,AI-assisted semantic labeling
4771,jelas beda . yg berbayar sm yg di tilep,jelas beda . yg berbayar sm yg di tilep,ISI MBG DISEKOLAH INI BIKIN WARGA NEGRI MELONGO⁉️ #beritaterkini #trending #fyp #shortsvideo,Masken,2026-09-22T04:31:33Z,neutral,AI-assisted semantic labeling
4773,maaf mau nanya memang bener itu mbg dari pemerintah ???,maaf mau nanya memang bener itu mbg dari pemerintah ??,ISI MBG DISEKOLAH INI BIKIN WARGA NEGRI MELONGO⁉️ #beritaterkini #trending #fyp #shortsvideo,Masken,2026-09-22T04:29:40Z,neutral,AI-assisted semantic labeling
4781,"Gk sehat itu... Mending yang dari pemerintah, bisa memanfaatkan full fasilitas pemerintah termasuk jamsostek... 😅😅😅😅","gk sehat itu.. mending yang dari pemerintah, bisa memanfaatkan full fasilitas pemerintah termasuk jamsostek.. 😅😅",ISI MBG DISEKOLAH INI BIKIN WARGA NEGRI MELONGO⁉️ #beritaterkini #trending #fyp #shortsvideo,Masken,2026-09-22T04:12:48Z,negative,AI-assisted semantic labeling
4792,Oo itu bukan di indo 😂😂😂,oo itu bukan di indo 😂😂,ISI MBG DISEKOLAH INI BIKIN WARGA NEGRI MELONGO⁉️ #beritaterkini #trending #fyp #shortsvideo,Masken,2026-09-22T03:40:26Z,neutral,AI-assisted semantic labeling
4805,"Klo sekolah kampung, MBG nya cuma nasi, capcay, ayam terigu, sama buah salak 1 biji, jauh sekali perbedaannya","klo sekolah kampung, mbg nya cuma nasi, capcay, ayam terigu, sama buah salak 1 biji, jauh sekali perbedaannya",ISI MBG DISEKOLAH INI BIKIN WARGA NEGRI MELONGO⁉️ #beritaterkini #trending #fyp #shortsvideo,Masken,2026-09-22T03:11:31Z,neutral,AI-assisted semantic labeling
4821,Beda banget sama sekolahan biasanya,beda banget sama sekolahan biasanya,ISI MBG DISEKOLAH INI BIKIN WARGA NEGRI MELONGO⁉️ #beritaterkini #trending #fyp #shortsvideo,Masken,2026-09-22T02:47:46Z,neutral,AI-assisted semantic labeling
4824,Berapa di bayar,berapa di bayar,ISI MBG DISEKOLAH INI BIKIN WARGA NEGRI MELONGO⁉️ #beritaterkini #trending #fyp #shortsvideo,Masken,2026-09-22T02:41:27Z,neutral,AI-assisted semantic labeling
4843,Luar biasa perbedaan nya,luar biasa perbedaan nya,ISI MBG DISEKOLAH INI BIKIN WARGA NEGRI MELONGO⁉️ #beritaterkini #trending #fyp #shortsvideo,Masken,2026-09-22T02:05:30Z,neutral,AI-assisted semantic labeling
4853,"percayalah ini konten settingan, sekolah swasta ga dapet boss, jangan memperkeruh suasana","percayalah ini konten settingan, sekolah swasta ga dapet boss, jangan memperkeruh suasana",ISI MBG DISEKOLAH INI BIKIN WARGA NEGRI MELONGO⁉️ #beritaterkini #trending #fyp #shortsvideo,Masken,2026-09-22T01:53:19Z,neutral,AI-assisted semantic labeling
4883,Rapatkan barisan kawan,rapatkan barisan kawan,ISI MBG DISEKOLAH INI BIKIN WARGA NEGRI MELONGO⁉️ #beritaterkini #trending #fyp #shortsvideo,Masken,2026-09-22T01:16:50Z,neutral,AI-assisted semantic labeling
4884,Apanya yg bergizi makannya junk food? 😂😂😂 sdh kacau negara ini... Bnyk org bodohnya ternyata 😂😂😂 junk food d blg bergizi 😂😂😂 itu ahli gizinya pecat aja klo gk bs bedain junk food sm makanan sehat 😂😂😂,apanya yg bergizi makannya junk food? 😂😂 sdh kacau negara ini.. bnyk org bodohnya ternyata 😂😂 junk food d blg bergizi 😂😂 itu ahli gizinya pecat aja klo gk bs bedain junk food sm makanan sehat 😂😂,ISI MBG DISEKOLAH INI BIKIN WARGA NEGRI MELONGO⁉️ #beritaterkini #trending #fyp #shortsvideo,Masken,2026-09-22T01:08:16Z,negative,AI-assisted semantic labeling
4895,MBGnya gak Nasionalisme...,mbgnya gak nasionalisme..,ISI MBG DISEKOLAH INI BIKIN WARGA NEGRI MELONGO⁉️ #beritaterkini #trending #fyp #shortsvideo,Masken,2026-09-22T00:50:19Z,neutral,AI-assisted semantic labeling
4898,Ko bisa beda....,ko bisa beda..,ISI MBG DISEKOLAH INI BIKIN WARGA NEGRI MELONGO⁉️ #beritaterkini #trending #fyp #shortsvideo,Masken,2026-09-22T00:47:38Z,neutral,AI-assisted semantic labeling
4900,"Malah anakku cuman dikasih anggur 3 biji,nasi ,ayam kecap secuil ,timun 3 potong sama air mineral kemasan gelas,,anjing memang MBG setan","malah anakku cuman dikasih anggur 3 biji,nasi ,ayam kecap secuil ,timun 3 potong sama air mineral kemasan gelas,,anjing memang mbg setan",ISI MBG DISEKOLAH INI BIKIN WARGA NEGRI MELONGO⁉️ #beritaterkini #trending #fyp #shortsvideo,Masken,2026-09-22T00:44:56Z,neutral,AI-assisted semantic labeling
4906,Inilah keadilan yg tk beradab,inilah keadilan yg tk beradab,ISI MBG DISEKOLAH INI BIKIN WARGA NEGRI MELONGO⁉️ #beritaterkini #trending #fyp #shortsvideo,Masken,2026-09-22T00:26:29Z,neutral,AI-assisted semantic labeling
4920,"Memang beda ,anda harus tau kaya sama miskin pasti dibedain ,,sabar saja kan ada hari hisab","memang beda ,anda harus tau kaya sama miskin pasti dibedain ,,sabar saja kan ada hari hisab",ISI MBG DISEKOLAH INI BIKIN WARGA NEGRI MELONGO⁉️ #beritaterkini #trending #fyp #shortsvideo,Masken,2026-09-22T00:13:00Z,neutral,AI-assisted semantic labeling
4929,"Itu MBG dr pemerintah? Ompreng nya kok beda, isi nya juga beda embe sama kuda😅","itu mbg dr pemerintah? ompreng nya kok beda, isi nya juga beda embe sama kuda😅",ISI MBG DISEKOLAH INI BIKIN WARGA NEGRI MELONGO⁉️ #beritaterkini #trending #fyp #shortsvideo,Masken,2026-09-22T00:00:43Z,neutral,AI-assisted semantic labeling
4932,Ini baru mantaffff....,ini baru mantaff..,ISI MBG DISEKOLAH INI BIKIN WARGA NEGRI MELONGO⁉️ #beritaterkini #trending #fyp #shortsvideo,Masken,2026-09-21T23:58:32Z,neutral,AI-assisted semantic labeling
4941,MBG non subsidi kali,mbg non subsidi kali,ISI MBG DISEKOLAH INI BIKIN WARGA NEGRI MELONGO⁉️ #beritaterkini #trending #fyp #shortsvideo,Masken,2026-09-21T23:49:14Z,neutral,AI-assisted semantic labeling
4945,"Apa maksut nya mas .
Sampean bikin ini
Ini MBG dari negara
Atau internal MBG dari sekolah.",apa maksut nya mas . sampean bikin ini ini mbg dari negara atau internal mbg dari sekolah.,ISI MBG DISEKOLAH INI BIKIN WARGA NEGRI MELONGO⁉️ #beritaterkini #trending #fyp #shortsvideo,Masken,2026-09-21T23:41:11Z,neutral,AI-assisted semantic labeling
4946,Keadilan bagi seluruh rakyat Indonesia?,keadilan bagi seluruh rakyat indonesia?,ISI MBG DISEKOLAH INI BIKIN WARGA NEGRI MELONGO⁉️ #beritaterkini #trending #fyp #shortsvideo,Masken,2026-09-21T23:40:09Z,neutral,AI-assisted semantic labeling
4950,"Netizen yg Budiman,,itu catering sekolah swasta internasional..wajarlah menu nya bergizi,, SPP nya aza sebulan jutaan sampai belasan. Jgn dibandingkan sama yg dikasih pemerintah untuk sekolah2 nengri jelas jauh berbeda lahh","netizen yg budiman,,itu catering sekolah swasta internasional..wajarlah menu nya bergizi,, spp nya aza sebulan jutaan sampai belasan. jgn dibandingkan sama yg dikasih pemerintah untuk sekolah2 nengri jelas jauh berbeda lahh",ISI MBG DISEKOLAH INI BIKIN WARGA NEGRI MELONGO⁉️ #beritaterkini #trending #fyp #shortsvideo,Masken,2026-09-21T23:34:32Z,neutral,AI-assisted semantic labeling
4951,Asal cocok uangnya pastilah beda... Ohhhh konoha,asal cocok uangnya pastilah beda.. ohh konoha,ISI MBG DISEKOLAH INI BIKIN WARGA NEGRI MELONGO⁉️ #beritaterkini #trending #fyp #shortsvideo,Masken,2026-09-21T23:28:36Z,neutral,AI-assisted semantic labeling
4965,Kalau itu asli mbg,kalau itu asli mbg,ISI MBG DISEKOLAH INI BIKIN WARGA NEGRI MELONGO⁉️ #beritaterkini #trending #fyp #shortsvideo,Masken,2026-09-21T23:05:29Z,neutral,AI-assisted semantic labeling
4974,Sekali2 liat dong bang di sekolah negeri yang agak pinggiran....,sekali2 liat dong bang di sekolah negeri yang agak pinggiran..,ISI MBG DISEKOLAH INI BIKIN WARGA NEGRI MELONGO⁉️ #beritaterkini #trending #fyp #shortsvideo,Masken,2026-09-21T22:46:27Z,neutral,AI-assisted semantic labeling
4975,Tidak malu sampeyan orang'kaya .tidak malu .bodoh orang tua tidak malu .naikya mobel .kasihan .orang miskin pak .sampeyan bodoh .makan itu tidak bisa beli .,tidak malu sampeyan orang'kaya .tidak malu .bodoh orang tua tidak malu .naikya mobel .kasihan .orang miskin pak .sampeyan bodoh .makan itu tidak bisa beli .,ISI MBG DISEKOLAH INI BIKIN WARGA NEGRI MELONGO⁉️ #beritaterkini #trending #fyp #shortsvideo,Masken,2026-09-21T22:44:12Z,negative,AI-assisted semantic labeling
4977,Ga ada keadilan bagi seluruh rakyat Indonesia,ga ada keadilan bagi seluruh rakyat indonesia,ISI MBG DISEKOLAH INI BIKIN WARGA NEGRI MELONGO⁉️ #beritaterkini #trending #fyp #shortsvideo,Masken,2026-09-21T22:41:57Z,neutral,AI-assisted semantic labeling
4981,"kayaknya ini mah emang dari sekolahnya bukan dari sppg, soalnya kalo mbg budget 15rb nggak mungkin pake KFC + anggur setangkai","kayaknya ini mah emang dari sekolahnya bukan dari sppg, soalnya kalo mbg budget 15rb nggak mungkin pake kfc + anggur setangkai",ISI MBG DISEKOLAH INI BIKIN WARGA NEGRI MELONGO⁉️ #beritaterkini #trending #fyp #shortsvideo,Masken,2026-09-21T22:37:03Z,neutral,AI-assisted semantic labeling
4990,Kalo sekolah negri pasti beda,kalo sekolah negri pasti beda,ISI MBG DISEKOLAH INI BIKIN WARGA NEGRI MELONGO⁉️ #beritaterkini #trending #fyp #shortsvideo,Masken,2026-09-21T22:26:53Z,neutral,AI-assisted semantic labeling
4994,Kok bisa beda kan budgednya sama 15 ribu peranak,kok bisa beda kan budgednya sama 15 ribu peranak,ISI MBG DISEKOLAH INI BIKIN WARGA NEGRI MELONGO⁉️ #beritaterkini #trending #fyp #shortsvideo,Masken,2026-09-21T22:20:10Z,neutral,AI-assisted semantic labeling
4995,"Yaiyalah, bayar sppnya aja mahal, sekopah yg myiapin Mbg Dan dimasak serta disediakan oleh pihak sekolah secara independen, dan modal Mbg ya dari spp bulanan yg elu bayar.","yaiyalah, bayar sppnya aja mahal, sekopah yg myiapin mbg dan dimasak serta disediakan oleh pihak sekolah secara independen, dan modal mbg ya dari spp bulanan yg elu bayar.",ISI MBG DISEKOLAH INI BIKIN WARGA NEGRI MELONGO⁉️ #beritaterkini #trending #fyp #shortsvideo,Masken,2026-09-21T22:18:03Z,neutral,AI-assisted semantic labeling
4999,MBG Jujur vs MBG di korupsi.....😂,mbg jujur vs mbg di korupsi..😂,ISI MBG DISEKOLAH INI BIKIN WARGA NEGRI MELONGO⁉️ #beritaterkini #trending #fyp #shortsvideo,Masken,2026-09-21T22:07:54Z,negative,AI-assisted semantic labeling
5006,Perbedaan si miskin & si kaya.. Emng pemerintah & pejabatnya kaya tai semua..semoga cepet2 di azab orang2 pemerintah & pemimpin yg dzalim kpd rakyat kecil..,perbedaan si miskin & si kaya.. emng pemerintah & pejabatnya kaya tai semua..semoga cepet2 di azab orang2 pemerintah & pemimpin yg dzalim kpd rakyat kecil..,ISI MBG DISEKOLAH INI BIKIN WARGA NEGRI MELONGO⁉️ #beritaterkini #trending #fyp #shortsvideo,Masken,2026-09-21T21:55:09Z,neutral,AI-assisted semantic labeling
5008,MBG sistem kasta😢,mbg sistem kasta😢,ISI MBG DISEKOLAH INI BIKIN WARGA NEGRI MELONGO⁉️ #beritaterkini #trending #fyp #shortsvideo,Masken,2026-09-21T21:40:30Z,negative,AI-assisted semantic labeling
5013,Kan yg sekolah di situ menunya ya lain negara ini di pimpin orang pintar,kan yg sekolah di situ menunya ya lain negara ini di pimpin orang pintar,ISI MBG DISEKOLAH INI BIKIN WARGA NEGRI MELONGO⁉️ #beritaterkini #trending #fyp #shortsvideo,Masken,2026-09-21T21:19:46Z,neutral,AI-assisted semantic labeling
5017,"Ini masih bagus mas. Daerah sy cm anggur 2 butir,  ayam kecil banget itu kl ada. Buat emak"" lebih bagus . Hapus aja MBG. Ortu msih bisa kasih mkan ank"" nya lebih bergizi dan kebersihan nya jg  sangat terjaga kl ortu yg msak.","ini masih bagus mas. daerah sy cm anggur 2 butir, ayam kecil banget itu kl ada. buat emak"" lebih bagus . hapus aja mbg. ortu msih bisa kasih mkan ank"" nya lebih bergizi dan kebersihan nya jg sangat terjaga kl ortu yg msak.",ISI MBG DISEKOLAH INI BIKIN WARGA NEGRI MELONGO⁉️ #beritaterkini #trending #fyp #shortsvideo,Masken,2026-09-21T21:13:41Z,neutral,AI-assisted semantic labeling
5029,"MBG yang ditontonkan  memuaskan dan sangat layak bergizi , coba di sekolah lain","mbg yang ditontonkan memuaskan dan sangat layak bergizi , coba di sekolah lain",ISI MBG DISEKOLAH INI BIKIN WARGA NEGRI MELONGO⁉️ #beritaterkini #trending #fyp #shortsvideo,Masken,2026-09-21T20:14:38Z,neutral,AI-assisted semantic labeling
5040,Ini ayam siap saji yg dibilang gak sehat.tapi MBG kan makan bergizi gratis tapi kok ada yg keracunan. Mending siap saji dong,ini ayam siap saji yg dibilang gak sehat.tapi mbg kan makan bergizi gratis tapi kok ada yg keracunan. mending siap saji dong,ISI MBG DISEKOLAH INI BIKIN WARGA NEGRI MELONGO⁉️ #beritaterkini #trending #fyp #shortsvideo,Masken,2026-09-21T19:50:56Z,negative,AI-assisted semantic labeling
5050,Itu mah udah dituker 😂😂😂,itu mah udah dituker 😂😂,ISI MBG DISEKOLAH INI BIKIN WARGA NEGRI MELONGO⁉️ #beritaterkini #trending #fyp #shortsvideo,Masken,2026-09-21T18:57:51Z,neutral,AI-assisted semantic labeling
5065,Uang sekolahnya aj beda.😂😂😂😂😂😂 y jelaa ada dana sendiri..sdm dipakek,uang sekolahnya aj beda.😂😂 y jelaa ada dana sendiri..sdm dipakek,ISI MBG DISEKOLAH INI BIKIN WARGA NEGRI MELONGO⁉️ #beritaterkini #trending #fyp #shortsvideo,Masken,2026-09-21T17:57:39Z,negative,AI-assisted semantic labeling
5066,JANGAN PILIH PRABOWO 2029,jangan pilih prabowo 2029,ISI MBG DISEKOLAH INI BIKIN WARGA NEGRI MELONGO⁉️ #beritaterkini #trending #fyp #shortsvideo,Masken,2026-09-21T17:57:09Z,neutral,AI-assisted semantic labeling
5073,Ini bukan MBG tapi promosi KFC....,ini bukan mbg tapi promosi kfc..,ISI MBG DISEKOLAH INI BIKIN WARGA NEGRI MELONGO⁉️ #beritaterkini #trending #fyp #shortsvideo,Masken,2026-09-21T17:27:24Z,neutral,AI-assisted semantic labeling
5107,Pejabat anjay,pejabat anjay,ISI MBG DISEKOLAH INI BIKIN WARGA NEGRI MELONGO⁉️ #beritaterkini #trending #fyp #shortsvideo,Masken,2026-09-21T16:13:23Z,neutral,AI-assisted semantic labeling
5108,BANGSAATTTT,bangsaatt,ISI MBG DISEKOLAH INI BIKIN WARGA NEGRI MELONGO⁉️ #beritaterkini #trending #fyp #shortsvideo,Masken,2026-09-21T16:11:45Z,neutral,AI-assisted semantic labeling
5110,STOP BAYAR PAJAK......!!!!!!!!  UDAH JELAS INI ADA KASTA DALAM PEMBAGIAN eM Be GE........ emang pejabat dzolim....!!!     SEMOGA ADA ADZAB YG MENGIRINGI KEHIDUPANNYA DI DUNIA dan AKHIRAT.NYA........!!!,stop bayar pajak..!! udah jelas ini ada kasta dalam pembagian em be ge.. emang pejabat dzolim..!! semoga ada adzab yg mengiringi kehidupannya di dunia dan akhirat.nya..!!,ISI MBG DISEKOLAH INI BIKIN WARGA NEGRI MELONGO⁉️ #beritaterkini #trending #fyp #shortsvideo,Masken,2026-09-21T16:09:48Z,neutral,AI-assisted semantic labeling
5115,"Gak mungkin di sekolahan elit mbg nya busuk , karna para orang kaya bisa nuntut si gemdut😅","gak mungkin di sekolahan elit mbg nya busuk , karna para orang kaya bisa nuntut si gemdut😅",ISI MBG DISEKOLAH INI BIKIN WARGA NEGRI MELONGO⁉️ #beritaterkini #trending #fyp #shortsvideo,Masken,2026-09-21T16:00:49Z,negative,AI-assisted semantic labeling
5118,"itu dimana bang ? tanggal berapa?
laporkan ke BGN kalau ada diskriminasi menu seperti itu.
anggaran 15000 ga mungkin dapat seperti itu",itu dimana bang ? tanggal berapa? laporkan ke bgn kalau ada diskriminasi menu seperti itu. anggaran 1500 ga mungkin dapat seperti itu,ISI MBG DISEKOLAH INI BIKIN WARGA NEGRI MELONGO⁉️ #beritaterkini #trending #fyp #shortsvideo,Masken,2026-09-21T15:58:21Z,neutral,AI-assisted semantic labeling
5125,"Pemerintah Tunduk pada yg berduit pada yang miskin terserah kasi apa aja yg penting makanan, itulah tai'nya presiden","pemerintah tunduk pada yg berduit pada yang miskin terserah kasi apa aja yg penting makanan, itulah tai'nya presiden",ISI MBG DISEKOLAH INI BIKIN WARGA NEGRI MELONGO⁉️ #beritaterkini #trending #fyp #shortsvideo,Masken,2026-09-21T15:47:14Z,neutral,AI-assisted semantic labeling
5135,Di kampung gak gitu bang,di kampung gak gitu bang,ISI MBG DISEKOLAH INI BIKIN WARGA NEGRI MELONGO⁉️ #beritaterkini #trending #fyp #shortsvideo,Masken,2026-09-21T15:37:56Z,neutral,AI-assisted semantic labeling
5141,Wah gak jelas nih Prabowo,wah gak jelas nih prabowo,ISI MBG DISEKOLAH INI BIKIN WARGA NEGRI MELONGO⁉️ #beritaterkini #trending #fyp #shortsvideo,Masken,2026-09-21T15:34:18Z,neutral,AI-assisted semantic labeling
5149,Itu g mgkin keracunan...kn orderrr😅,itu g mgkin keracunan..kn orderr😅,ISI MBG DISEKOLAH INI BIKIN WARGA NEGRI MELONGO⁉️ #beritaterkini #trending #fyp #shortsvideo,Masken,2026-09-21T15:26:15Z,negative,AI-assisted semantic labeling
5152,Hoax secara hitungan udah diatas 30rb itu😂,hoax secara hitungan udah diatas 30rb itu😂,ISI MBG DISEKOLAH INI BIKIN WARGA NEGRI MELONGO⁉️ #beritaterkini #trending #fyp #shortsvideo,Masken,2026-09-21T15:23:47Z,neutral,AI-assisted semantic labeling
5164,"Niat awal dri gibran tuh lebih krang kaya gini..
 Jdi gibran ingin melibatkan pengusaha UMKM sperti warung makn.catring dll jdi gibran pesen ke mereka makan  yg bergizi lalu di berika  ke siswa. Krna gibran yakin uang 10-15rb di tangan mereka isi nya jelas lbh bergizi dri pda di tangan aparat yg pasti di korup.. tpi trnyata prabowo malah melibatkan tni dan polrii",niat awal dri gibran tuh lebih krang kaya gini.. jdi gibran ingin melibatkan pengusaha umkm sperti warung makn.catring dll jdi gibran pesen ke mereka makan yg bergizi lalu di berika ke siswa. krna gibran yakin uang 10-15rb di tangan mereka isi nya jelas lbh bergizi dri pda di tangan aparat yg pasti di korup.. tpi trnyata prabowo malah melibatkan tni dan polrii,ISI MBG DISEKOLAH INI BIKIN WARGA NEGRI MELONGO⁉️ #beritaterkini #trending #fyp #shortsvideo,Masken,2026-09-21T15:08:15Z,neutral,AI-assisted semantic labeling
5178,Loginya aj jelas KFC jls itu BKN MBG tp catering sekolah,loginya aj jelas kfc jls itu bkn mbg tp catering sekolah,ISI MBG DISEKOLAH INI BIKIN WARGA NEGRI MELONGO⁉️ #beritaterkini #trending #fyp #shortsvideo,Masken,2026-09-21T14:55:56Z,neutral,AI-assisted semantic labeling
5207,Kalau anak di Gowa Sulawesi Selatan ..TDK Begitu isi nya....sangat menyedihkan....sekal i see i  menu nya......dan itu pun kadang anak sy TDK mau ....dan banyak hal hal lain...deh ....👎💀☠️👺👹👎👎👎👎👎,kalau anak di gowa sulawesi selatan ..tdk begitu isi nya..sangat menyedihkan..sekal i see i menu nya..dan itu pun kadang anak sy tdk mau ..dan banyak hal hal lain..deh ..👎💀☠️👺👹👎👎,ISI MBG DISEKOLAH INI BIKIN WARGA NEGRI MELONGO⁉️ #beritaterkini #trending #fyp #shortsvideo,Masken,2026-09-21T14:14:50Z,neutral,AI-assisted semantic labeling
5212,Ternyata ada oermaenan di menu MBG disetiap sekolah...,ternyata ada oermaenan di menu mbg disetiap sekolah..,ISI MBG DISEKOLAH INI BIKIN WARGA NEGRI MELONGO⁉️ #beritaterkini #trending #fyp #shortsvideo,Masken,2026-09-21T14:03:29Z,neutral,AI-assisted semantic labeling
5217,"Internasional anak orang kaya,MBG beda,,SDN menunya gak layak,,","internasional anak orang kaya,mbg beda,,sdn menunya gak layak,,",ISI MBG DISEKOLAH INI BIKIN WARGA NEGRI MELONGO⁉️ #beritaterkini #trending #fyp #shortsvideo,Masken,2026-09-21T13:59:48Z,negative,AI-assisted semantic labeling
5218,"beda kelas boss kl dibandingin dg negara lain krn pejabatnya jujur, kl di negri konoha sendiri pejabatnya rakus semua ada yg mantan napi koruptor msih bisa jd pejabat 🤦","beda kelas boss kl dibandingin dg negara lain krn pejabatnya jujur, kl di negri konoha sendiri pejabatnya rakus semua ada yg mantan napi koruptor msih bisa jd pejabat 🤦",ISI MBG DISEKOLAH INI BIKIN WARGA NEGRI MELONGO⁉️ #beritaterkini #trending #fyp #shortsvideo,Masken,2026-09-21T13:58:05Z,neutral,AI-assisted semantic labeling
5223,Mau kfc mah ga usah pake mbg....orang tua di sekolah internasional mah teu perlu nu kitu patut atuh.....mbg ..mbg...,mau kfc mah ga usah pake mbg..orang tua di sekolah internasional mah teu perlu nu kitu patut atuh..mbg ..mbg..,ISI MBG DISEKOLAH INI BIKIN WARGA NEGRI MELONGO⁉️ #beritaterkini #trending #fyp #shortsvideo,Masken,2026-09-21T13:55:25Z,neutral,AI-assisted semantic labeling
5229,Mbg kita banyak di korupsi,mbg kita banyak di korupsi,ISI MBG DISEKOLAH INI BIKIN WARGA NEGRI MELONGO⁉️ #beritaterkini #trending #fyp #shortsvideo,Masken,2026-09-21T13:48:19Z,negative,AI-assisted semantic labeling
5232,Bazer pemerintah lagi buat konten😂😂😂😂😂,bazer pemerintah lagi buat konten😂😂,ISI MBG DISEKOLAH INI BIKIN WARGA NEGRI MELONGO⁉️ #beritaterkini #trending #fyp #shortsvideo,Masken,2026-09-21T13:45:11Z,neutral,AI-assisted semantic labeling
5237,parbowo parbowo hadeuhh kacaw😅,parbowo parbowo hadeuhh kacaw😅,ISI MBG DISEKOLAH INI BIKIN WARGA NEGRI MELONGO⁉️ #beritaterkini #trending #fyp #shortsvideo,Masken,2026-09-21T13:42:32Z,neutral,AI-assisted semantic labeling
5239,"Pak kalo buat berita itu yg benar
..kalo sekolah international memang dapat makan....sebelum MBG ada memang namanya Sekolah International bukan kaleng kaleng....",pak kalo buat berita itu yg benar ..kalo sekolah international memang dapat makan..sebelum mbg ada memang namanya sekolah international bukan kaleng kaleng..,ISI MBG DISEKOLAH INI BIKIN WARGA NEGRI MELONGO⁉️ #beritaterkini #trending #fyp #shortsvideo,Masken,2026-09-21T13:40:11Z,positive,AI-assisted semantic labeling
5253,Kacau,kacau,ISI MBG DISEKOLAH INI BIKIN WARGA NEGRI MELONGO⁉️ #beritaterkini #trending #fyp #shortsvideo,Masken,2026-09-21T13:17:17Z,neutral,AI-assisted semantic labeling
5257,Menjekelkan benar prabowo gk pro rakyat,menjekelkan benar prabowo gk pro rakyat,ISI MBG DISEKOLAH INI BIKIN WARGA NEGRI MELONGO⁉️ #beritaterkini #trending #fyp #shortsvideo,Masken,2026-09-21T13:11:54Z,neutral,AI-assisted semantic labeling
5266,Kok beda mbg nya dahe har salatiga dan sekira nya,kok beda mbg nya dahe har salatiga dan sekira nya,ISI MBG DISEKOLAH INI BIKIN WARGA NEGRI MELONGO⁉️ #beritaterkini #trending #fyp #shortsvideo,Masken,2026-09-21T12:58:13Z,neutral,AI-assisted semantic labeling
5267,"Project Mubazir...
Asal bagi aja...
Ini bukan sekolah stunting
Focus MBG katanya buat atasi stunting... Guob○○g paraah nih Woo...",project mubazir.. asal bagi aja.. ini bukan sekolah stunting focus mbg katanya buat atasi stunting.. guob○○g paraah nih woo..,ISI MBG DISEKOLAH INI BIKIN WARGA NEGRI MELONGO⁉️ #beritaterkini #trending #fyp #shortsvideo,Masken,2026-09-21T12:55:42Z,neutral,AI-assisted semantic labeling
5272,"Mbg jelas bgt ladang korupsi anggur 2 biji SD NEGRI 
Poto mbg yg d bagikan SMA real asli TDK sesuai malah berkurang .... 

Udh jelas2 mending buwat gratis skolah .... Bntuan ank berprestasi ...",mbg jelas bgt ladang korupsi anggur 2 biji sd negri poto mbg yg d bagikan sma real asli tdk sesuai malah berkurang .. udh jelas2 mending buwat gratis skolah .. bntuan ank berprestasi ..,ISI MBG DISEKOLAH INI BIKIN WARGA NEGRI MELONGO⁉️ #beritaterkini #trending #fyp #shortsvideo,Masken,2026-09-21T12:52:39Z,negative,AI-assisted semantic labeling
5279,Makanan Bermicin Gratis,makanan bermicin gratis,ISI MBG DISEKOLAH INI BIKIN WARGA NEGRI MELONGO⁉️ #beritaterkini #trending #fyp #shortsvideo,Masken,2026-09-21T12:42:11Z,neutral,AI-assisted semantic labeling
5281,Wah ini perlu di viralin biar.. tidak ada perbedaan lagi menunya,wah ini perlu di viralin biar.. tidak ada perbedaan lagi menunya,ISI MBG DISEKOLAH INI BIKIN WARGA NEGRI MELONGO⁉️ #beritaterkini #trending #fyp #shortsvideo,Masken,2026-09-21T12:37:51Z,neutral,AI-assisted semantic labeling
5283,Lah sekolah international malah dapat mbg orang kaya² 😂😂😂,lah sekolah international malah dapat mbg orang kaya2 😂😂,ISI MBG DISEKOLAH INI BIKIN WARGA NEGRI MELONGO⁉️ #beritaterkini #trending #fyp #shortsvideo,Masken,2026-09-21T12:33:22Z,negative,AI-assisted semantic labeling
5284,Ya jelas sekolahnya aja internasional.klo ga mewah ortunya protes .,ya jelas sekolahnya aja internasional.klo ga mewah ortunya protes .,ISI MBG DISEKOLAH INI BIKIN WARGA NEGRI MELONGO⁉️ #beritaterkini #trending #fyp #shortsvideo,Masken,2026-09-21T12:33:21Z,neutral,AI-assisted semantic labeling
5287,Males bgt. Mbg catering nya KFC,males bgt. mbg catering nya kfc,ISI MBG DISEKOLAH INI BIKIN WARGA NEGRI MELONGO⁉️ #beritaterkini #trending #fyp #shortsvideo,Masken,2026-09-21T12:27:03Z,neutral,AI-assisted semantic labeling
5290,"terimakasih atas informasi nya
memang penjilat kekuasaan 😂😂😂 yg sekolah elit sama sekolah kabupaten beda jauh",terimakasih atas informasi nya memang penjilat kekuasaan 😂😂 yg sekolah elit sama sekolah kabupaten beda jauh,ISI MBG DISEKOLAH INI BIKIN WARGA NEGRI MELONGO⁉️ #beritaterkini #trending #fyp #shortsvideo,Masken,2026-09-21T12:25:28Z,negative,AI-assisted semantic labeling
5306,"Kalau KALIAN MENONTON VIDEO INI COBA DEMO.VIRALKAN DAN BERSATU, JANGAN DIAM SAJA KALIAN YANG HANYA BERANI KOMENTAR DI BELAKANG SAJA TAPI DI DEPAN PENGECUT GAK BERANI MAJU.........SAYA MINTA MAAF  BICARA SEPERTI INI KARENA SAYA MUAK MELIHAT KOMENTAR KOMENTAR YANG HANYA BERANI DIBELAKANG SAJA TAPI GAK BERANI UNTUK MEMBAWA BERSATU MAJU....TERIMA KASIH","kalau kalian menonton video ini coba demo.viralkan dan bersatu, jangan diam saja kalian yang hanya berani komentar di belakang saja tapi di depan pengecut gak berani maju..saya minta maaf bicara seperti ini karena saya muak melihat komentar komentar yang hanya berani dibelakang saja tapi gak berani untuk membawa bersatu maju..terima kasih",ISI MBG DISEKOLAH INI BIKIN WARGA NEGRI MELONGO⁉️ #beritaterkini #trending #fyp #shortsvideo,Masken,2026-09-21T12:10:18Z,neutral,AI-assisted semantic labeling
5318,tambah nyakitin rakyat aja nih,tambah nyakitin rakyat aja nih,ISI MBG DISEKOLAH INI BIKIN WARGA NEGRI MELONGO⁉️ #beritaterkini #trending #fyp #shortsvideo,Masken,2026-09-21T12:00:10Z,neutral,AI-assisted semantic labeling
5319,Pro Barat..... KFSiiii..... Sama juga boong..... Kagak  berpihak pada petani lokal,pro barat.. kfsii.. sama juga boong.. kagak berpihak pada petani lokal,ISI MBG DISEKOLAH INI BIKIN WARGA NEGRI MELONGO⁉️ #beritaterkini #trending #fyp #shortsvideo,Masken,2026-09-21T12:00:08Z,neutral,AI-assisted semantic labeling
5334,Kok beda y sma di mbg ditempat ku ampun dah sedih gue lihat perbedaan kek gini kata nya bineka tunggal ika.🥱,kok beda y sma di mbg ditempat ku ampun dah sedih gue lihat perbedaan kek gini kata nya bineka tunggal ika.🥱,ISI MBG DISEKOLAH INI BIKIN WARGA NEGRI MELONGO⁉️ #beritaterkini #trending #fyp #shortsvideo,Masken,2026-09-21T11:46:10Z,negative,AI-assisted semantic labeling
5342,Klo utuk sekolahan2 rakyat biyasa rakyat bawah mbg nya bisa di bilang galayak utuk di makan .,klo utuk sekolahan2 rakyat biyasa rakyat bawah mbg nya bisa di bilang galayak utuk di makan .,ISI MBG DISEKOLAH INI BIKIN WARGA NEGRI MELONGO⁉️ #beritaterkini #trending #fyp #shortsvideo,Masken,2026-09-21T11:37:24Z,neutral,AI-assisted semantic labeling
5353,Cama cuma komen di medsos.mendingan demo besarbasaran ajak tu anak sekolah.datangi ke gedung dpr.orasi spusnya.klo g di respon hancurkan,cama cuma komen di medsos.mendingan demo besarbasaran ajak tu anak sekolah.datangi ke gedung dpr.orasi spusnya.klo g di respon hancurkan,ISI MBG DISEKOLAH INI BIKIN WARGA NEGRI MELONGO⁉️ #beritaterkini #trending #fyp #shortsvideo,Masken,2026-09-21T11:22:14Z,negative,AI-assisted semantic labeling
5355,"MBG sekolah internasional itu rata rata orang kaya,,,jadi sama pemerintah disesuaikan dengan kondisi perut....kalau isi ada tempe malah mubadir nggak akan kemakan","mbg sekolah internasional itu rata rata orang kaya,,jadi sama pemerintah disesuaikan dengan kondisi perut..kalau isi ada tempe malah mubadir nggak akan kemakan",ISI MBG DISEKOLAH INI BIKIN WARGA NEGRI MELONGO⁉️ #beritaterkini #trending #fyp #shortsvideo,Masken,2026-09-21T11:21:57Z,neutral,AI-assisted semantic labeling
5360,Lah orang kaya dikasih mbg uangnya lah mubah mubah ... Maklum anak orang kaya isinya buang duit,lah orang kaya dikasih mbg uangnya lah mubah mubah .. maklum anak orang kaya isinya buang duit,ISI MBG DISEKOLAH INI BIKIN WARGA NEGRI MELONGO⁉️ #beritaterkini #trending #fyp #shortsvideo,Masken,2026-09-21T11:17:16Z,neutral,AI-assisted semantic labeling
5362,"Cucu saya di sd kampung, cm pake soto seuprit sama telor sebelah hampir bau basi, anggur ungu 3biji","cucu saya di sd kampung, cm pake soto seuprit sama telor sebelah hampir bau basi, anggur ungu 3biji",ISI MBG DISEKOLAH INI BIKIN WARGA NEGRI MELONGO⁉️ #beritaterkini #trending #fyp #shortsvideo,Masken,2026-09-21T11:16:21Z,negative,AI-assisted semantic labeling
5372,Klw yg lain 3 biji anggurx trllu bnyk korupsi,klw yg lain 3 biji anggurx trllu bnyk korupsi,ISI MBG DISEKOLAH INI BIKIN WARGA NEGRI MELONGO⁉️ #beritaterkini #trending #fyp #shortsvideo,Masken,2026-09-21T11:02:27Z,negative,AI-assisted semantic labeling
5396,"Papu, apakabar kamu papuaa.. ?","papu, apakabar kamu papuaa.. ?",ISI MBG DISEKOLAH INI BIKIN WARGA NEGRI MELONGO⁉️ #beritaterkini #trending #fyp #shortsvideo,Masken,2026-09-21T10:30:07Z,neutral,AI-assisted semantic labeling
5398,"1 ayam satu nasi kfc, berapa tuh, sekitar 32rb-an kalo ga salah, saladnya kayak salad hokben, 10rb-an, susu ultra 7rb-an, ma anggur 3-4 butir, berapa yah.., gue taro 5rb kali ya, total sekitaran 50rb kurang lebih, sedang MBG normal budgetnya 15rb officialnya, walau ga tau nyampe ke siswa tinggal berapa","1 ayam satu nasi kfc, berapa tuh, sekitar 32rb-an kalo ga salah, saladnya kayak salad hokben, 10rb-an, susu ultra 7rb-an, ma anggur 3-4 butir, berapa yah.., gue taro 5rb kali ya, total sekitaran 50rb kurang lebih, sedang mbg normal budgetnya 15rb officialnya, walau ga tau nyampe ke siswa tinggal berapa",ISI MBG DISEKOLAH INI BIKIN WARGA NEGRI MELONGO⁉️ #beritaterkini #trending #fyp #shortsvideo,Masken,2026-09-21T10:29:04Z,negative,AI-assisted semantic labeling
5403,"Apa dananya ditambahin dari sekolah, kan MBG cuma 10rb, KFC gk ada yg harganya 10rb, blom anggur, susu ultra","apa dananya ditambahin dari sekolah, kan mbg cuma 10rb, kfc gk ada yg harganya 10rb, blom anggur, susu ultra",ISI MBG DISEKOLAH INI BIKIN WARGA NEGRI MELONGO⁉️ #beritaterkini #trending #fyp #shortsvideo,Masken,2026-09-21T10:26:00Z,neutral,AI-assisted semantic labeling
5419,Dibayar berapa lau bos ??,dibayar berapa lau bos ??,ISI MBG DISEKOLAH INI BIKIN WARGA NEGRI MELONGO⁉️ #beritaterkini #trending #fyp #shortsvideo,Masken,2026-09-21T10:08:53Z,neutral,AI-assisted semantic labeling
5422,"Sekolahnya orang kaya tetap dapat MBG.
Coba kalian tenggok wahai pejabat negeri ini,masih byk rakyatmu tidak sanggup mkn,mkn cuma ala kadarnya yg penting perut terisi","sekolahnya orang kaya tetap dapat mbg. coba kalian tenggok wahai pejabat negeri ini,masih byk rakyatmu tidak sanggup mkn,mkn cuma ala kadarnya yg penting perut terisi",ISI MBG DISEKOLAH INI BIKIN WARGA NEGRI MELONGO⁉️ #beritaterkini #trending #fyp #shortsvideo,Masken,2026-09-21T10:04:29Z,neutral,AI-assisted semantic labeling
5435,"Jauh banget bedanya...
 Nasi ga dibungkus..
Ayam goreng keras dan rasa asin doang 
Anggur 4 butir
Oseng tempe
Sayur labu siang + wortel",jauh banget bedanya.. nasi ga dibungkus.. ayam goreng keras dan rasa asin doang anggur 4 butir oseng tempe sayur labu siang + wortel,ISI MBG DISEKOLAH INI BIKIN WARGA NEGRI MELONGO⁉️ #beritaterkini #trending #fyp #shortsvideo,Masken,2026-09-21T09:52:21Z,neutral,AI-assisted semantic labeling
5455,"Dasar provokator , niat mengadu domba","dasar provokator , niat mengadu domba",ISI MBG DISEKOLAH INI BIKIN WARGA NEGRI MELONGO⁉️ #beritaterkini #trending #fyp #shortsvideo,Masken,2026-09-21T09:31:19Z,neutral,AI-assisted semantic labeling
5469,"Kok beda? Anak SMP dpt MBG seiprit jg anak saya tetep bawa bekel dr rumah, apalagi anak cowok jauh dr cukup JD anak"" malah sangunya minta lebih Krn mbgnya TDK bikin kenyang eh ini malah sekolah int. Malah MBG super premium","kok beda? anak smp dpt mbg seiprit jg anak saya tetep bawa bekel dr rumah, apalagi anak cowok jauh dr cukup jd anak"" malah sangunya minta lebih krn mbgnya tdk bikin kenyang eh ini malah sekolah int. malah mbg super premium",ISI MBG DISEKOLAH INI BIKIN WARGA NEGRI MELONGO⁉️ #beritaterkini #trending #fyp #shortsvideo,Masken,2026-09-21T09:16:57Z,neutral,AI-assisted semantic labeling
5477,"Negara' Konoha 😅😅pilih kasi.. sekolah kelas atas mbg keren,sekolah menengah kebawah hahaha racun racun.😅😅","negara' konoha 😅😅pilih kasi.. sekolah kelas atas mbg keren,sekolah menengah kebawah hahaha racun racun.😅😅",ISI MBG DISEKOLAH INI BIKIN WARGA NEGRI MELONGO⁉️ #beritaterkini #trending #fyp #shortsvideo,Masken,2026-09-21T09:07:45Z,negative,AI-assisted semantic labeling
5486,BGN tdk mau sidak lgsug dan jgn ksh tau sppgnya baru tau sperti apa...,bgn tdk mau sidak lgsug dan jgn ksh tau sppgnya baru tau sperti apa..,ISI MBG DISEKOLAH INI BIKIN WARGA NEGRI MELONGO⁉️ #beritaterkini #trending #fyp #shortsvideo,Masken,2026-09-21T08:56:33Z,neutral,AI-assisted semantic labeling
5492,Ini yang dimaksud membedakan rakyat miskin dan kaya pegawainya samber gelap yang membeda bedakan bajingan semua itu kanduit rakyat bajingan semua .,ini yang dimaksud membedakan rakyat miskin dan kaya pegawainya samber gelap yang membeda bedakan bajingan semua itu kanduit rakyat bajingan semua .,ISI MBG DISEKOLAH INI BIKIN WARGA NEGRI MELONGO⁉️ #beritaterkini #trending #fyp #shortsvideo,Masken,2026-09-21T08:48:12Z,neutral,AI-assisted semantic labeling
5507,Itu beneran MBG dr pemerintah?,itu beneran mbg dr pemerintah?,ISI MBG DISEKOLAH INI BIKIN WARGA NEGRI MELONGO⁉️ #beritaterkini #trending #fyp #shortsvideo,Masken,2026-09-21T08:31:48Z,neutral,AI-assisted semantic labeling
5508,"MBG ORANG MISKIN BERBEDA DENGAN ORANG KAYA...

MBG ORANG MISKIN BANYAK YANG KERACUNAN, 
SEDANGKAN SEKOLAH ORANG KAYA INI KFC DAN ADA ANGGUR NYA..




HALOOOO...PAK PRABOWO, INI MEMANG BEDA ATAU DIBEDAKAN..","mbg orang miskin berbeda dengan orang kaya.. mbg orang miskin banyak yang keracunan, sedangkan sekolah orang kaya ini kfc dan ada anggur nya.. haloo..pak prabowo, ini memang beda atau dibedakan..",ISI MBG DISEKOLAH INI BIKIN WARGA NEGRI MELONGO⁉️ #beritaterkini #trending #fyp #shortsvideo,Masken,2026-09-21T08:30:48Z,negative,AI-assisted semantic labeling
5517,"Makanannya bukan produk yg dikelola SPPG, berarti bukan dari program pemerintah.","makanannya bukan produk yg dikelola sppg, berarti bukan dari program pemerintah.",ISI MBG DISEKOLAH INI BIKIN WARGA NEGRI MELONGO⁉️ #beritaterkini #trending #fyp #shortsvideo,Masken,2026-09-21T08:18:16Z,neutral,AI-assisted semantic labeling
5520,"Hapus mbg , buat apa di beda"" kan seperti itu","hapus mbg , buat apa di beda"" kan seperti itu",ISI MBG DISEKOLAH INI BIKIN WARGA NEGRI MELONGO⁉️ #beritaterkini #trending #fyp #shortsvideo,Masken,2026-09-21T08:12:51Z,neutral,AI-assisted semantic labeling
5530,Apa ya mksd nya pemerintah?  Sekolah International d ksh mbg? Itu pun harga mahal gmn cara otak pejabat bekerja,apa ya mksd nya pemerintah? sekolah international d ksh mbg? itu pun harga mahal gmn cara otak pejabat bekerja,ISI MBG DISEKOLAH INI BIKIN WARGA NEGRI MELONGO⁉️ #beritaterkini #trending #fyp #shortsvideo,Masken,2026-09-21T08:09:06Z,neutral,AI-assisted semantic labeling
5548,Up,up,ISI MBG DISEKOLAH INI BIKIN WARGA NEGRI MELONGO⁉️ #beritaterkini #trending #fyp #shortsvideo,Masken,2026-09-21T07:51:01Z,neutral,AI-assisted semantic labeling
5554,Inj MBG yg ga di korupsi yak,inj mbg yg ga di korupsi yak,ISI MBG DISEKOLAH INI BIKIN WARGA NEGRI MELONGO⁉️ #beritaterkini #trending #fyp #shortsvideo,Masken,2026-09-21T07:43:45Z,negative,AI-assisted semantic labeling
5565,Ooo seperti itu permainannya menu tergantung sekolahnya dan anak yg makan,oo seperti itu permainannya menu tergantung sekolahnya dan anak yg makan,ISI MBG DISEKOLAH INI BIKIN WARGA NEGRI MELONGO⁉️ #beritaterkini #trending #fyp #shortsvideo,Masken,2026-09-21T07:35:38Z,neutral,AI-assisted semantic labeling
5573,Wadduughh...perbedaanya jauh bgt ya..sm  SD negeri...ada apa nih MBG...diskriminatif...gila siihh...,wadduughh..perbedaanya jauh bgt ya..sm sd negeri..ada apa nih mbg..diskriminatif..gila siihh..,ISI MBG DISEKOLAH INI BIKIN WARGA NEGRI MELONGO⁉️ #beritaterkini #trending #fyp #shortsvideo,Masken,2026-09-21T07:29:06Z,neutral,AI-assisted semantic labeling
5574,mantappp kieu,mantapp kieu,ISI MBG DISEKOLAH INI BIKIN WARGA NEGRI MELONGO⁉️ #beritaterkini #trending #fyp #shortsvideo,Masken,2026-09-21T07:28:20Z,neutral,AI-assisted semantic labeling
5577,Itu komplotan mbg mana mungkin mbgnya begitu itu di beli harga 30 an dari kepsi,itu komplotan mbg mana mungkin mbgnya begitu itu di beli harga 30 an dari kepsi,ISI MBG DISEKOLAH INI BIKIN WARGA NEGRI MELONGO⁉️ #beritaterkini #trending #fyp #shortsvideo,Masken,2026-09-21T07:27:17Z,neutral,AI-assisted semantic labeling
5580,Terus Keadilan Sosial bags seluruh Rakyat Indonesia...mana...Daryono...pantas ngotot MBG dilanjut...koplak 😊😊,terus keadilan sosial bags seluruh rakyat indonesia..mana..daryono..pantas ngotot mbg dilanjut..koplak 😊😊,ISI MBG DISEKOLAH INI BIKIN WARGA NEGRI MELONGO⁉️ #beritaterkini #trending #fyp #shortsvideo,Masken,2026-09-21T07:25:47Z,negative,AI-assisted semantic labeling
5589,Sama2 anak bangsa sama2 bayar pajak tapi kenapa dibedakan emang bener2 bangsat,sama2 anak bangsa sama2 bayar pajak tapi kenapa dibedakan emang bener2 bangsat,ISI MBG DISEKOLAH INI BIKIN WARGA NEGRI MELONGO⁉️ #beritaterkini #trending #fyp #shortsvideo,Masken,2026-09-21T07:13:25Z,neutral,AI-assisted semantic labeling
5619,"Inilah perbedaan sekolah orang kaya,dan sekolah orang miskin
Kalau sekolah orang miskin banyak belatung dan beracun. 
Kalau sekolah orang kaya, lihat saja itu..","inilah perbedaan sekolah orang kaya,dan sekolah orang miskin kalau sekolah orang miskin banyak belatung dan beracun. kalau sekolah orang kaya, lihat saja itu..",ISI MBG DISEKOLAH INI BIKIN WARGA NEGRI MELONGO⁉️ #beritaterkini #trending #fyp #shortsvideo,Masken,2026-09-21T06:49:56Z,negative,AI-assisted semantic labeling
5628,Sudah orang orang kaya  malah makan nya super enak. Kalao untuk masyaraka terima apa adnyat liah wo,sudah orang orang kaya malah makan nya super enak. kalao untuk masyaraka terima apa adnyat liah wo,ISI MBG DISEKOLAH INI BIKIN WARGA NEGRI MELONGO⁉️ #beritaterkini #trending #fyp #shortsvideo,Masken,2026-09-21T06:40:43Z,neutral,AI-assisted semantic labeling
5631,Emang setan 😈,emang setan 😈,ISI MBG DISEKOLAH INI BIKIN WARGA NEGRI MELONGO⁉️ #beritaterkini #trending #fyp #shortsvideo,Masken,2026-09-21T06:39:26Z,neutral,AI-assisted semantic labeling
5633,Antek antek😂😂,antek antek😂😂,ISI MBG DISEKOLAH INI BIKIN WARGA NEGRI MELONGO⁉️ #beritaterkini #trending #fyp #shortsvideo,Masken,2026-09-21T06:38:00Z,neutral,AI-assisted semantic labeling
5651,"aneh..knp isinya beda jauh dengan sekolah sekolah lain? ada apa , padahal anggarannya sama!?","aneh..knp isinya beda jauh dengan sekolah sekolah lain? ada apa , padahal anggarannya sama!?",ISI MBG DISEKOLAH INI BIKIN WARGA NEGRI MELONGO⁉️ #beritaterkini #trending #fyp #shortsvideo,Masken,2026-09-21T06:18:17Z,neutral,AI-assisted semantic labeling
5655,Ini mbg ajir lah adik ku 3 mbg nya sama kalo gk tahu tongkol ayam suwir tempe sayur dah gk ada yg enak ajir 😂😂,ini mbg ajir lah adik ku 3 mbg nya sama kalo gk tahu tongkol ayam suwir tempe sayur dah gk ada yg enak ajir 😂😂,ISI MBG DISEKOLAH INI BIKIN WARGA NEGRI MELONGO⁉️ #beritaterkini #trending #fyp #shortsvideo,Masken,2026-09-21T06:15:58Z,negative,AI-assisted semantic labeling
5659,Yang bodoh bukan Presidennya tapi yang milihnya 😂😂,yang bodoh bukan presidennya tapi yang milihnya 😂😂,ISI MBG DISEKOLAH INI BIKIN WARGA NEGRI MELONGO⁉️ #beritaterkini #trending #fyp #shortsvideo,Masken,2026-09-21T06:13:06Z,negative,AI-assisted semantic labeling
5660,DI AKHIRAT NANTI TUNTUT SEMUA PEJABAT2 DZOLIM DI INDONESIA,di akhirat nanti tuntut semua pejabat2 dzolim di indonesia,ISI MBG DISEKOLAH INI BIKIN WARGA NEGRI MELONGO⁉️ #beritaterkini #trending #fyp #shortsvideo,Masken,2026-09-21T06:12:25Z,negative,AI-assisted semantic labeling
5666,Anjirrrrr,anjirr,ISI MBG DISEKOLAH INI BIKIN WARGA NEGRI MELONGO⁉️ #beritaterkini #trending #fyp #shortsvideo,Masken,2026-09-21T06:07:30Z,neutral,AI-assisted semantic labeling
5676,MBG dalam bayangan Wowo begini semua,mbg dalam bayangan wowo begini semua,ISI MBG DISEKOLAH INI BIKIN WARGA NEGRI MELONGO⁉️ #beritaterkini #trending #fyp #shortsvideo,Masken,2026-09-21T06:00:59Z,neutral,AI-assisted semantic labeling
5691,"Ham. Kemana? 
Ham. Kemana? 
Ham. Kemana?",ham. kemana? ham. kemana? ham. kemana?,"Memohon ke DPR, JPPI Desak Program MBG Prabowo Disetop: Petaka bagi Pendidikan, Guru Tumbal Racun",Tribunnews,2026-08-19T09:04:28Z,neutral,AI-assisted semantic labeling
5704,"Pendpat orang 2.800 juta beda2...
Yg penting penilaian dari segala lini  obyetif.

KaSebdnarny flm.ptogram  MBG  itu  Rakyat dari mulai  pejabat sampai rakyat biasa ini diajak kerja sama yg benar dan baik  dg pemerintah  demi..sejahteranya seluruh rakyat..indonesia
Yg buat peraturan dibilang aneh2   itu  adlah  .pejabat2  setempt  itu  maunya  demi untung pribadinya..( melenceng peraturan yg benar)
Jadi  bukan mutlak  kesalahan presiden..
.",pendpat orang 2.800 juta beda2.. yg penting penilaian dari segala lini obyetif. kasebdnarny flm.ptogram mbg itu rakyat dari mulai pejabat sampai rakyat biasa ini diajak kerja sama yg benar dan baik dg pemerintah demi..sejahteranya seluruh rakyat..indonesia yg buat peraturan dibilang aneh2 itu adlah .pejabat2 setempt itu maunya demi untung pribadinya..( melenceng peraturan yg benar) jadi bukan mutlak kesalahan presiden.. .,"Memohon ke DPR, JPPI Desak Program MBG Prabowo Disetop: Petaka bagi Pendidikan, Guru Tumbal Racun",Tribunnews,2026-07-22T05:11:37Z,negative,AI-assisted semantic labeling
5711,Setuju stop mbg,setuju stop mbg,"Memohon ke DPR, JPPI Desak Program MBG Prabowo Disetop: Petaka bagi Pendidikan, Guru Tumbal Racun",Tribunnews,2026-07-04T16:25:41Z,negative,AI-assisted semantic labeling
5720,"Kami rakyat lebih butuh MBG dari pada guru honor, lebih baik guru honor yg di hentikan.","kami rakyat lebih butuh mbg dari pada guru honor, lebih baik guru honor yg di hentikan.","Memohon ke DPR, JPPI Desak Program MBG Prabowo Disetop: Petaka bagi Pendidikan, Guru Tumbal Racun",Tribunnews,2026-06-09T15:40:45Z,negative,AI-assisted semantic labeling
5735,Betul 2 tutup tutup tutup MBG pakkk setop MBG pakkk GK jelas,betul 2 tutup tutup tutup mbg pakk setop mbg pakk gk jelas,"Memohon ke DPR, JPPI Desak Program MBG Prabowo Disetop: Petaka bagi Pendidikan, Guru Tumbal Racun",Tribunnews,2026-05-10T00:53:21Z,negative,AI-assisted semantic labeling
5740,"Setelah saya menonton vidoe ini, saya tertegun dan berfikir apakah impact dari progam yang ambisius ini dan heboh., mega biaya.   Pada suatu hari dalam usaha saya meskipun itu usaha kecil namun erat hubungan dengan currency asing untuk pembelian bahan yang diperdagangkan. Hari demi hari, saya memantau nilai IDR terhadap USD . dan IDR terus melemah. Timbul pertanyaan saya untuk mencari tahu dan pada akhirnya  bertanya pada AI ,(copilot). dengan kata kunci "" apakah USD melemah di negara lain selain Indonesia?"" AI menjawabanya, mau tanya jawabannya? Silahkan ketik kata kunci tersebut. Selanjutnya saya belum puas, laku bertanya kembali dengan kata kunci "" tetapi pada kenyataannya kenapa IDR melemah""AI memberikan jawabannya. Sungguh saya termenung. tatkala membacanya. Salah satunya program pada video ini ikut ambil andil kontribusinya.","setelah saya menonton vidoe ini, saya tertegun dan berfikir apakah impact dari progam yang ambisius ini dan heboh., mega biaya. pada suatu hari dalam usaha saya meskipun itu usaha kecil namun erat hubungan dengan currency asing untuk pembelian bahan yang diperdagangkan. hari demi hari, saya memantau nilai idr terhadap usd . dan idr terus melemah. timbul pertanyaan saya untuk mencari tahu dan pada akhirnya bertanya pada ai ,(copilot). dengan kata kunci "" apakah usd melemah di negara lain selain indonesia?"" ai menjawabanya, mau tanya jawabannya? silahkan ketik kata kunci tersebut. selanjutnya saya belum puas, laku bertanya kembali dengan kata kunci "" tetapi pada kenyataannya kenapa idr melemah""ai memberikan jawabannya. sungguh saya termenung. tatkala membacanya. salah satunya program pada video ini ikut ambil andil kontribusinya.","Memohon ke DPR, JPPI Desak Program MBG Prabowo Disetop: Petaka bagi Pendidikan, Guru Tumbal Racun",Tribunnews,2026-05-04T03:54:19Z,negative,AI-assisted semantic labeling
5744,Buat trus keputusan DPR RI bahwa MBG di tutup permanen,buat trus keputusan dpr ri bahwa mbg di tutup permanen,"Memohon ke DPR, JPPI Desak Program MBG Prabowo Disetop: Petaka bagi Pendidikan, Guru Tumbal Racun",Tribunnews,2026-05-03T01:58:41Z,neutral,AI-assisted semantic labeling
5747,Betul hentikan saja,betul hentikan saja,"Memohon ke DPR, JPPI Desak Program MBG Prabowo Disetop: Petaka bagi Pendidikan, Guru Tumbal Racun",Tribunnews,2026-04-27T14:29:01Z,neutral,AI-assisted semantic labeling
5748,Kasian anak2 keracunan,kasian anak2 keracunan,"Memohon ke DPR, JPPI Desak Program MBG Prabowo Disetop: Petaka bagi Pendidikan, Guru Tumbal Racun",Tribunnews,2026-04-27T14:24:26Z,negative,AI-assisted semantic labeling
5751,"Ya , bnyak tempat mbg, peluang di korupsi, , mbg hanya tempat nya orang2 berbuat korupsi","ya , bnyak tempat mbg, peluang di korupsi, , mbg hanya tempat nya orang2 berbuat korupsi","Memohon ke DPR, JPPI Desak Program MBG Prabowo Disetop: Petaka bagi Pendidikan, Guru Tumbal Racun",Tribunnews,2026-04-26T15:43:36Z,negative,AI-assisted semantic labeling
5757,"Sistim neg, kt wajib rakyat/ warga, ulama,, TNI krn dmulai dr presiden prtama Ri tanda kehancuran itu sdh klihta,soekarno anti islam dn dn mrk itu kiblatnya cina komunis ank pngut soekarno  mega sangat dukung pki tsb mka kni  wajib  kt ganti sistim neg kt dr yg pki anti allah yg mhapncipta  mha hidup d tdk akn mati  wajib diterapkan, kt rasa yg channel ini sangat cerdas otak dn hti breh dn otak bersih ini mulai sistim NabiNya wib diterapkan kmbali  hngga bru negara kt maju dseprti Nabi terapkn, yg mnentuknorg  yg amanah, jujur,mncontoh prilaku nabi d para sahabat nabi akhlaknya d nrsih dr sgala kezaliman/ suruk krn sejak jkwinggakni mrk datujuann hidup utk mkn yg haram, sama dg atau bhknnlnih hina d walau, dtak dan sangat berlawanan dg sistim Allah n nabiY layak smua mnusia utk memusahknnua","sistim neg, kt wajib rakyat/ warga, ulama,, tni krn dmulai dr presiden prtama ri tanda kehancuran itu sdh klihta,soekarno anti islam dn dn mrk itu kiblatnya cina komunis ank pngut soekarno mega sangat dukung pki tsb mka kni wajib kt ganti sistim neg kt dr yg pki anti allah yg mhapncipta mha hidup d tdk akn mati wajib diterapkan, kt rasa yg channel ini sangat cerdas otak dn hti breh dn otak bersih ini mulai sistim nabinya wib diterapkan kmbali hngga bru negara kt maju dseprti nabi terapkn, yg mnentuknorg yg amanah, jujur,mncontoh prilaku nabi d para sahabat nabi akhlaknya d nrsih dr sgala kezaliman/ suruk krn sejak jkwinggakni mrk datujuann hidup utk mkn yg haram, sama dg atau bhknnlnih hina d walau, dtak dan sangat berlawanan dg sistim allah n nabiy layak smua mnusia utk memusahknnua","Memohon ke DPR, JPPI Desak Program MBG Prabowo Disetop: Petaka bagi Pendidikan, Guru Tumbal Racun",Tribunnews,2026-04-23T19:04:19Z,negative,AI-assisted semantic labeling
5767,Hentikan MBG. Dan alihkan dengan uang 10 rb atau sekolah gratis lebih efisien dan hemat anggaran negara tidak tak ada korupsi,hentikan mbg. dan alihkan dengan uang 10 rb atau sekolah gratis lebih efisien dan hemat anggaran negara tidak tak ada korupsi,"Memohon ke DPR, JPPI Desak Program MBG Prabowo Disetop: Petaka bagi Pendidikan, Guru Tumbal Racun",Tribunnews,2026-04-15T15:51:26Z,negative,AI-assisted semantic labeling
5769,Ben di bagi Dewe  bendi etung Dewe Jo gelem,ben di bagi dewe bendi etung dewe jo gelem,"Memohon ke DPR, JPPI Desak Program MBG Prabowo Disetop: Petaka bagi Pendidikan, Guru Tumbal Racun",Tribunnews,2026-04-11T01:11:26Z,neutral,AI-assisted semantic labeling
5777,Presiden jaman BPK presiden   sukarno sampai BPK Jokowi nggak ada MBG  baru sekarang Prabowo mengadakan MBG yg hanya menyusahkan saja lebih baik dihentikan saja,presiden jaman bpk presiden sukarno sampai bpk jokowi nggak ada mbg baru sekarang prabowo mengadakan mbg yg hanya menyusahkan saja lebih baik dihentikan saja,"Memohon ke DPR, JPPI Desak Program MBG Prabowo Disetop: Petaka bagi Pendidikan, Guru Tumbal Racun",Tribunnews,2026-04-08T22:19:25Z,negative,AI-assisted semantic labeling
5788,Hentikan.mbg lahan korup.gizi anak GK ngaruh.😢,hentikan.mbg lahan korup.gizi anak gk ngaruh.😢,"Memohon ke DPR, JPPI Desak Program MBG Prabowo Disetop: Petaka bagi Pendidikan, Guru Tumbal Racun",Tribunnews,2026-04-03T12:47:45Z,negative,AI-assisted semantic labeling
5817,Hentikan mbg karna timnya  belanjanya ke agen2 besar di kota coba kl uangnya di kelola ortunya masing2 otomatis uangnya bs muter di wilayahnya masing2 krn belanjanya di penjual sekitar,hentikan mbg karna timnya belanjanya ke agen2 besar di kota coba kl uangnya di kelola ortunya masing2 otomatis uangnya bs muter di wilayahnya masing2 krn belanjanya di penjual sekitar,"Memohon ke DPR, JPPI Desak Program MBG Prabowo Disetop: Petaka bagi Pendidikan, Guru Tumbal Racun",Tribunnews,2026-03-17T22:10:04Z,negative,AI-assisted semantic labeling
5820,67% RAKYAT INDONESIA DUKUNG PROGRAM MBG 33%GAK TERIMA TAPI ANAKNYA MASIH MAKAN MBG...LOGIKANYA YG TIDAK TERIMA ADALAH MUNAFIK😂😂😂😂,67% rakyat indonesia dukung program mbg 33%gak terima tapi anaknya masih makan mbg..logikanya yg tidak terima adalah munafik😂😂,"Memohon ke DPR, JPPI Desak Program MBG Prabowo Disetop: Petaka bagi Pendidikan, Guru Tumbal Racun",Tribunnews,2026-03-17T15:04:06Z,negative,AI-assisted semantic labeling
5839,"Mubazir Barang Grombolan... Yg ngeyel mbg,,, tanggung dosa nasional.....","mubazir barang grombolan.. yg ngeyel mbg,, tanggung dosa nasional..","Memohon ke DPR, JPPI Desak Program MBG Prabowo Disetop: Petaka bagi Pendidikan, Guru Tumbal Racun",Tribunnews,2026-03-12T06:07:20Z,neutral,AI-assisted semantic labeling
5849,Bubarkan mbg,bubarkan mbg,"Memohon ke DPR, JPPI Desak Program MBG Prabowo Disetop: Petaka bagi Pendidikan, Guru Tumbal Racun",Tribunnews,2026-03-07T00:28:19Z,negative,AI-assisted semantic labeling
5855,Anak...anak...jangandiperbolehkan menerima MBG.kl MBG datang ditolak saja.,anak..anak..jangandiperbolehkan menerima mbg.kl mbg datang ditolak saja.,"Memohon ke DPR, JPPI Desak Program MBG Prabowo Disetop: Petaka bagi Pendidikan, Guru Tumbal Racun",Tribunnews,2026-03-04T21:07:56Z,neutral,AI-assisted semantic labeling
5879,"Tidak akan didengar,   semua harus dukung Pemerintah","tidak akan didengar, semua harus dukung pemerintah","Memohon ke DPR, JPPI Desak Program MBG Prabowo Disetop: Petaka bagi Pendidikan, Guru Tumbal Racun",Tribunnews,2026-02-25T10:03:35Z,neutral,AI-assisted semantic labeling
5880,Stop mbg,stop mbg,"Memohon ke DPR, JPPI Desak Program MBG Prabowo Disetop: Petaka bagi Pendidikan, Guru Tumbal Racun",Tribunnews,2026-02-25T08:53:55Z,negative,AI-assisted semantic labeling
5889,"fiks pemerintah tidak akan membiarkan rakyatnya pinter ,contoh sekolah full gratis. gaji guru honorer layak.  rakyat diberi makan biar kenyang lalu diam dan tidur dengan kebodohanya.","fiks pemerintah tidak akan membiarkan rakyatnya pinter ,contoh sekolah full gratis. gaji guru honorer layak. rakyat diberi makan biar kenyang lalu diam dan tidur dengan kebodohanya.","Memohon ke DPR, JPPI Desak Program MBG Prabowo Disetop: Petaka bagi Pendidikan, Guru Tumbal Racun",Tribunnews,2026-02-24T12:12:56Z,negative,AI-assisted semantic labeling
5890,susu kotak kecil satu pisang satu roti satu hrga ny berapa tpi bersyukur grtis😢,susu kotak kecil satu pisang satu roti satu hrga ny berapa tpi bersyukur grtis😢,"Memohon ke DPR, JPPI Desak Program MBG Prabowo Disetop: Petaka bagi Pendidikan, Guru Tumbal Racun",Tribunnews,2026-02-24T10:33:38Z,neutral,AI-assisted semantic labeling
5902,Kami sebagay pedangang kecil di sekolah merasa di bunuh dnga ada nya mbg,kami sebagay pedangang kecil di sekolah merasa di bunuh dnga ada nya mbg,"Memohon ke DPR, JPPI Desak Program MBG Prabowo Disetop: Petaka bagi Pendidikan, Guru Tumbal Racun",Tribunnews,2026-02-22T12:05:24Z,neutral,AI-assisted semantic labeling
5916,Hentikan mbg hanya akan menjadi sarang koropsi banyak keracunan untung masih bisa hidup kalau meninggal hancur negara ini,hentikan mbg hanya akan menjadi sarang koropsi banyak keracunan untung masih bisa hidup kalau meninggal hancur negara ini,"Memohon ke DPR, JPPI Desak Program MBG Prabowo Disetop: Petaka bagi Pendidikan, Guru Tumbal Racun",Tribunnews,2026-02-20T06:35:11Z,negative,AI-assisted semantic labeling
5928,"Memang paling tepat dan wajar Pendidikan Gratis, ....","memang paling tepat dan wajar pendidikan gratis, ..","Memohon ke DPR, JPPI Desak Program MBG Prabowo Disetop: Petaka bagi Pendidikan, Guru Tumbal Racun",Tribunnews,2026-02-19T02:30:00Z,neutral,AI-assisted semantic labeling
5930,"Mbg menggangu kegiatan belajar mengajar,","mbg menggangu kegiatan belajar mengajar,","Memohon ke DPR, JPPI Desak Program MBG Prabowo Disetop: Petaka bagi Pendidikan, Guru Tumbal Racun",Tribunnews,2026-02-18T15:23:15Z,neutral,AI-assisted semantic labeling
5940,Yg.nyata.nyata.pensiunan.yg.tabunganya.sendiri.aja.bisa.di.korupsi.kok,yg.nyata.nyata.pensiunan.yg.tabunganya.sendiri.aja.bisa.di.korupsi.kok,"Memohon ke DPR, JPPI Desak Program MBG Prabowo Disetop: Petaka bagi Pendidikan, Guru Tumbal Racun",Tribunnews,2026-02-17T08:27:44Z,negative,AI-assisted semantic labeling
5941,Ngaji.mumpung.partai.penguasa.mbg.bikin.ruwet.yaaaa.tunggu.5.tahun.lagi..cari..presiden.baru,ngaji.mumpung.partai.penguasa.mbg.bikin.ruwet.yaa.tunggu.5.tahun.lagi..cari..presiden.baru,"Memohon ke DPR, JPPI Desak Program MBG Prabowo Disetop: Petaka bagi Pendidikan, Guru Tumbal Racun",Tribunnews,2026-02-17T08:26:11Z,neutral,AI-assisted semantic labeling
5947,DPR dgn dukungan rakyat bisa pecat presiden dan wakilnya JK gak beres/gak waras,dpr dgn dukungan rakyat bisa pecat presiden dan wakilnya jk gak beres/gak waras,"Memohon ke DPR, JPPI Desak Program MBG Prabowo Disetop: Petaka bagi Pendidikan, Guru Tumbal Racun",Tribunnews,2026-02-16T16:37:21Z,neutral,AI-assisted semantic labeling
5971,"MBG nurut ankku msh SD, kadang enak, menunya kadang TDK enak menunya, mendingan di hentikan alihkan dgn uang saku dan pengadaan buku dan pensil, dan pakaian baju seragam gratis itu lebih bagus.","mbg nurut ankku msh sd, kadang enak, menunya kadang tdk enak menunya, mendingan di hentikan alihkan dgn uang saku dan pengadaan buku dan pensil, dan pakaian baju seragam gratis itu lebih bagus.","Memohon ke DPR, JPPI Desak Program MBG Prabowo Disetop: Petaka bagi Pendidikan, Guru Tumbal Racun",Tribunnews,2026-02-15T04:57:05Z,negative,AI-assisted semantic labeling
5973,Yang bisa menghentikannya adalah bapak wakil presiden kita adalah Gibran yang bisa menghentikan mbg itu percuma kalau ngomong ngaju kepada bapak Prabowo nggak bakalan didengar kalau bapak Gibran pasti didengar,yang bisa menghentikannya adalah bapak wakil presiden kita adalah gibran yang bisa menghentikan mbg itu percuma kalau ngomong ngaju kepada bapak prabowo nggak bakalan didengar kalau bapak gibran pasti didengar,"Memohon ke DPR, JPPI Desak Program MBG Prabowo Disetop: Petaka bagi Pendidikan, Guru Tumbal Racun",Tribunnews,2026-02-15T00:17:29Z,negative,AI-assisted semantic labeling
5987,MBG sama saja.mau meracuni anak kita semua.didalam sekolahakan gratis.akan tetapi makanannya beracun.masaknya GK seteril.barang2belanjaannya busuk.deperti ayam ikan.sudah busuk dibeli.nasinya jg busuk.ini perlu ditindak.,mbg sama saja.mau meracuni anak kita semua.didalam sekolahakan gratis.akan tetapi makanannya beracun.masaknya gk seteril.barang2belanjaannya busuk.deperti ayam ikan.sudah busuk dibeli.nasinya jg busuk.ini perlu ditindak.,"Memohon ke DPR, JPPI Desak Program MBG Prabowo Disetop: Petaka bagi Pendidikan, Guru Tumbal Racun",Tribunnews,2026-02-12T09:44:39Z,negative,AI-assisted semantic labeling
5988,MBG adalah peluang korupsi,mbg adalah peluang korupsi,"Memohon ke DPR, JPPI Desak Program MBG Prabowo Disetop: Petaka bagi Pendidikan, Guru Tumbal Racun",Tribunnews,2026-02-12T07:34:20Z,negative,AI-assisted semantic labeling
5990,progam mbg lahan basah bagi koruptor karna progam jangka panjang,progam mbg lahan basah bagi koruptor karna progam jangka panjang,"Memohon ke DPR, JPPI Desak Program MBG Prabowo Disetop: Petaka bagi Pendidikan, Guru Tumbal Racun",Tribunnews,2026-02-12T05:40:48Z,neutral,AI-assisted semantic labeling
5999,"Stuju, Sekali 👍","stuju, sekali 👍","Memohon ke DPR, JPPI Desak Program MBG Prabowo Disetop: Petaka bagi Pendidikan, Guru Tumbal Racun",Tribunnews,2026-02-11T06:36:36Z,neutral,AI-assisted semantic labeling
6008,"Hentikan sj MBG gk berguna,mending gratis kan pendidikan dan biaya rumah sakit,drpd MBG gk jelas,bnyak sisa mknn terbuang mubazir. Heran sama pemerintahan kok gini amat cara ngatasi rakyat nya.","hentikan sj mbg gk berguna,mending gratis kan pendidikan dan biaya rumah sakit,drpd mbg gk jelas,bnyak sisa mknn terbuang mubazir. heran sama pemerintahan kok gini amat cara ngatasi rakyat nya.","Memohon ke DPR, JPPI Desak Program MBG Prabowo Disetop: Petaka bagi Pendidikan, Guru Tumbal Racun",Tribunnews,2026-02-10T14:42:11Z,negative,AI-assisted semantic labeling
6009,Sy setuju di stop mbg di alihkan sekolah gratis,sy setuju di stop mbg di alihkan sekolah gratis,"Memohon ke DPR, JPPI Desak Program MBG Prabowo Disetop: Petaka bagi Pendidikan, Guru Tumbal Racun",Tribunnews,2026-02-10T12:30:58Z,negative,AI-assisted semantic labeling
6025,Mbok ya o jangan dengki sama Prabowo program MBG gratis didukung nggak modalin saja crewet laki laki apalagi mulut perempuan,mbok ya o jangan dengki sama prabowo program mbg gratis didukung nggak modalin saja crewet laki laki apalagi mulut perempuan,"Memohon ke DPR, JPPI Desak Program MBG Prabowo Disetop: Petaka bagi Pendidikan, Guru Tumbal Racun",Tribunnews,2026-02-09T01:14:10Z,neutral,AI-assisted semantic labeling
6033,Maaf mbg itu lahan korup tau gak prabowo itu .berikan sja uang ya.ilmiah dikitlah .,maaf mbg itu lahan korup tau gak prabowo itu .berikan sja uang ya.ilmiah dikitlah .,"Memohon ke DPR, JPPI Desak Program MBG Prabowo Disetop: Petaka bagi Pendidikan, Guru Tumbal Racun",Tribunnews,2026-02-08T11:56:47Z,neutral,AI-assisted semantic labeling
6040,Gara2 mbg... kis kesehatan rakyat kecil dinon aktifkan..,gara2 mbg.. kis kesehatan rakyat kecil dinon aktifkan..,"Memohon ke DPR, JPPI Desak Program MBG Prabowo Disetop: Petaka bagi Pendidikan, Guru Tumbal Racun",Tribunnews,2026-02-06T19:06:46Z,neutral,AI-assisted semantic labeling
6046,Sedangkan anak buah ny kerja siang' malam tapi tetap saja gaji nya kecil,sedangkan anak buah ny kerja siang' malam tapi tetap saja gaji nya kecil,"Memohon ke DPR, JPPI Desak Program MBG Prabowo Disetop: Petaka bagi Pendidikan, Guru Tumbal Racun",Tribunnews,2026-02-04T15:00:53Z,neutral,AI-assisted semantic labeling
6052,Sedangkan anak buah ny gaji ny kecil yang punya usaha ny untung banyak,sedangkan anak buah ny gaji ny kecil yang punya usaha ny untung banyak,"Memohon ke DPR, JPPI Desak Program MBG Prabowo Disetop: Petaka bagi Pendidikan, Guru Tumbal Racun",Tribunnews,2026-02-04T14:57:57Z,neutral,AI-assisted semantic labeling
6058,Mbg hanya lahan korupsi harga  kebutuhan pokok jadi mahal,mbg hanya lahan korupsi harga kebutuhan pokok jadi mahal,"Memohon ke DPR, JPPI Desak Program MBG Prabowo Disetop: Petaka bagi Pendidikan, Guru Tumbal Racun",Tribunnews,2026-02-04T12:12:11Z,negative,AI-assisted semantic labeling
6061,"Apakah MBG membantu/bermanfaat? Pasti bermanfaat. Tp manfaatnya sejauh mn nich? Klo suara sy terdengar, Stop MBG,..menurut sy ada cara yg lebih baik dan Bagus untuk jangka Panjang untuk anak/sekolah. Drpd bt MBG MENURUT SAYA LEBIH BAIK BUAT INI. 
1. Perlengkapan/sarana prasarana sekolah, baik yg berbasis budaya dan teknologi. ( hampir semua sekolah minim fasilitas) 
2. Kelayakan sekolah dlm hal infrakstruktur scra bertahap (khususnya daerah luar jawa, pedalaman) 
3. Jgn lupa ini yg penting... Tingkatkan kesejahteraan Guru (Honorer/blm diangkat) agar sedikit lebih baik, mereka nanti adlh ujung tombak/pelaksana lapangan. 
4. Hal2 faktor eksternal lain (via pengajuan) yg minim bt kelancaran dlm PROSES  KBM, dan hal ini terkait dgn kementerian lain . ( misal kesekolah hrs bertaruh nyawa, tanpa ada penunjang keselamatan yg layak( terutama ini di daerah pedalaman. 


* jgn sampe MBG dirubah dlm bentuk tunai, yg diberikan ke Ortu sbgai alat politik, yg ada nanti meningkatnya paket yg dianter Penjual online😅😅*","apakah mbg membantu/bermanfaat? pasti bermanfaat. tp manfaatnya sejauh mn nich? klo suara sy terdengar, stop mbg,..menurut sy ada cara yg lebih baik dan bagus untuk jangka panjang untuk anak/sekolah. drpd bt mbg menurut saya lebih baik buat ini. 1. perlengkapan/sarana prasarana sekolah, baik yg berbasis budaya dan teknologi. ( hampir semua sekolah minim fasilitas) 2. kelayakan sekolah dlm hal infrakstruktur scra bertahap (khususnya daerah luar jawa, pedalaman) 3. jgn lupa ini yg penting.. tingkatkan kesejahteraan guru (honorer/blm diangkat) agar sedikit lebih baik, mereka nanti adlh ujung tombak/pelaksana lapangan. 4. hal2 faktor eksternal lain (via pengajuan) yg minim bt kelancaran dlm proses kbm, dan hal ini terkait dgn kementerian lain . ( misal kesekolah hrs bertaruh nyawa, tanpa ada penunjang keselamatan yg layak( terutama ini di daerah pedalaman. * jgn sampe mbg dirubah dlm bentuk tunai, yg diberikan ke ortu sbgai alat politik, yg ada nanti meningkatnya paket yg dianter penjual online😅😅*","Memohon ke DPR, JPPI Desak Program MBG Prabowo Disetop: Petaka bagi Pendidikan, Guru Tumbal Racun",Tribunnews,2026-02-04T08:22:50Z,negative,AI-assisted semantic labeling
6063,Anggaran ratusan triliun cuma mau dikorupsi dan jd tai doang,anggaran ratusan triliun cuma mau dikorupsi dan jd tai doang,"Memohon ke DPR, JPPI Desak Program MBG Prabowo Disetop: Petaka bagi Pendidikan, Guru Tumbal Racun",Tribunnews,2026-02-04T07:37:54Z,negative,AI-assisted semantic labeling
6106,"Setiap kbijakan pro contra itu lumrah,,,,tapi pada prinsipx MBG btul2 mmbantu ekonomi kluarga,,,trutama kluarga yg brpendapatan d bawah rata2,,,,angka pengangguran bisa d tekan,,,nikmat mana lagi yg kau dustakan,,,,MBG is the best","setiap kbijakan pro contra itu lumrah,,tapi pada prinsipx mbg btul2 mmbantu ekonomi kluarga,,trutama kluarga yg brpendapatan d bawah rata2,,angka pengangguran bisa d tekan,,nikmat mana lagi yg kau dustakan,,mbg is the best","Memohon ke DPR, JPPI Desak Program MBG Prabowo Disetop: Petaka bagi Pendidikan, Guru Tumbal Racun",Tribunnews,2026-01-30T04:20:45Z,neutral,AI-assisted semantic labeling
6113,"Laaa..., wong proyek, kok malah dihentikan...., piyeeee tooo. Itukan Proyek untuk Menguras APBN dan anak² dijadikan tumbal. Sukses kok....","laa.., wong proyek, kok malah dihentikan.., piyee too. itukan proyek untuk menguras apbn dan anak2 dijadikan tumbal. sukses kok..","Memohon ke DPR, JPPI Desak Program MBG Prabowo Disetop: Petaka bagi Pendidikan, Guru Tumbal Racun",Tribunnews,2026-01-29T07:30:41Z,neutral,AI-assisted semantic labeling
6114,Hentikan saja,hentikan saja,"Memohon ke DPR, JPPI Desak Program MBG Prabowo Disetop: Petaka bagi Pendidikan, Guru Tumbal Racun",Tribunnews,2026-01-29T06:55:21Z,neutral,AI-assisted semantic labeling
6117,STOP MBG..STOP..MBG..ITU HY  PROYEK INI HANYA BUAT CARI KEUNTUNGAN BAGI YG MEMEGANG PROYEK  INI..MANFAAT TIDAK AD BUAT ANAK2..STOP..MBG..STOP..MBG..STOP..MBG STOP.MBG,stop mbg..stop..mbg..itu hy proyek ini hanya buat cari keuntungan bagi yg memegang proyek ini..manfaat tidak ad buat anak2..stop..mbg..stop..mbg..stop..mbg stop.mbg,"Memohon ke DPR, JPPI Desak Program MBG Prabowo Disetop: Petaka bagi Pendidikan, Guru Tumbal Racun",Tribunnews,2026-01-29T03:48:45Z,negative,AI-assisted semantic labeling
6129,Hentikan MBG stop MBG alihkan anggarannya sekolah gratis,hentikan mbg stop mbg alihkan anggarannya sekolah gratis,"Memohon ke DPR, JPPI Desak Program MBG Prabowo Disetop: Petaka bagi Pendidikan, Guru Tumbal Racun",Tribunnews,2026-01-27T08:52:05Z,negative,AI-assisted semantic labeling
6130,Lebih baik program MBG ini dikelola oleh pihak sekolah. Masing masing sekolah menyediakan dapur sendiri. Menyediakan tenaga pekerja sendiri di dapurnya dengan menggunakan biaya anggaran pemerintah. Sekolah tinggal mengelola. Agar menu MBG selalu fresh dan layak makan untuk anak anak. Seperti MBG di negara negara maju,lebih baik program mbg ini dikelola oleh pihak sekolah. masing masing sekolah menyediakan dapur sendiri. menyediakan tenaga pekerja sendiri di dapurnya dengan menggunakan biaya anggaran pemerintah. sekolah tinggal mengelola. agar menu mbg selalu fresh dan layak makan untuk anak anak. seperti mbg di negara negara maju,"Memohon ke DPR, JPPI Desak Program MBG Prabowo Disetop: Petaka bagi Pendidikan, Guru Tumbal Racun",Tribunnews,2026-01-27T08:30:08Z,negative,AI-assisted semantic labeling
6134,"hentikan MBG ga efektif, yg ada cuma menganbil keuntungan besar alias korup","hentikan mbg ga efektif, yg ada cuma menganbil keuntungan besar alias korup","Memohon ke DPR, JPPI Desak Program MBG Prabowo Disetop: Petaka bagi Pendidikan, Guru Tumbal Racun",Tribunnews,2026-01-27T01:04:12Z,negative,AI-assisted semantic labeling
6149,bapak ni ngomong songo g..,bapak ni ngomong songo g..,"Memohon ke DPR, JPPI Desak Program MBG Prabowo Disetop: Petaka bagi Pendidikan, Guru Tumbal Racun",Tribunnews,2026-01-24T06:39:47Z,neutral,AI-assisted semantic labeling
6166,Betul sekali BAPAK sebaiknya MBG di setop supaya sekolah lebih nyaman dalam melaksanakan proses pembelajaran,betul sekali bapak sebaiknya mbg di setop supaya sekolah lebih nyaman dalam melaksanakan proses pembelajaran,"Memohon ke DPR, JPPI Desak Program MBG Prabowo Disetop: Petaka bagi Pendidikan, Guru Tumbal Racun",Tribunnews,2026-01-18T11:16:27Z,positive,AI-assisted semantic labeling
6188,seterang benderang ini laporan mbg korupsi tp pemerintah tidak ada tindakan tegas,seterang benderang ini laporan mbg korupsi tp pemerintah tidak ada tindakan tegas,"Memohon ke DPR, JPPI Desak Program MBG Prabowo Disetop: Petaka bagi Pendidikan, Guru Tumbal Racun",Tribunnews,2025-12-29T13:33:56Z,negative,AI-assisted semantic labeling
6194,BGN  MBG   SANGAT   MERUGIKAN   TUTUPPPPPLPGA  PENTING  BGN   MBG,bgn mbg sangat merugikan tutupplpga penting bgn mbg,"Memohon ke DPR, JPPI Desak Program MBG Prabowo Disetop: Petaka bagi Pendidikan, Guru Tumbal Racun",Tribunnews,2025-12-22T07:44:30Z,neutral,AI-assisted semantic labeling
6195,"BETUL  ISTANA  TANGAP  GA   MBG   TUTUP  
ITU  SEMU  SETUJU   80% WNI   SANGAT   SETUJU   APAKAH  SENGAJA   KORUP   GE 5 TIAN",betul istana tangap ga mbg tutup itu semu setuju 80% wni sangat setuju apakah sengaja korup ge 5 tian,"Memohon ke DPR, JPPI Desak Program MBG Prabowo Disetop: Petaka bagi Pendidikan, Guru Tumbal Racun",Tribunnews,2025-12-22T07:42:22Z,negative,AI-assisted semantic labeling
6197,Sabar mas gibran Besok orang orang yng sombong itu akan di azab oleh Tuhan🙏.,sabar mas gibran besok orang orang yng sombong itu akan di azab oleh tuhan🙏.,"Memohon ke DPR, JPPI Desak Program MBG Prabowo Disetop: Petaka bagi Pendidikan, Guru Tumbal Racun",Tribunnews,2025-12-20T23:54:38Z,neutral,AI-assisted semantic labeling
6202,"Seharusnya lahan Hak Guna Usaha (HGU) 500.000 hektar yg di pakai Prabowo di tanamin hutan, buah buahan, sayuran, kolam ikan dan ternak (ayam dan sapi).
Agar MBG benar benar bergizi dan tidak merusak alam serta tidak buang buang anggaran negara!.

Hutan: membantu penyerapan air maksimal (tanah jadi subur)

Buah dan sayur: sangat cocok dan bermanfaat untuk MBG, jika gagal panen buah dan sayur bisa jadi pakan ternak dan pupuk alami.

Ikan: sangat cocok dan bermanfaat bagi MBG. Jika sebagian ikan mati bisa menjadi pupuk alami untuk buah dan sayur.

Ayam dan Sapi: sangat sangat bergizi untuk MBG.

Semua itu bisa jika Prabowo mau melakukan nya..","seharusnya lahan hak guna usaha (hgu) 500.00 hektar yg di pakai prabowo di tanamin hutan, buah buahan, sayuran, kolam ikan dan ternak (ayam dan sapi). agar mbg benar benar bergizi dan tidak merusak alam serta tidak buang buang anggaran negara!. hutan: membantu penyerapan air maksimal (tanah jadi subur) buah dan sayur: sangat cocok dan bermanfaat untuk mbg, jika gagal panen buah dan sayur bisa jadi pakan ternak dan pupuk alami. ikan: sangat cocok dan bermanfaat bagi mbg. jika sebagian ikan mati bisa menjadi pupuk alami untuk buah dan sayur. ayam dan sapi: sangat sangat bergizi untuk mbg. semua itu bisa jika prabowo mau melakukan nya..","Memohon ke DPR, JPPI Desak Program MBG Prabowo Disetop: Petaka bagi Pendidikan, Guru Tumbal Racun",Tribunnews,2025-12-18T10:49:15Z,negative,AI-assisted semantic labeling
6203,Wajah kmu aj sdh munafik ornk ya,wajah kmu aj sdh munafik ornk ya,"Memohon ke DPR, JPPI Desak Program MBG Prabowo Disetop: Petaka bagi Pendidikan, Guru Tumbal Racun",Tribunnews,2025-12-18T08:48:40Z,neutral,AI-assisted semantic labeling
6206,Ingat MBG untuk mencegah anak anak Indonesia kena penyakit stanting mengapa di hentikan apakah anda tidak berfikir,ingat mbg untuk mencegah anak anak indonesia kena penyakit stanting mengapa di hentikan apakah anda tidak berfikir,"Memohon ke DPR, JPPI Desak Program MBG Prabowo Disetop: Petaka bagi Pendidikan, Guru Tumbal Racun",Tribunnews,2025-12-17T21:23:48Z,neutral,AI-assisted semantic labeling
6207,Lebih baik bubarkan BGN yg d klola an yayasan2. Yayasan jg katanya yg bisa ambil kgiatan ini dn mmbyar di muka sm yayasan2. Carut marut dn bbyk ladang korupai. Gizi apaan mcm ini,lebih baik bubarkan bgn yg d klola an yayasan2. yayasan jg katanya yg bisa ambil kgiatan ini dn mmbyar di muka sm yayasan2. carut marut dn bbyk ladang korupai. gizi apaan mcm ini,"Memohon ke DPR, JPPI Desak Program MBG Prabowo Disetop: Petaka bagi Pendidikan, Guru Tumbal Racun",Tribunnews,2025-12-15T13:23:54Z,negative,AI-assisted semantic labeling
6214,Mbgnya pakai uang aja nggak repot pak,mbgnya pakai uang aja nggak repot pak,"Memohon ke DPR, JPPI Desak Program MBG Prabowo Disetop: Petaka bagi Pendidikan, Guru Tumbal Racun",Tribunnews,2025-11-30T22:42:51Z,neutral,AI-assisted semantic labeling
6220,"MBG jangan di hentikan,tapi di evaluasi lagi sistemnya.
Kerna sistem nya yang salah.

Coba ikut negara tetangga makan untuk anak sekolah itu,memang di masak di dapur sekolah,jadi masakanya betul"" fresh bukan masakan tengah malam bagikan siang,mana tidak banyak yang rusak","mbg jangan di hentikan,tapi di evaluasi lagi sistemnya. kerna sistem nya yang salah. coba ikut negara tetangga makan untuk anak sekolah itu,memang di masak di dapur sekolah,jadi masakanya betul"" fresh bukan masakan tengah malam bagikan siang,mana tidak banyak yang rusak","Memohon ke DPR, JPPI Desak Program MBG Prabowo Disetop: Petaka bagi Pendidikan, Guru Tumbal Racun",Tribunnews,2025-11-20T00:59:06Z,negative,AI-assisted semantic labeling
6222,Betul paK gara gara mbg UMKM sekitar sekolah banyak gulung tikar,betul pak gara gara mbg umkm sekitar sekolah banyak gulung tikar,"Memohon ke DPR, JPPI Desak Program MBG Prabowo Disetop: Petaka bagi Pendidikan, Guru Tumbal Racun",Tribunnews,2025-11-15T11:59:34Z,neutral,AI-assisted semantic labeling
6223,Anakku tdk mau makan MBG pak presiden  😂,anakku tdk mau makan mbg pak presiden 😂,"Memohon ke DPR, JPPI Desak Program MBG Prabowo Disetop: Petaka bagi Pendidikan, Guru Tumbal Racun",Tribunnews,2025-11-10T13:43:20Z,neutral,AI-assisted semantic labeling
6226,Camkemu bosok pak. Ini program mulia tapi perlu perbaikan pembenahan ini program pemerintah,camkemu bosok pak. ini program mulia tapi perlu perbaikan pembenahan ini program pemerintah,"Memohon ke DPR, JPPI Desak Program MBG Prabowo Disetop: Petaka bagi Pendidikan, Guru Tumbal Racun",Tribunnews,2025-11-08T12:55:07Z,neutral,AI-assisted semantic labeling
6229,Setuju mbg di bubarkan,setuju mbg di bubarkan,"Memohon ke DPR, JPPI Desak Program MBG Prabowo Disetop: Petaka bagi Pendidikan, Guru Tumbal Racun",Tribunnews,2025-11-04T15:36:04Z,negative,AI-assisted semantic labeling
6239,"Presiden terlalu berambisi praktek tidak sama dengan teori, bahkan di lapangan kelabakan kacau ini ,kasihan anak2 yang kadi korban..","presiden terlalu berambisi praktek tidak sama dengan teori, bahkan di lapangan kelabakan kacau ini ,kasihan anak2 yang kadi korban..","Memohon ke DPR, JPPI Desak Program MBG Prabowo Disetop: Petaka bagi Pendidikan, Guru Tumbal Racun",Tribunnews,2025-10-15T22:08:39Z,negative,AI-assisted semantic labeling
6251,Hentikan titik.,hentikan titik.,"Memohon ke DPR, JPPI Desak Program MBG Prabowo Disetop: Petaka bagi Pendidikan, Guru Tumbal Racun",Tribunnews,2025-10-04T02:24:18Z,neutral,AI-assisted semantic labeling
6257,Semoga pak dedi mulyadi cepat jadi presiden karena beliau lebih peka terhadap rakyat kecil dan berani tegas,semoga pak dedi mulyadi cepat jadi presiden karena beliau lebih peka terhadap rakyat kecil dan berani tegas,"Memohon ke DPR, JPPI Desak Program MBG Prabowo Disetop: Petaka bagi Pendidikan, Guru Tumbal Racun",Tribunnews,2025-10-03T00:05:20Z,neutral,AI-assisted semantic labeling
6259,Lebih baik di RUPIAKAN saja  mbg  nya .  Berapa rupiah dalam seminggu lalu di berikan orang tua  murid,lebih baik di rupiakan saja mbg nya . berapa rupiah dalam seminggu lalu di berikan orang tua murid,"Memohon ke DPR, JPPI Desak Program MBG Prabowo Disetop: Petaka bagi Pendidikan, Guru Tumbal Racun",Tribunnews,2025-10-02T23:19:11Z,negative,AI-assisted semantic labeling
6276,Alang kah baiknya kita respon program presiden banyak anak yg kurang giji sekarang ini.,alang kah baiknya kita respon program presiden banyak anak yg kurang giji sekarang ini.,"Memohon ke DPR, JPPI Desak Program MBG Prabowo Disetop: Petaka bagi Pendidikan, Guru Tumbal Racun",Tribunnews,2025-10-01T09:10:29Z,neutral,AI-assisted semantic labeling
6278,"stop MBG , kasihan anak bangsa keracunan 😡","stop mbg , kasihan anak bangsa keracunan 😡","Memohon ke DPR, JPPI Desak Program MBG Prabowo Disetop: Petaka bagi Pendidikan, Guru Tumbal Racun",Tribunnews,2025-10-01T06:38:51Z,negative,AI-assisted semantic labeling
6280,Stop mbg msyrkt TDK suka mbg,stop mbg msyrkt tdk suka mbg,"Memohon ke DPR, JPPI Desak Program MBG Prabowo Disetop: Petaka bagi Pendidikan, Guru Tumbal Racun",Tribunnews,2025-09-30T16:22:01Z,negative,AI-assisted semantic labeling
6284,"MBG jangan dihentikan cuma  dievaluasi yang salah mana dibetulkan,  sabar bos banyak koruptor makanya tangkap koruptor koruptor biar Pak Presiden percaca. ❤❤❤","mbg jangan dihentikan cuma dievaluasi yang salah mana dibetulkan, sabar bos banyak koruptor makanya tangkap koruptor koruptor biar pak presiden percaca. ❤❤","Memohon ke DPR, JPPI Desak Program MBG Prabowo Disetop: Petaka bagi Pendidikan, Guru Tumbal Racun",Tribunnews,2025-09-30T14:08:28Z,negative,AI-assisted semantic labeling
6301,"Pengusaha kalah hanya di manfaatkan pemerintah .program membantu. 
Gak kuat membantu , akan di tinggalkan pemerintah .
Pemerintah  ya cari orang mangsa lagi .
Terus akan begitu . ..
Gak akan bisa bertahan lama pengusaha mbg ...","pengusaha kalah hanya di manfaatkan pemerintah .program membantu. gak kuat membantu , akan di tinggalkan pemerintah . pemerintah ya cari orang mangsa lagi . terus akan begitu . .. gak akan bisa bertahan lama pengusaha mbg ..","Memohon ke DPR, JPPI Desak Program MBG Prabowo Disetop: Petaka bagi Pendidikan, Guru Tumbal Racun",Tribunnews,2025-09-30T01:46:02Z,neutral,AI-assisted semantic labeling
6303,KAPAN NKRI INI MAJU PROR,kapan nkri ini maju pror,"Memohon ke DPR, JPPI Desak Program MBG Prabowo Disetop: Petaka bagi Pendidikan, Guru Tumbal Racun",Tribunnews,2025-09-30T01:08:21Z,neutral,AI-assisted semantic labeling
6306,"Negara dengan SDM rendah pola pikirny kurang bagus. Niat baik kepala negara trus di hujat, kapan mau maju negara... Klo ada yg keracunan harus di evaluasi bukan nyalahin programnya,...","negara dengan sdm rendah pola pikirny kurang bagus. niat baik kepala negara trus di hujat, kapan mau maju negara.. klo ada yg keracunan harus di evaluasi bukan nyalahin programnya,..","Memohon ke DPR, JPPI Desak Program MBG Prabowo Disetop: Petaka bagi Pendidikan, Guru Tumbal Racun",Tribunnews,2025-09-29T22:34:34Z,negative,AI-assisted semantic labeling
6315,"Sklh gratis, org tua wajib ngasih bekal makanan ank","sklh gratis, org tua wajib ngasih bekal makanan ank","Memohon ke DPR, JPPI Desak Program MBG Prabowo Disetop: Petaka bagi Pendidikan, Guru Tumbal Racun",Tribunnews,2025-09-29T04:54:19Z,neutral,AI-assisted semantic labeling
6316,Iya mending sklh gratis,iya mending sklh gratis,"Memohon ke DPR, JPPI Desak Program MBG Prabowo Disetop: Petaka bagi Pendidikan, Guru Tumbal Racun",Tribunnews,2025-09-29T04:53:15Z,negative,AI-assisted semantic labeling
6330,"Lawan politik itu biasa,,, ngaong2 koyo wez pinter2 DPR juga tempat nya maling2 politik Luh,,, lanjutkan MBG","lawan politik itu biasa,, ngaong2 koyo wez pinter2 dpr juga tempat nya maling2 politik luh,, lanjutkan mbg","Memohon ke DPR, JPPI Desak Program MBG Prabowo Disetop: Petaka bagi Pendidikan, Guru Tumbal Racun",Tribunnews,2025-09-29T01:44:23Z,positive,AI-assisted semantic labeling
6331,"Yang pasti kalo rakyat sejahtera ,anaknya pasti tidak kurang makan,bisa gak pemerintah mensejahterakan rakyatnya,hukum korupsi,sita asetnya","yang pasti kalo rakyat sejahtera ,anaknya pasti tidak kurang makan,bisa gak pemerintah mensejahterakan rakyatnya,hukum korupsi,sita asetnya","Memohon ke DPR, JPPI Desak Program MBG Prabowo Disetop: Petaka bagi Pendidikan, Guru Tumbal Racun",Tribunnews,2025-09-29T01:38:18Z,negative,AI-assisted semantic labeling
6343,Saya setuju STOP saja MBG karena banyak korupsi 👎👎🤮👊👊,saya setuju stop saja mbg karena banyak korupsi 👎👎🤮👊👊,"Memohon ke DPR, JPPI Desak Program MBG Prabowo Disetop: Petaka bagi Pendidikan, Guru Tumbal Racun",Tribunnews,2025-09-28T16:39:44Z,negative,AI-assisted semantic labeling
6358,"Jgn krn prog pk persden,kl mmg bermmasalah jgn diam, yg utma PGRI😮😮","jgn krn prog pk persden,kl mmg bermmasalah jgn diam, yg utma pgri😮😮","Memohon ke DPR, JPPI Desak Program MBG Prabowo Disetop: Petaka bagi Pendidikan, Guru Tumbal Racun",Tribunnews,2025-09-28T12:19:14Z,negative,AI-assisted semantic labeling
6359,"KITA HARUS WASPADA,JGN ANGGAP NEGRI AMAN2 SJ,,,GURU HRS PINTAR BACA SITUASI,KNP DIAM😮😮","kita harus waspada,jgn anggap negri aman2 sj,,guru hrs pintar baca situasi,knp diam😮😮","Memohon ke DPR, JPPI Desak Program MBG Prabowo Disetop: Petaka bagi Pendidikan, Guru Tumbal Racun",Tribunnews,2025-09-28T12:16:47Z,positive,AI-assisted semantic labeling
6370,Benar  hentikan MBG . Itu jadi sarang kejahatan dan korupsi .  Bagi para petugas di lapangan . Bkn makanan bergizi tapi racun ni generasi . 😢😢😢,benar hentikan mbg . itu jadi sarang kejahatan dan korupsi . bagi para petugas di lapangan . bkn makanan bergizi tapi racun ni generasi . 😢😢,"Memohon ke DPR, JPPI Desak Program MBG Prabowo Disetop: Petaka bagi Pendidikan, Guru Tumbal Racun",Tribunnews,2025-09-28T07:53:15Z,negative,AI-assisted semantic labeling
6375,Sudah di stop sahaja buang buang uang angaran biar ortunya yanh masakin anaknya buat sekolah bagi uangnya sahaja kalau tidak stop dari pada banyak keracunan pekerjaan itu bukan kasus mbg sahaja ysng korupsi jufa belum selesai sudah tambah lagi keracunan mbg banyak kasus indonesia itu orang nya pada ngeyel tidak mau di fikir dulu sekiranya membahayakan soal mbg labih baik stop sahaja lebih baik begitu,sudah di stop sahaja buang buang uang angaran biar ortunya yanh masakin anaknya buat sekolah bagi uangnya sahaja kalau tidak stop dari pada banyak keracunan pekerjaan itu bukan kasus mbg sahaja ysng korupsi jufa belum selesai sudah tambah lagi keracunan mbg banyak kasus indonesia itu orang nya pada ngeyel tidak mau di fikir dulu sekiranya membahayakan soal mbg labih baik stop sahaja lebih baik begitu,"Memohon ke DPR, JPPI Desak Program MBG Prabowo Disetop: Petaka bagi Pendidikan, Guru Tumbal Racun",Tribunnews,2025-09-28T05:53:27Z,negative,AI-assisted semantic labeling
6388,Setuju boss,setuju boss,"Memohon ke DPR, JPPI Desak Program MBG Prabowo Disetop: Petaka bagi Pendidikan, Guru Tumbal Racun",Tribunnews,2025-09-28T02:11:01Z,neutral,AI-assisted semantic labeling
6391,❤❤❤sangat setuju hentikan mbg decepatnya,❤❤sangat setuju hentikan mbg decepatnya,"Memohon ke DPR, JPPI Desak Program MBG Prabowo Disetop: Petaka bagi Pendidikan, Guru Tumbal Racun",Tribunnews,2025-09-28T01:01:27Z,negative,AI-assisted semantic labeling
6396,Sy gk setuju.....,sy gk setuju..,"Memohon ke DPR, JPPI Desak Program MBG Prabowo Disetop: Petaka bagi Pendidikan, Guru Tumbal Racun",Tribunnews,2025-09-27T23:54:58Z,neutral,AI-assisted semantic labeling
6401,"Kami,rakyat,setuju,kalao,mbg,kebaikan,dihentikan,lebih,baik,anggarannya,dialihkan,untuk,kemajuan,pendidikan,mbg,bisa,menjadikan,kecemburuan,ketenaga,kerja,tlong,p,Prabowo,baiknya,hentikan,kami,rakyat,tetap,dokongbapak,","kami,rakyat,setuju,kalao,mbg,kebaikan,dihentikan,lebih,baik,anggarannya,dialihkan,untuk,kemajuan,pendidikan,mbg,bisa,menjadikan,kecemburuan,ketenaga,kerja,tlong,p,prabowo,baiknya,hentikan,kami,rakyat,tetap,dokongbapak,","Memohon ke DPR, JPPI Desak Program MBG Prabowo Disetop: Petaka bagi Pendidikan, Guru Tumbal Racun",Tribunnews,2025-09-27T22:58:09Z,negative,AI-assisted semantic labeling
6404,Lebih bagus dapurnya di sekolah2 dibuatkan semacam cafetaria  sekolah  JD Menunya disesuaikan dan Fresh...,lebih bagus dapurnya di sekolah2 dibuatkan semacam cafetaria sekolah jd menunya disesuaikan dan fresh..,"Memohon ke DPR, JPPI Desak Program MBG Prabowo Disetop: Petaka bagi Pendidikan, Guru Tumbal Racun",Tribunnews,2025-09-27T18:40:35Z,neutral,AI-assisted semantic labeling
6417,hentikan aja MBG percuma ortu masih tetep ngasih uang sangu,hentikan aja mbg percuma ortu masih tetep ngasih uang sangu,"Memohon ke DPR, JPPI Desak Program MBG Prabowo Disetop: Petaka bagi Pendidikan, Guru Tumbal Racun",Tribunnews,2025-09-27T13:40:46Z,neutral,AI-assisted semantic labeling
6418,"PEMASOKNYA AJA TANGKAP DULU JADI KETAHUAN SIAPA DALANGNYA. ( TATKALA MEMASUKI KE MBG, TANYA DULU LALU TANGKAP JADI KETAHUAN.)","pemasoknya aja tangkap dulu jadi ketahuan siapa dalangnya. ( tatkala memasuki ke mbg, tanya dulu lalu tangkap jadi ketahuan.)","Memohon ke DPR, JPPI Desak Program MBG Prabowo Disetop: Petaka bagi Pendidikan, Guru Tumbal Racun",Tribunnews,2025-09-27T13:33:13Z,neutral,AI-assisted semantic labeling
6421,ngapa kau mau stop MBG siapa kau dr mn kau apa maksud kau emang merugikan kau,ngapa kau mau stop mbg siapa kau dr mn kau apa maksud kau emang merugikan kau,"Memohon ke DPR, JPPI Desak Program MBG Prabowo Disetop: Petaka bagi Pendidikan, Guru Tumbal Racun",Tribunnews,2025-09-27T12:42:59Z,negative,AI-assisted semantic labeling
6461,"Setuju MBG stop, ganti sekolah gratis","setuju mbg stop, ganti sekolah gratis","Memohon ke DPR, JPPI Desak Program MBG Prabowo Disetop: Petaka bagi Pendidikan, Guru Tumbal Racun",Tribunnews,2025-09-27T01:42:06Z,negative,AI-assisted semantic labeling
6469,"Bego ini  DPR bilang ME BG dihentiksn ,makanya belajarlah  dg luar negri, sy nikah sm orang luar negri dan dah tonggal 34 taun, disini ada makan grstis di sekolah , tapi aman2 Saja , anak2 pada tinggi pintet dan g boleh sembarangan jajan sembarangan.","bego ini dpr bilang me bg dihentiksn ,makanya belajarlah dg luar negri, sy nikah sm orang luar negri dan dah tonggal 34 taun, disini ada makan grstis di sekolah , tapi aman2 saja , anak2 pada tinggi pintet dan g boleh sembarangan jajan sembarangan.","Memohon ke DPR, JPPI Desak Program MBG Prabowo Disetop: Petaka bagi Pendidikan, Guru Tumbal Racun",Tribunnews,2025-09-26T23:14:15Z,negative,AI-assisted semantic labeling
6474,"Saya warga Medan setuju klu mbh di hentikan ,yg pertama menggangu belajar,menjadi ajg korupsi dan bagi org tua yg TDK bisa menyekolahkan anaknya TDK mendpt bantuan mbg menurut saya bagikan KPD anak baik dia sekolah maupun yg TDK sekola biar adil,karna Mala yg miskin malah,TDK bisa mendpt mbg karna ia TDK sekola","saya warga medan setuju klu mbh di hentikan ,yg pertama menggangu belajar,menjadi ajg korupsi dan bagi org tua yg tdk bisa menyekolahkan anaknya tdk mendpt bantuan mbg menurut saya bagikan kpd anak baik dia sekolah maupun yg tdk sekola biar adil,karna mala yg miskin malah,tdk bisa mendpt mbg karna ia tdk sekola","Memohon ke DPR, JPPI Desak Program MBG Prabowo Disetop: Petaka bagi Pendidikan, Guru Tumbal Racun",Tribunnews,2025-09-26T18:35:11Z,negative,AI-assisted semantic labeling
6478,Makan Bergizi Gratis??🙄 dibayar dari anggaran negara = duit pajak....kok disebut gratis😔,makan bergizi gratis??🙄 dibayar dari anggaran negara = duit pajak..kok disebut gratis😔,"Memohon ke DPR, JPPI Desak Program MBG Prabowo Disetop: Petaka bagi Pendidikan, Guru Tumbal Racun",Tribunnews,2025-09-26T17:03:09Z,negative,AI-assisted semantic labeling
6480,MBG = MENU BEGO GIBRAN,mbg = menu bego gibran,"Memohon ke DPR, JPPI Desak Program MBG Prabowo Disetop: Petaka bagi Pendidikan, Guru Tumbal Racun",Tribunnews,2025-09-26T16:32:58Z,negative,AI-assisted semantic labeling
6491,"Sy liat di tv kok ngeri ada ulatnya dimbg, ada belatungnya dan jg tempe masih mentah
Uangnya dikasihkan langsung ke wali murid aja , kalo dikasihke ke wali mirid malah uangnya bisa dinikmati seluruhnya olwh murid, tidak berkurang dikarenakan harus memberi keuntunhan yg mengelola","sy liat di tv kok ngeri ada ulatnya dimbg, ada belatungnya dan jg tempe masih mentah uangnya dikasihkan langsung ke wali murid aja , kalo dikasihke ke wali mirid malah uangnya bisa dinikmati seluruhnya olwh murid, tidak berkurang dikarenakan harus memberi keuntunhan yg mengelola","Memohon ke DPR, JPPI Desak Program MBG Prabowo Disetop: Petaka bagi Pendidikan, Guru Tumbal Racun",Tribunnews,2025-09-26T14:49:55Z,negative,AI-assisted semantic labeling
6504,"hallo dpr, para wakil rakyat jangan diam membisu aja! masih tunggu aduan? korban dan banyak lho!","hallo dpr, para wakil rakyat jangan diam membisu aja! masih tunggu aduan? korban dan banyak lho!","Memohon ke DPR, JPPI Desak Program MBG Prabowo Disetop: Petaka bagi Pendidikan, Guru Tumbal Racun",Tribunnews,2025-09-26T13:08:55Z,negative,AI-assisted semantic labeling
6505,hentikan MBG sekarang juga,hentikan mbg sekarang juga,"Memohon ke DPR, JPPI Desak Program MBG Prabowo Disetop: Petaka bagi Pendidikan, Guru Tumbal Racun",Tribunnews,2025-09-26T13:07:39Z,negative,AI-assisted semantic labeling
6506,"ya begitulah jadinya kalau program unggulan tanpa perencanaan yg matang. uang rakyat terbuang tanpa hasil yg jelas tapi presidennya tetap ngotot dan ... mengklaim mbg berhasil, sukses. apa ukurannya? saya setuju mbg dihentikan total. gak ada faedahnya wok!","ya begitulah jadinya kalau program unggulan tanpa perencanaan yg matang. uang rakyat terbuang tanpa hasil yg jelas tapi presidennya tetap ngotot dan .. mengklaim mbg berhasil, sukses. apa ukurannya? saya setuju mbg dihentikan total. gak ada faedahnya wok!","Memohon ke DPR, JPPI Desak Program MBG Prabowo Disetop: Petaka bagi Pendidikan, Guru Tumbal Racun",Tribunnews,2025-09-26T13:04:56Z,negative,AI-assisted semantic labeling
6515,HENTIKAN MBG...,hentikan mbg..,"Memohon ke DPR, JPPI Desak Program MBG Prabowo Disetop: Petaka bagi Pendidikan, Guru Tumbal Racun",Tribunnews,2025-09-26T12:20:11Z,negative,AI-assisted semantic labeling
6524,"Benar sekali bos saya juga setiap hari trs mengurus mng di sekolah ya membagikan sama anak"" apalagi bekas nya saya yang merapihkan betul sekali hilang satu sekolah harus mengganti padahal saya tidak di gjh dari mbgctidak mendapatkan apa "" dari MBG bgt makasih","benar sekali bos saya juga setiap hari trs mengurus mng di sekolah ya membagikan sama anak"" apalagi bekas nya saya yang merapihkan betul sekali hilang satu sekolah harus mengganti padahal saya tidak di gjh dari mbgctidak mendapatkan apa "" dari mbg bgt makasih","Memohon ke DPR, JPPI Desak Program MBG Prabowo Disetop: Petaka bagi Pendidikan, Guru Tumbal Racun",Tribunnews,2025-09-26T11:43:00Z,neutral,AI-assisted semantic labeling
6529,lahan kurupsi mbg,lahan kurupsi mbg,"Memohon ke DPR, JPPI Desak Program MBG Prabowo Disetop: Petaka bagi Pendidikan, Guru Tumbal Racun",Tribunnews,2025-09-26T11:11:01Z,neutral,AI-assisted semantic labeling
6547,Setuju di hentikan mbg,setuju di hentikan mbg,"Memohon ke DPR, JPPI Desak Program MBG Prabowo Disetop: Petaka bagi Pendidikan, Guru Tumbal Racun",Tribunnews,2025-09-26T09:46:55Z,negative,AI-assisted semantic labeling
6551,"Ndak semudah itu kawan kalau mau di hentikan, pengusaha yg ikut jadi mitra apa ndak dipikirkan berapa modal yg di investasikan..dan ndak semua daerah bermasalah keracunan..","ndak semudah itu kawan kalau mau di hentikan, pengusaha yg ikut jadi mitra apa ndak dipikirkan berapa modal yg di investasikan..dan ndak semua daerah bermasalah keracunan..","Memohon ke DPR, JPPI Desak Program MBG Prabowo Disetop: Petaka bagi Pendidikan, Guru Tumbal Racun",Tribunnews,2025-09-26T09:09:14Z,negative,AI-assisted semantic labeling
6553,Mbg tujuanya bagus tp kurang dampaknya krn kurang matang. Malah membuat repot semua. Krn masalah makan itu sbetulnya sensitif. Kayaknya malah buat bisnis orang2 tertentu. Sbtulnya melibatkan sekolahan dan orang tua murid. Di gilir biar merata. Kecipratan rejeki.,mbg tujuanya bagus tp kurang dampaknya krn kurang matang. malah membuat repot semua. krn masalah makan itu sbetulnya sensitif. kayaknya malah buat bisnis orang2 tertentu. sbtulnya melibatkan sekolahan dan orang tua murid. di gilir biar merata. kecipratan rejeki.,"Memohon ke DPR, JPPI Desak Program MBG Prabowo Disetop: Petaka bagi Pendidikan, Guru Tumbal Racun",Tribunnews,2025-09-26T08:52:43Z,negative,AI-assisted semantic labeling
6561,Setuju MBG dihentikan,setuju mbg dihentikan,"Memohon ke DPR, JPPI Desak Program MBG Prabowo Disetop: Petaka bagi Pendidikan, Guru Tumbal Racun",Tribunnews,2025-09-26T08:10:36Z,negative,AI-assisted semantic labeling
6563,Serahkan anggaran mbg ke orang tua siswa segera....,serahkan anggaran mbg ke orang tua siswa segera..,"Memohon ke DPR, JPPI Desak Program MBG Prabowo Disetop: Petaka bagi Pendidikan, Guru Tumbal Racun",Tribunnews,2025-09-26T08:03:21Z,neutral,AI-assisted semantic labeling
6568,Kalau dihentikan fikiran dan kasih solusi untuk pembangunan yg sudah terjdi,kalau dihentikan fikiran dan kasih solusi untuk pembangunan yg sudah terjdi,"Memohon ke DPR, JPPI Desak Program MBG Prabowo Disetop: Petaka bagi Pendidikan, Guru Tumbal Racun",Tribunnews,2025-09-26T07:25:52Z,neutral,AI-assisted semantic labeling
6573,"MBG bukan lah utk mencerdaskab ,jd program MBG hrs di hentikan, yg perlu bagaimn pendapatan masyarakat naik, harga barang murah dan pengetahuan gizi di terapkan, utk ini pajak dikrangidan diturunkan.","mbg bukan lah utk mencerdaskab ,jd program mbg hrs di hentikan, yg perlu bagaimn pendapatan masyarakat naik, harga barang murah dan pengetahuan gizi di terapkan, utk ini pajak dikrangidan diturunkan.","Memohon ke DPR, JPPI Desak Program MBG Prabowo Disetop: Petaka bagi Pendidikan, Guru Tumbal Racun",Tribunnews,2025-09-26T07:07:27Z,neutral,AI-assisted semantic labeling
6576,"Setuju...hentikan MBG..naikkan BOS saja..
MBG bikin kacau...menghambur2kan uang negara.
Saya seorg guru...",setuju..hentikan mbg..naikkan bos saja.. mbg bikin kacau..menghambur2kan uang negara. saya seorg guru..,"Memohon ke DPR, JPPI Desak Program MBG Prabowo Disetop: Petaka bagi Pendidikan, Guru Tumbal Racun",Tribunnews,2025-09-26T06:47:05Z,negative,AI-assisted semantic labeling
6579,"Hentikan MBG, karena,masak terlalu banyak,karyawan dapur kewalahan, akhirnya masak asal asalan, dan makanan basi karena masak nya di mulai jam 2 atau 3 malam, karena antisipasi takut nggak pas tepat waktu.","hentikan mbg, karena,masak terlalu banyak,karyawan dapur kewalahan, akhirnya masak asal asalan, dan makanan basi karena masak nya di mulai jam 2 atau 3 malam, karena antisipasi takut nggak pas tepat waktu.","Memohon ke DPR, JPPI Desak Program MBG Prabowo Disetop: Petaka bagi Pendidikan, Guru Tumbal Racun",Tribunnews,2025-09-26T06:36:53Z,negative,AI-assisted semantic labeling
6582,"MBG ini untuk menyehatkan anak apa mau membunuh anak indonesia,seperti covid,,","mbg ini untuk menyehatkan anak apa mau membunuh anak indonesia,seperti covid,,","Memohon ke DPR, JPPI Desak Program MBG Prabowo Disetop: Petaka bagi Pendidikan, Guru Tumbal Racun",Tribunnews,2025-09-26T06:25:04Z,negative,AI-assisted semantic labeling
6594,"Anggarannya dialihkan untuk sembako murah aja pak, kebutuhan rumah tangga yg murah (listrik, gas, bbm,dll) itu aja pak. InsyaAllah klo gizi anak, biar tanggung jawab kami sbgai orang tua.","anggarannya dialihkan untuk sembako murah aja pak, kebutuhan rumah tangga yg murah (listrik, gas, bbm,dll) itu aja pak. insyaallah klo gizi anak, biar tanggung jawab kami sbgai orang tua.","Memohon ke DPR, JPPI Desak Program MBG Prabowo Disetop: Petaka bagi Pendidikan, Guru Tumbal Racun",Tribunnews,2025-09-26T05:46:24Z,neutral,AI-assisted semantic labeling
6610,Ini sepertinya program yg berbahaya tanpa studi yg memadai akibatnya. Ini program pki intik menghancirkan generasi  Z,ini sepertinya program yg berbahaya tanpa studi yg memadai akibatnya. ini program pki intik menghancirkan generasi z,"Memohon ke DPR, JPPI Desak Program MBG Prabowo Disetop: Petaka bagi Pendidikan, Guru Tumbal Racun",Tribunnews,2025-09-26T03:41:01Z,negative,AI-assisted semantic labeling
6616,"DPR membantai presiden dengan halus,,,, itulah balas dendam mereka,,, sangatlah jahat,, Prabowo klo ahli kuliner,,, habis no tikus 2 berdasi,,tiap ada proyek tikus mesti merajalela,,,, kerahkan pasukan khusus tuk merombak secr kilat,,,, jangan korbankan Presiden!!!!","dpr membantai presiden dengan halus,, itulah balas dendam mereka,, sangatlah jahat,, prabowo klo ahli kuliner,, habis no tikus 2 berdasi,,tiap ada proyek tikus mesti merajalela,, kerahkan pasukan khusus tuk merombak secr kilat,, jangan korbankan presiden!!","Memohon ke DPR, JPPI Desak Program MBG Prabowo Disetop: Petaka bagi Pendidikan, Guru Tumbal Racun",Tribunnews,2025-09-26T03:12:02Z,negative,AI-assisted semantic labeling
6618,"Tidak profesional,,,ada program MBG!!!!tikus yg ambisius senantiasa merajalela,,, program terus berjalan tetapi koki harus profesional kuliner.","tidak profesional,,ada program mbg!!tikus yg ambisius senantiasa merajalela,, program terus berjalan tetapi koki harus profesional kuliner.","Memohon ke DPR, JPPI Desak Program MBG Prabowo Disetop: Petaka bagi Pendidikan, Guru Tumbal Racun",Tribunnews,2025-09-26T03:09:22Z,neutral,AI-assisted semantic labeling
6632,Setuju buanget muantap MbG di berenti kan,setuju buanget muantap mbg di berenti kan,"Memohon ke DPR, JPPI Desak Program MBG Prabowo Disetop: Petaka bagi Pendidikan, Guru Tumbal Racun",Tribunnews,2025-09-26T01:00:05Z,positive,AI-assisted semantic labeling
6634,Raun bukan gizi,raun bukan gizi,"Memohon ke DPR, JPPI Desak Program MBG Prabowo Disetop: Petaka bagi Pendidikan, Guru Tumbal Racun",Tribunnews,2025-09-26T00:55:34Z,neutral,AI-assisted semantic labeling
6639,"Dikasihkan orangtua  uangnya  biar dimasak orangtua, anak sekolah yldiwajibkan bawa bekal Krn yg tahu menu anaknya adlh orangtua. Anak anak pada nggak suka/doyan menu MBG","dikasihkan orangtua uangnya biar dimasak orangtua, anak sekolah yldiwajibkan bawa bekal krn yg tahu menu anaknya adlh orangtua. anak anak pada nggak suka/doyan menu mbg","Memohon ke DPR, JPPI Desak Program MBG Prabowo Disetop: Petaka bagi Pendidikan, Guru Tumbal Racun",Tribunnews,2025-09-26T00:24:24Z,neutral,AI-assisted semantic labeling
6654,"jadi ladang bancakan proyek tanpa mempedulikan kwalitas makanan. Sependapat dg KDM lebih baik uang diberikan kepada ibu” (keluarga kurang mampu) utk membuatkan bekal anaknya, 
dibandingkn sbg ladang korupsi para mitra utk mencari keuntungan yg sebesar-besarnya. Lebih baik memperbaiki kwalitas pendidikan di Indonesia drpda membuka program baru yg menjadi bom waktu (kasus keracunan).","jadi ladang bancakan proyek tanpa mempedulikan kwalitas makanan. sependapat dg kdm lebih baik uang diberikan kepada ibu” (keluarga kurang mampu) utk membuatkan bekal anaknya, dibandingkn sbg ladang korupsi para mitra utk mencari keuntungan yg sebesar-besarnya. lebih baik memperbaiki kwalitas pendidikan di indonesia drpda membuka program baru yg menjadi bom waktu (kasus keracunan).","Memohon ke DPR, JPPI Desak Program MBG Prabowo Disetop: Petaka bagi Pendidikan, Guru Tumbal Racun",Tribunnews,2025-09-25T23:01:29Z,negative,AI-assisted semantic labeling
6655,Mending di uangkan saja perbulan 300rb . Itu lebih sangat berguna bisa buat beli seragam sekolah alat tulis atau bayar mobil antar jemput skolah,mending di uangkan saja perbulan 300rb . itu lebih sangat berguna bisa buat beli seragam sekolah alat tulis atau bayar mobil antar jemput skolah,"Memohon ke DPR, JPPI Desak Program MBG Prabowo Disetop: Petaka bagi Pendidikan, Guru Tumbal Racun",Tribunnews,2025-09-25T22:59:26Z,negative,AI-assisted semantic labeling
6665,"MBG,,koropsi model baru","mbg,,koropsi model baru","Memohon ke DPR, JPPI Desak Program MBG Prabowo Disetop: Petaka bagi Pendidikan, Guru Tumbal Racun",Tribunnews,2025-09-25T18:51:24Z,neutral,AI-assisted semantic labeling
6690,Kalau di Indonesia mbg diganti Viking atau makanan snake,kalau di indonesia mbg diganti viking atau makanan snake,3 Negara yang Punya Program MBG #mbg #indonesia #shorts,Nusantara Joss,2026-07-16T23:24:22Z,neutral,AI-assisted semantic labeling
6703,Di indonesia MBG gk jalan krn koruptornya terlalu bnyk ... Intinya mbg bagus cm realitanya tdk sesuai harapan semua pihak justru merugukan negar dan masyrakat ... Dananyadi korupsi dan bnyak suswa yg keracunann,di indonesia mbg gk jalan krn koruptornya terlalu bnyk .. intinya mbg bagus cm realitanya tdk sesuai harapan semua pihak justru merugukan negar dan masyrakat .. dananyadi korupsi dan bnyak suswa yg keracunann,3 Negara yang Punya Program MBG #mbg #indonesia #shorts,Nusantara Joss,2026-07-09T04:05:22Z,negative,AI-assisted semantic labeling
6710,"Di indonesia itu Harus di brantas dulu koruptor baru mbg akan aman 
Kalo koruptor di biar kan maka mbg akan hancur
Dan akan menyiksa rakyat karna makan  mbg itu duit nya dari rakyat ia itu dari  PAJAK 
Kalo pemerintah tidak becus memberantas para koruptor sebaik nya program mbg itu DI STOP aja deh 
Dari pada pemerintah di benci rakyat 
Dan nanti nya takan pr caya lagi sama pemerintah.",di indonesia itu harus di brantas dulu koruptor baru mbg akan aman kalo koruptor di biar kan maka mbg akan hancur dan akan menyiksa rakyat karna makan mbg itu duit nya dari rakyat ia itu dari pajak kalo pemerintah tidak becus memberantas para koruptor sebaik nya program mbg itu di stop aja deh dari pada pemerintah di benci rakyat dan nanti nya takan pr caya lagi sama pemerintah.,3 Negara yang Punya Program MBG #mbg #indonesia #shorts,Nusantara Joss,2026-07-08T03:09:13Z,positive,AI-assisted semantic labeling
6719,Luar negeri sdh jln mbg sejak tahun 1800 berjalan lancar amanah indonesia baru satu tahun jagung terkorup serta setiap pejabat dari dpr tni polri.punya semua dapur namun.ada yg dapur piktif sd 50.000 dapur uang ngalir dapurnya tdk ada gimana itu indonedia ?,luar negeri sdh jln mbg sejak tahun 1800 berjalan lancar amanah indonesia baru satu tahun jagung terkorup serta setiap pejabat dari dpr tni polri.punya semua dapur namun.ada yg dapur piktif sd 50.00 dapur uang ngalir dapurnya tdk ada gimana itu indonedia ?,3 Negara yang Punya Program MBG #mbg #indonesia #shorts,Nusantara Joss,2026-07-07T13:58:51Z,positive,AI-assisted semantic labeling
6734,MBG indo tak bergiji😂,mbg indo tak bergiji😂,3 Negara yang Punya Program MBG #mbg #indonesia #shorts,Nusantara Joss,2026-07-07T10:29:37Z,neutral,AI-assisted semantic labeling
6739,Mantap gizinya TDK seperti mbg busuk basi,mantap gizinya tdk seperti mbg busuk basi,3 Negara yang Punya Program MBG #mbg #indonesia #shorts,Nusantara Joss,2026-07-07T09:45:41Z,negative,AI-assisted semantic labeling
6743,Indo pengin kaya negara lain tapi si bro lupa kalo indo itu kebanyakan pejabat korupsi porgam nya udah bagus tapi pengelola nya yang ga jujur alhasil program bagus itu jadi jelek karena pejabat pejabat itu sendiri,indo pengin kaya negara lain tapi si bro lupa kalo indo itu kebanyakan pejabat korupsi porgam nya udah bagus tapi pengelola nya yang ga jujur alhasil program bagus itu jadi jelek karena pejabat pejabat itu sendiri,3 Negara yang Punya Program MBG #mbg #indonesia #shorts,Nusantara Joss,2026-07-07T08:31:40Z,negative,AI-assisted semantic labeling
6746,"Saya bekerja di Malaysia sudah 15 tahun kok belum pernah lihat ada mbg disini, padahal saya berkali-kali renov sekolahan,, kalo semacam pondok pesantren memang ada, tapi itupun bayar tiap bulan, bukan gratis","saya bekerja di malaysia sudah 15 tahun kok belum pernah lihat ada mbg disini, padahal saya berkali-kali renov sekolahan,, kalo semacam pondok pesantren memang ada, tapi itupun bayar tiap bulan, bukan gratis",3 Negara yang Punya Program MBG #mbg #indonesia #shorts,Nusantara Joss,2026-07-07T07:02:00Z,neutral,AI-assisted semantic labeling
6747,"Iyaa kalau di luar negeri nggak korupsi 
Kalau di Indonesia banyak di korupsi karena banyak orang rakus",iyaa kalau di luar negeri nggak korupsi kalau di indonesia banyak di korupsi karena banyak orang rakus,3 Negara yang Punya Program MBG #mbg #indonesia #shorts,Nusantara Joss,2026-07-07T06:45:48Z,negative,AI-assisted semantic labeling
6750,Di Indonesia MBG nya malah dicampur Racuuun ini sebab ada yg ngiri alias tidak setuju jadi Sabotase atau bahan bakunya udah kadaluarsa jdi mengandung Racuuun,di indonesia mbg nya malah dicampur racuun ini sebab ada yg ngiri alias tidak setuju jadi sabotase atau bahan bakunya udah kadaluarsa jdi mengandung racuun,3 Negara yang Punya Program MBG #mbg #indonesia #shorts,Nusantara Joss,2026-07-07T06:42:28Z,positive,AI-assisted semantic labeling
6756,😂Indonesia baru berdiri dipakai lahan korupsi engga punya otak,😂indonesia baru berdiri dipakai lahan korupsi engga punya otak,3 Negara yang Punya Program MBG #mbg #indonesia #shorts,Nusantara Joss,2026-07-07T05:34:31Z,negative,AI-assisted semantic labeling
6766,"Indonesia masih banyak ""perakus/pelahap"" UDAH MAKAN STEAK tapii ikan teri asin punya orang susah di-embat juga","indonesia masih banyak ""perakus/pelahap"" udah makan steak tapii ikan teri asin punya orang susah di-embat juga",3 Negara yang Punya Program MBG #mbg #indonesia #shorts,Nusantara Joss,2026-07-07T03:22:41Z,neutral,AI-assisted semantic labeling
6768,Kalau Indonesia mau  kayak Jepang  koruptor Hukum Mati  DPR BUBAR rrrrrrr kan presiden lengser kan smua di Renovasi contoh di zaman Suharto cuma 3 Partai,kalau indonesia mau kayak jepang koruptor hukum mati dpr bubar rr kan presiden lengser kan smua di renovasi contoh di zaman suharto cuma 3 partai,3 Negara yang Punya Program MBG #mbg #indonesia #shorts,Nusantara Joss,2026-07-07T03:01:23Z,negative,AI-assisted semantic labeling
6776,Fasilitas pendidikan & kesejahteraan tenaga pendidik diprioritaskan dulu. Baru perutnya siswa. Karena kewajiban pemenuhan gizi anak adalah orang tua/ keluarga masing2. Negara hadir langsung ke sasaran utk meringankan pokok ekonomi rakyat sehingga terwujud kesejahteraan bagi masing2 keluarga. Kalo keluarga sejahtera ekonominya saya yakin soal kebutuhan gizi anak itu hal yg sangat mudah...,fasilitas pendidikan & kesejahteraan tenaga pendidik diprioritaskan dulu. baru perutnya siswa. karena kewajiban pemenuhan gizi anak adalah orang tua/ keluarga masing2. negara hadir langsung ke sasaran utk meringankan pokok ekonomi rakyat sehingga terwujud kesejahteraan bagi masing2 keluarga. kalo keluarga sejahtera ekonominya saya yakin soal kebutuhan gizi anak itu hal yg sangat mudah..,3 Negara yang Punya Program MBG #mbg #indonesia #shorts,Nusantara Joss,2026-07-07T01:08:54Z,neutral,AI-assisted semantic labeling
6787,"Diindonesia cm dikoropsi
Adanya MBG membuat bahan pokok mahal",diindonesia cm dikoropsi adanya mbg membuat bahan pokok mahal,3 Negara yang Punya Program MBG #mbg #indonesia #shorts,Nusantara Joss,2026-07-06T22:12:24Z,neutral,AI-assisted semantic labeling
6816,Lalu kenapa di Indonesia si protes,lalu kenapa di indonesia si protes,3 Negara yang Punya Program MBG #mbg #indonesia #shorts,Nusantara Joss,2026-07-06T12:55:24Z,neutral,AI-assisted semantic labeling
6819,"Padahal di negara Konoha terkenal dan banyak orang asing cita karena kekayaan alamnya sangat luar biasa sejak kemerdekaan tahun 1945,kenapa sekarang jadi miris ya terkenalnya hanya menjadi negara koruptor terbesar,tidak punya kehebatan yg seperti negara mereka.","padahal di negara konoha terkenal dan banyak orang asing cita karena kekayaan alamnya sangat luar biasa sejak kemerdekaan tahun 1945,kenapa sekarang jadi miris ya terkenalnya hanya menjadi negara koruptor terbesar,tidak punya kehebatan yg seperti negara mereka.",3 Negara yang Punya Program MBG #mbg #indonesia #shorts,Nusantara Joss,2026-07-06T12:36:57Z,negative,AI-assisted semantic labeling
6838,"sama diindo juga semangat, Dan uang sangunya utuh ditabung
Semoga WNI  Selalu sehat Dan tidak kekurangan  sesuatu apapun
Dan kompack tingkatkan kerukunan","sama diindo juga semangat, dan uang sangunya utuh ditabung semoga wni selalu sehat dan tidak kekurangan sesuatu apapun dan kompack tingkatkan kerukunan",3 Negara yang Punya Program MBG #mbg #indonesia #shorts,Nusantara Joss,2026-07-06T10:29:16Z,neutral,AI-assisted semantic labeling
6848,Masasih negara India.... Bukannya negaranya neregehese.... Apalagi buat kasih makan siang gratis....!!!,masasih negara india.. bukannya negaranya neregehese.. apalagi buat kasih makan siang gratis..!!,3 Negara yang Punya Program MBG #mbg #indonesia #shorts,Nusantara Joss,2026-07-06T08:40:43Z,neutral,AI-assisted semantic labeling
6854,Y lh MBG ny yg buat sekolah jdi tau berapa biayanya bukan dr luar sekolah,y lh mbg ny yg buat sekolah jdi tau berapa biayanya bukan dr luar sekolah,3 Negara yang Punya Program MBG #mbg #indonesia #shorts,Nusantara Joss,2026-07-06T07:26:49Z,neutral,AI-assisted semantic labeling
6878,"ASSALAMUALAIKUM PAK PRABOWO GIMANA MBG DI NKRI ???
MBG DI NKRI HANYA BAGI2 KORUPSI PARA PEJABAT NKRI BORO BERGIZI, EDAAAAN EDAAAAN SUPER EDAAAAAN  NKRI !!!","assalamualaikum pak prabowo gimana mbg di nkri ?? mbg di nkri hanya bagi2 korupsi para pejabat nkri boro bergizi, edaan edaan super edaan nkri !!",3 Negara yang Punya Program MBG #mbg #indonesia #shorts,Nusantara Joss,2026-07-05T23:38:43Z,negative,AI-assisted semantic labeling
6879,"MEREKA MBGNYA MAJU KARENA PEJABATNYA TIDAK SUKA PENCURI UANG,SEOERTI KOHONA, BUDAYA PENCURI UANG TURUN KE ANAK CUCU😂😂😂😂","mereka mbgnya maju karena pejabatnya tidak suka pencuri uang,seoerti kohona, budaya pencuri uang turun ke anak cucu😂😂",3 Negara yang Punya Program MBG #mbg #indonesia #shorts,Nusantara Joss,2026-07-05T23:34:48Z,negative,AI-assisted semantic labeling
6888,Karna pejabat nya gak ada yang koropsi tapi KL di negara kita Indonesia banyak yang makan pejabat nya   di anggap udah tak ada yang melihat Allah gak tidur,karna pejabat nya gak ada yang koropsi tapi kl di negara kita indonesia banyak yang makan pejabat nya di anggap udah tak ada yang melihat allah gak tidur,3 Negara yang Punya Program MBG #mbg #indonesia #shorts,Nusantara Joss,2026-07-05T16:49:49Z,neutral,AI-assisted semantic labeling
6889,Hebat nya GK ada korptor,hebat nya gk ada korptor,3 Negara yang Punya Program MBG #mbg #indonesia #shorts,Nusantara Joss,2026-07-05T16:44:20Z,neutral,AI-assisted semantic labeling
6901,"Tio, tai mana , mirip tai tio itu","tio, tai mana , mirip tai tio itu",3 Negara yang Punya Program MBG #mbg #indonesia #shorts,Nusantara Joss,2026-07-05T13:29:59Z,neutral,AI-assisted semantic labeling
6915,Orang bersyukur TDK banyak perotesnyaa y begini hasilnya mantap negara' luar,orang bersyukur tdk banyak perotesnyaa y begini hasilnya mantap negara' luar,3 Negara yang Punya Program MBG #mbg #indonesia #shorts,Nusantara Joss,2026-07-05T11:56:27Z,neutral,AI-assisted semantic labeling
6927,❤MBG tetap harus jalan asal yg korupsi MBG di HUKUM MATI...harusnya CEO MBG menyediakan Akun resmi diseluruh cabang seindonesia bisa dilihat live saat dapur MBG sibuk memasak dan menu bisa satu pintu Lewat arahan CEO pusat..biar pola makan sehat dan terkendali❤,❤mbg tetap harus jalan asal yg korupsi mbg di hukum mati..harusnya ceo mbg menyediakan akun resmi diseluruh cabang seindonesia bisa dilihat live saat dapur mbg sibuk memasak dan menu bisa satu pintu lewat arahan ceo pusat..biar pola makan sehat dan terkendali❤,3 Negara yang Punya Program MBG #mbg #indonesia #shorts,Nusantara Joss,2026-07-05T10:20:00Z,negative,AI-assisted semantic labeling
6929,Lah Indonesia NO.MER brp ya...😂😂😂... ...MBG ko menu nya Sukro Ama roti 2000an...😜,lah indonesia no.mer brp ya..😂😂.. ..mbg ko menu nya sukro ama roti 200an..😜,3 Negara yang Punya Program MBG #mbg #indonesia #shorts,Nusantara Joss,2026-07-05T10:14:25Z,negative,AI-assisted semantic labeling
6939,"Di indonesia serba SALAH 
Soalnya BANYAK PEJABAT yg miskin MAKANYA jadi RAMPOK/GARONG/KORUPTOR",di indonesia serba salah soalnya banyak pejabat yg miskin makanya jadi rampok/garong/koruptor,3 Negara yang Punya Program MBG #mbg #indonesia #shorts,Nusantara Joss,2026-07-05T09:18:57Z,negative,AI-assisted semantic labeling
6940,Intinya jgn dikorupsi,intinya jgn dikorupsi,3 Negara yang Punya Program MBG #mbg #indonesia #shorts,Nusantara Joss,2026-07-05T09:16:58Z,negative,AI-assisted semantic labeling
6946,Lihat lauknya. Mau mau mau,lihat lauknya. mau mau mau,3 Negara yang Punya Program MBG #mbg #indonesia #shorts,Nusantara Joss,2026-07-05T08:51:25Z,neutral,AI-assisted semantic labeling
6970,"Menu mbg disini nasinya sdikit ayamnya secuil, sayur secuil buah s garis.","menu mbg disini nasinya sdikit ayamnya secuil, sayur secuil buah s garis.",3 Negara yang Punya Program MBG #mbg #indonesia #shorts,Nusantara Joss,2026-07-05T01:58:10Z,neutral,AI-assisted semantic labeling
6972,Wowwww keren 👍👍👍👍😘,woww keren 👍👍😘,3 Negara yang Punya Program MBG #mbg #indonesia #shorts,Nusantara Joss,2026-07-05T01:50:52Z,neutral,AI-assisted semantic labeling
6986,Mantap  ❤🎉,mantap ❤🎉,3 Negara yang Punya Program MBG #mbg #indonesia #shorts,Nusantara Joss,2026-07-04T23:17:28Z,neutral,AI-assisted semantic labeling
6987,"Kita berjiwe kere, swhingga, korup merajalela... Kenyataannya. Begitu. Kok. 😂😂😂😂😂","kita berjiwe kere, swhingga, korup merajalela.. kenyataannya. begitu. kok. 😂😂",3 Negara yang Punya Program MBG #mbg #indonesia #shorts,Nusantara Joss,2026-07-04T23:16:47Z,neutral,AI-assisted semantic labeling
6989,"Klu org lua, orangnyaKONSISTEN. INDO ORANGNYA MASABODOH...., MAKANYA PADA BODOH..... TAK PERDULIAN. ... 😂😂KERE SOALNYA....","klu org lua, orangnyakonsisten. indo orangnya masabodoh.., makanya pada bodoh.. tak perdulian. .. 😂😂kere soalnya..",3 Negara yang Punya Program MBG #mbg #indonesia #shorts,Nusantara Joss,2026-07-04T23:10:19Z,negative,AI-assisted semantic labeling
6998,"Klo ngk di kurupsi bisa enak makananya, hukum mati kurupsi biar ngk ada yg berani kurupsi","klo ngk di kurupsi bisa enak makananya, hukum mati kurupsi biar ngk ada yg berani kurupsi",3 Negara yang Punya Program MBG #mbg #indonesia #shorts,Nusantara Joss,2026-07-04T18:22:27Z,negative,AI-assisted semantic labeling
7007,Kalo di luar negri  boleh di percayA TDK seperti di Indon  makanan banyak TDK layak mbg di korupsi anak anak di kasih makanan TDK bergisi,kalo di luar negri boleh di percaya tdk seperti di indon makanan banyak tdk layak mbg di korupsi anak anak di kasih makanan tdk bergisi,3 Negara yang Punya Program MBG #mbg #indonesia #shorts,Nusantara Joss,2026-07-04T16:57:21Z,negative,AI-assisted semantic labeling
7008,Disini malah di korup... Disana pajabat nya punya malu,disini malah di korup.. disana pajabat nya punya malu,3 Negara yang Punya Program MBG #mbg #indonesia #shorts,Nusantara Joss,2026-07-04T16:48:26Z,neutral,AI-assisted semantic labeling
7024,MBG di Indonesia bisa dilanjutkan bila ada hukuman keras untuk para koruptor.,mbg di indonesia bisa dilanjutkan bila ada hukuman keras untuk para koruptor.,3 Negara yang Punya Program MBG #mbg #indonesia #shorts,Nusantara Joss,2026-07-04T14:44:30Z,neutral,AI-assisted semantic labeling
7032,"3 negara mbg beneran makan gizi gratis,indonesia gizinya dimakan sibotak.blm setahun yg korupsi lebih bergzi.","3 negara mbg beneran makan gizi gratis,indonesia gizinya dimakan sibotak.blm setahun yg korupsi lebih bergzi.",3 Negara yang Punya Program MBG #mbg #indonesia #shorts,Nusantara Joss,2026-07-04T14:10:09Z,negative,AI-assisted semantic labeling
7039,"Di Timor Leste sudah dijalankan 10 th yg lalu, biarpun negaranya dibilang negara miskin tapi sangat memperhatikan kesejahteraan rakyatnya 👍👏","di timor leste sudah dijalankan 10 th yg lalu, biarpun negaranya dibilang negara miskin tapi sangat memperhatikan kesejahteraan rakyatnya 👍👏",3 Negara yang Punya Program MBG #mbg #indonesia #shorts,Nusantara Joss,2026-07-04T13:38:35Z,neutral,AI-assisted semantic labeling
7045,Ini patut ditiru menunya enak gak ada koropsi .,ini patut ditiru menunya enak gak ada koropsi .,3 Negara yang Punya Program MBG #mbg #indonesia #shorts,Nusantara Joss,2026-07-04T12:57:22Z,neutral,AI-assisted semantic labeling
7051,"TUH LIHAT MAHASEWA... NEGARA-NEGARA TERSEBUT SUDAH BERLANGSUNG LAMA.  KALAU DI INDONESIA BANYAK MASALAH YA WAJAR, KAN  MASIH BARU. KE DEPAN DIBENAHI DI SEGALA SEGI.
MIKIR DONG YANG MENOLAK MBG.","tuh lihat mahasewa.. negara-negara tersebut sudah berlangsung lama. kalau di indonesia banyak masalah ya wajar, kan masih baru. ke depan dibenahi di segala segi. mikir dong yang menolak mbg.",3 Negara yang Punya Program MBG #mbg #indonesia #shorts,Nusantara Joss,2026-07-04T12:00:47Z,negative,AI-assisted semantic labeling
7057,"Surruuuuhhhh liat"" si Persiddennnn Wowokks Konnohhaa,,,,
Cara Mengelola MBG Bukann seperti si CEO Program Proyekk mBaddhogg MBG Konnohhaa Suppeerrrr Korruupppp,,,,
Tappiiii caranya dikelola langsung oleh sekolah"" n Lembaga"" yg Berkompeten,,..
Kalo di Konnohhaa Bagi"" Proyekk ke Pejjabatttt,, Apparatt Kepparatttt,, Cukong"" nn Elit"" Politik demi Mengeruk Uang Neggarraaa Rakyat......
*Mafia Pejjabatttt,,,, Pejjabatttt Mafia....""""* 😊😮😢😊","surruuhh liat"" si persiddenn wowokks konnohhaa,, cara mengelola mbg bukann seperti si ceo program proyekk mbaddhogg mbg konnohhaa suppeerr korruupp,, tappii caranya dikelola langsung oleh sekolah"" n lembaga"" yg berkompeten,,.. kalo di konnohhaa bagi"" proyekk ke pejjabatt,, apparatt kepparatt,, cukong"" nn elit"" politik demi mengeruk uang neggarraa rakyat.. *mafia pejjabatt,, pejjabatt mafia..""""* 😊😮😢😊",3 Negara yang Punya Program MBG #mbg #indonesia #shorts,Nusantara Joss,2026-07-04T11:29:39Z,negative,AI-assisted semantic labeling
7060,Ow tiru2 negara lain ya... Bagus tapi diterapkan di Indonesia... Ambyar... Tikus pada keluar.. Ngroyok,ow tiru2 negara lain ya.. bagus tapi diterapkan di indonesia.. ambyar.. tikus pada keluar.. ngroyok,3 Negara yang Punya Program MBG #mbg #indonesia #shorts,Nusantara Joss,2026-07-04T11:16:43Z,neutral,AI-assisted semantic labeling
7062,Di tempat lain masaknya langsung di sekolah pasti enak panas lagi bukan seperti Indonesia di masak di tempat lain masak pun tidak enak udah busuk baru sampai ke sekolah,di tempat lain masaknya langsung di sekolah pasti enak panas lagi bukan seperti indonesia di masak di tempat lain masak pun tidak enak udah busuk baru sampai ke sekolah,3 Negara yang Punya Program MBG #mbg #indonesia #shorts,Nusantara Joss,2026-07-04T11:01:27Z,negative,AI-assisted semantic labeling
7105,"KLO dIndonesia royokan dikoropsi & sll di mar,ab","klo dindonesia royokan dikoropsi & sll di mar,ab",3 Negara yang Punya Program MBG #mbg #indonesia #shorts,Nusantara Joss,2026-07-04T07:55:08Z,neutral,AI-assisted semantic labeling
7112,Masih belum ada apa-apanya banding MBG di Konoha. Bikin petinggi dan  pengusaha dapurnya jadi kaya raya 😊😊😊,masih belum ada apa-apanya banding mbg di konoha. bikin petinggi dan pengusaha dapurnya jadi kaya raya 😊😊,3 Negara yang Punya Program MBG #mbg #indonesia #shorts,Nusantara Joss,2026-07-04T07:14:21Z,negative,AI-assisted semantic labeling
7113,Ladang korup,ladang korup,3 Negara yang Punya Program MBG #mbg #indonesia #shorts,Nusantara Joss,2026-07-04T07:11:27Z,neutral,AI-assisted semantic labeling
7116,Uang rakyat yg dikorupsi sangat2 lebih banyak dari anggaran MBG nya.... rakyat dikasi ampasnya yaitu MBG,uang rakyat yg dikorupsi sangat2 lebih banyak dari anggaran mbg nya.. rakyat dikasi ampasnya yaitu mbg,3 Negara yang Punya Program MBG #mbg #indonesia #shorts,Nusantara Joss,2026-07-04T06:59:09Z,negative,AI-assisted semantic labeling
7128,"Wak Wowo bilang banyak negara² mau belajar sama IDN pasal MBG di IDN. 
Boleh percaya ka?",wak wowo bilang banyak negara2 mau belajar sama idn pasal mbg di idn. boleh percaya ka?,3 Negara yang Punya Program MBG #mbg #indonesia #shorts,Nusantara Joss,2026-07-04T06:15:51Z,neutral,AI-assisted semantic labeling
7129,Mbg itu manuk bebek gacor…disini sdh utk makan bebek dan ayam krn udah ga ada lagi yg ambil. Tiap hari emang di bikin tp pada ga mau ambil,mbg itu manuk bebek gacor..disini sdh utk makan bebek dan ayam krn udah ga ada lagi yg ambil. tiap hari emang di bikin tp pada ga mau ambil,3 Negara yang Punya Program MBG #mbg #indonesia #shorts,Nusantara Joss,2026-07-04T06:14:09Z,negative,AI-assisted semantic labeling
7133,Malu Indonesia tapi dananya dikorupsi itulah sayangnya baru 2 thn klu sampe puluhn tahun APBN bisa devisit.  😢😢😢😢😢😢😢,malu indonesia tapi dananya dikorupsi itulah sayangnya baru 2 thn klu sampe puluhn tahun apbn bisa devisit. 😢😢,3 Negara yang Punya Program MBG #mbg #indonesia #shorts,Nusantara Joss,2026-07-04T05:51:22Z,negative,AI-assisted semantic labeling
7148,Koruptornya kebangetan di indo,koruptornya kebangetan di indo,3 Negara yang Punya Program MBG #mbg #indonesia #shorts,Nusantara Joss,2026-07-04T04:47:52Z,neutral,AI-assisted semantic labeling
7165,"Ok, bagus  kalau persispan sudah ditata dgn baik dan ekonomi negara belum mendukung karena gaji guru dan gedung serta perlengkapan belum terpenuhi kalau bisa diutamakan dulu ini , bisa dilaksanakan kemudian thn 2028, setahun ini persiapkan dulu semua mulai dari peralatan dan bahan bakunya dibina dulu rakyat setempat bercocok tanam dgn ahli2 pertanian klu perlu undang dari Israel.","ok, bagus kalau persispan sudah ditata dgn baik dan ekonomi negara belum mendukung karena gaji guru dan gedung serta perlengkapan belum terpenuhi kalau bisa diutamakan dulu ini , bisa dilaksanakan kemudian thn 2028, setahun ini persiapkan dulu semua mulai dari peralatan dan bahan bakunya dibina dulu rakyat setempat bercocok tanam dgn ahli2 pertanian klu perlu undang dari israel.",3 Negara yang Punya Program MBG #mbg #indonesia #shorts,Nusantara Joss,2026-07-04T04:04:31Z,neutral,AI-assisted semantic labeling
7187,iya tapi kan bener dan jelas yang dimakan siswa siswi itu enak dan begizi,iya tapi kan bener dan jelas yang dimakan siswa siswi itu enak dan begizi,3 Negara yang Punya Program MBG #mbg #indonesia #shorts,Nusantara Joss,2026-07-04T02:40:52Z,neutral,AI-assisted semantic labeling
7193,"Itu hebatnya negara lain,,,mereka bener² bukan hanya sebagai trik untuk dijadikqn lahan korupsi itu aja sih bedanya dengan negara INDONESIA","itu hebatnya negara lain,,mereka bener2 bukan hanya sebagai trik untuk dijadikqn lahan korupsi itu aja sih bedanya dengan negara indonesia",3 Negara yang Punya Program MBG #mbg #indonesia #shorts,Nusantara Joss,2026-07-04T02:24:17Z,negative,AI-assisted semantic labeling
7194,"Di kita MBG ajang kontes koruptor ,yg korupsi di indo enak bangat broo.hukumanya ringan banget,😢","di kita mbg ajang kontes koruptor ,yg korupsi di indo enak bangat broo.hukumanya ringan banget,😢",3 Negara yang Punya Program MBG #mbg #indonesia #shorts,Nusantara Joss,2026-07-04T02:20:26Z,negative,AI-assisted semantic labeling
7196,"Ini baru berinvestasi, membuat bibit cerdas untk masa depan negara walau biaya berinvestasi nya cukup cukup gede, tapi untung nya berjuta kali lipat.","ini baru berinvestasi, membuat bibit cerdas untk masa depan negara walau biaya berinvestasi nya cukup cukup gede, tapi untung nya berjuta kali lipat.",3 Negara yang Punya Program MBG #mbg #indonesia #shorts,Nusantara Joss,2026-07-04T02:06:55Z,neutral,AI-assisted semantic labeling
7201,India anak sekolahnya paling bhanyak bisa jalan juga mbg maka sebaiknya  Indonesia jln trs yg korup istirahatkan saja.,india anak sekolahnya paling bhanyak bisa jalan juga mbg maka sebaiknya indonesia jln trs yg korup istirahatkan saja.,3 Negara yang Punya Program MBG #mbg #indonesia #shorts,Nusantara Joss,2026-07-04T01:52:15Z,neutral,AI-assisted semantic labeling
7202,"Heran di Indonesia korupsi yg digemari oleh pejabat dan anggota DPR, polisi dan tentara.","heran di indonesia korupsi yg digemari oleh pejabat dan anggota dpr, polisi dan tentara.",3 Negara yang Punya Program MBG #mbg #indonesia #shorts,Nusantara Joss,2026-07-04T01:51:48Z,negative,AI-assisted semantic labeling
7205,Bagusan di indonesia,bagusan di indonesia,3 Negara yang Punya Program MBG #mbg #indonesia #shorts,Nusantara Joss,2026-07-04T01:49:04Z,neutral,AI-assisted semantic labeling
7206,Di indonesia bikin rusak pejabat busuk berjiwa korupsi.pemghianat bangsa indonesia Maka nya Wowo hukumati dan perampasan harta harus dilaksanakan dan terapkan tanpa pandang bulu seperti China.,di indonesia bikin rusak pejabat busuk berjiwa korupsi.pemghianat bangsa indonesia maka nya wowo hukumati dan perampasan harta harus dilaksanakan dan terapkan tanpa pandang bulu seperti china.,3 Negara yang Punya Program MBG #mbg #indonesia #shorts,Nusantara Joss,2026-07-04T01:48:44Z,negative,AI-assisted semantic labeling
7213,Yg lebih Unik MBG di INDONESIA  dijadikan Proyek buat Memperkaya diri dan Menguatkan pisik koruptor tidak heran para pejabat Semangat bikin SPPG .,yg lebih unik mbg di indonesia dijadikan proyek buat memperkaya diri dan menguatkan pisik koruptor tidak heran para pejabat semangat bikin sppg .,3 Negara yang Punya Program MBG #mbg #indonesia #shorts,Nusantara Joss,2026-07-04T01:36:38Z,neutral,AI-assisted semantic labeling
7219,Brunei juga.,brunei juga.,3 Negara yang Punya Program MBG #mbg #indonesia #shorts,Nusantara Joss,2026-07-04T01:25:52Z,neutral,AI-assisted semantic labeling
7221,Makan Buruk Gratis karena sisa koruptor ...,makan buruk gratis karena sisa koruptor ..,3 Negara yang Punya Program MBG #mbg #indonesia #shorts,Nusantara Joss,2026-07-04T01:24:31Z,negative,AI-assisted semantic labeling
7222,Di indonesia mah kacau 😂😂😂 banyak pejabat yg korupsi,di indonesia mah kacau 😂😂 banyak pejabat yg korupsi,3 Negara yang Punya Program MBG #mbg #indonesia #shorts,Nusantara Joss,2026-07-04T01:23:09Z,negative,AI-assisted semantic labeling
7225,Sepertinya dari cara penyajiannya kayaknya dapurnya berada di kantin sekolah masing2,sepertinya dari cara penyajiannya kayaknya dapurnya berada di kantin sekolah masing2,3 Negara yang Punya Program MBG #mbg #indonesia #shorts,Nusantara Joss,2026-07-04T01:05:58Z,neutral,AI-assisted semantic labeling
7228,Ayo pindah ke jepang,ayo pindah ke jepang,3 Negara yang Punya Program MBG #mbg #indonesia #shorts,Nusantara Joss,2026-07-04T00:55:11Z,neutral,AI-assisted semantic labeling
7238,Yg penting tiada korupsi. Dan tepat sasaran.,yg penting tiada korupsi. dan tepat sasaran.,3 Negara yang Punya Program MBG #mbg #indonesia #shorts,Nusantara Joss,2026-07-04T00:16:24Z,negative,AI-assisted semantic labeling
7250,India makan cowdung?,india makan cowdung?,3 Negara yang Punya Program MBG #mbg #indonesia #shorts,Nusantara Joss,2026-07-03T23:35:34Z,neutral,AI-assisted semantic labeling
7256,"Markazz
Besar
Gerrr indra",markazz besar gerr indra,3 Negara yang Punya Program MBG #mbg #indonesia #shorts,Nusantara Joss,2026-07-03T23:22:26Z,neutral,AI-assisted semantic labeling
7258,Indonesia bukan untuk mendapatkan nutrisi seimbang tapi untuk di garong pejabatnya. Penggarongan secara legal.,indonesia bukan untuk mendapatkan nutrisi seimbang tapi untuk di garong pejabatnya. penggarongan secara legal.,3 Negara yang Punya Program MBG #mbg #indonesia #shorts,Nusantara Joss,2026-07-03T23:20:03Z,neutral,AI-assisted semantic labeling
7275,Koruptor di hukum mati g da yg stuju,koruptor di hukum mati g da yg stuju,3 Negara yang Punya Program MBG #mbg #indonesia #shorts,Nusantara Joss,2026-07-03T22:22:12Z,negative,AI-assisted semantic labeling
7277,dan aneh nya negara lain semua tempat MBG nya ada di area sekolah bukan di gudang/gedung yg jarak nya berjauhan dg sekolah ..,dan aneh nya negara lain semua tempat mbg nya ada di area sekolah bukan di gudang/gedung yg jarak nya berjauhan dg sekolah ..,3 Negara yang Punya Program MBG #mbg #indonesia #shorts,Nusantara Joss,2026-07-03T22:07:26Z,neutral,AI-assisted semantic labeling
7279,"Selama koruptor tak dihukum mati, selama itu pula rakyat tak akan makmur..","selama koruptor tak dihukum mati, selama itu pula rakyat tak akan makmur..",3 Negara yang Punya Program MBG #mbg #indonesia #shorts,Nusantara Joss,2026-07-03T22:01:58Z,negative,AI-assisted semantic labeling
7283,InsyaAllah Indonesia bisa juga.  MBG bisa lebih baik,insyaallah indonesia bisa juga. mbg bisa lebih baik,3 Negara yang Punya Program MBG #mbg #indonesia #shorts,Nusantara Joss,2026-07-03T21:54:40Z,negative,AI-assisted semantic labeling
7300,"MBG di ke 3 negara tersebut benar"" memenuhi standart MBG yg sbnarnya,klo di negara konoha cma skdar niru nama doank,,,isinya ea xn nilai sndri lah disni,dikmpung kmi,","mbg di ke 3 negara tersebut benar"" memenuhi standart mbg yg sbnarnya,klo di negara konoha cma skdar niru nama doank,,isinya ea xn nilai sndri lah disni,dikmpung kmi,",3 Negara yang Punya Program MBG #mbg #indonesia #shorts,Nusantara Joss,2026-07-03T19:02:52Z,neutral,AI-assisted semantic labeling
7302,"Malaysia, jepang & India, benar benar melaksanakan program mbg yg amanah, jujur, aman, & transparan, akuntabel,  tidak seperti di indo Konoha, program mbg yg mengelola adalah bandit bandit yg kerjanya untuk mengkorupsi","malaysia, jepang & india, benar benar melaksanakan program mbg yg amanah, jujur, aman, & transparan, akuntabel, tidak seperti di indo konoha, program mbg yg mengelola adalah bandit bandit yg kerjanya untuk mengkorupsi",3 Negara yang Punya Program MBG #mbg #indonesia #shorts,Nusantara Joss,2026-07-03T19:02:01Z,negative,AI-assisted semantic labeling
7305,Di indonesia ada Mbg di pakek ladang korupsi🤑🤑🤑,di indonesia ada mbg di pakek ladang korupsi🤑🤑,3 Negara yang Punya Program MBG #mbg #indonesia #shorts,Nusantara Joss,2026-07-03T18:24:14Z,negative,AI-assisted semantic labeling
7314,Jngan samakan mbg konoha dan luar negeri mbg luar negeri orangnya jujur konoha copet..,jngan samakan mbg konoha dan luar negeri mbg luar negeri orangnya jujur konoha copet..,3 Negara yang Punya Program MBG #mbg #indonesia #shorts,Nusantara Joss,2026-07-03T17:11:09Z,neutral,AI-assisted semantic labeling
7315,"Sepertinya semua dikelola di sekolahan, bukan didrop pakai mobil...","sepertinya semua dikelola di sekolahan, bukan didrop pakai mobil..",3 Negara yang Punya Program MBG #mbg #indonesia #shorts,Nusantara Joss,2026-07-03T17:06:35Z,neutral,AI-assisted semantic labeling
7329,Serem,serem,3 Negara yang Punya Program MBG #mbg #indonesia #shorts,Nusantara Joss,2026-07-03T16:08:47Z,neutral,AI-assisted semantic labeling
7330,"Anak sekolah di Jepang makanan MBGnya penuh gizi, di Konoha pemilik dapurnya yg makanannya penuh gizi.","anak sekolah di jepang makanan mbgnya penuh gizi, di konoha pemilik dapurnya yg makanannya penuh gizi.",3 Negara yang Punya Program MBG #mbg #indonesia #shorts,Nusantara Joss,2026-07-03T16:05:24Z,neutral,AI-assisted semantic labeling
7342,Nah kenapa di negeri ini gerombolan sakit hati bernafsu sekali untuk menghapus mbg,nah kenapa di negeri ini gerombolan sakit hati bernafsu sekali untuk menghapus mbg,3 Negara yang Punya Program MBG #mbg #indonesia #shorts,Nusantara Joss,2026-07-03T15:31:13Z,negative,AI-assisted semantic labeling
7357,"Mantap ya... malaysia, jepang dan india berhasil menjalankan MBG dqn sukses walau sdh puluhan tahun ttep berjalan dgn baik dan benar...❤
Kita baru berapa saat sj sdh berhaail dananya di KORUPSI...😂","mantap ya.. malaysia, jepang dan india berhasil menjalankan mbg dqn sukses walau sdh puluhan tahun ttep berjalan dgn baik dan benar..❤ kita baru berapa saat sj sdh berhaail dananya di korupsi..😂",3 Negara yang Punya Program MBG #mbg #indonesia #shorts,Nusantara Joss,2026-07-03T14:47:13Z,negative,AI-assisted semantic labeling
7365,"ya tapi bukan di korupsi,,dinkonoha gmna??","ya tapi bukan di korupsi,,dinkonoha gmna??",3 Negara yang Punya Program MBG #mbg #indonesia #shorts,Nusantara Joss,2026-07-03T14:36:15Z,negative,AI-assisted semantic labeling
7368,Di Pemerintahan Pak Prabowo sebenar nya meniru seperti ini...tp  yg mengelola selalu mencari ke  untungan...,di pemerintahan pak prabowo sebenar nya meniru seperti ini..tp yg mengelola selalu mencari ke untungan..,3 Negara yang Punya Program MBG #mbg #indonesia #shorts,Nusantara Joss,2026-07-03T14:28:56Z,neutral,AI-assisted semantic labeling
7373,Indonesia kok malah di korupsi memalukan,indonesia kok malah di korupsi memalukan,3 Negara yang Punya Program MBG #mbg #indonesia #shorts,Nusantara Joss,2026-07-03T14:21:11Z,negative,AI-assisted semantic labeling
7386,"Saya Tinggal Di Malaysia+-20Tahun.
Anak Saya Sekolah Tidak Ada Makanan Gratis.
Apakah Kamu Salah Negara?????
Sampai Saat ni... Anak Saya Sekolah Menegah Tidak Ada Makanan Gratis.😇😇😇
Semoga Jangan Coreng Nama Malaysia 🙏🙏🙏",saya tinggal di malaysia+-20tahun. anak saya sekolah tidak ada makanan gratis. apakah kamu salah negara?? sampai saat ni.. anak saya sekolah menegah tidak ada makanan gratis.😇😇 semoga jangan coreng nama malaysia 🙏🙏,3 Negara yang Punya Program MBG #mbg #indonesia #shorts,Nusantara Joss,2026-07-03T13:57:00Z,negative,AI-assisted semantic labeling
7394,Tapikan.dapurnya.disekolah,tapikan.dapurnya.disekolah,3 Negara yang Punya Program MBG #mbg #indonesia #shorts,Nusantara Joss,2026-07-03T13:34:09Z,neutral,AI-assisted semantic labeling
7402,"Maju terus MBG, agar anak indonesia cerdas , jika ada celah korupsi segera laporkan bukan dihentikan MBG nya...jadi memang Masih baru jadi pasti banyak celah kesalahan..","maju terus mbg, agar anak indonesia cerdas , jika ada celah korupsi segera laporkan bukan dihentikan mbg nya..jadi memang masih baru jadi pasti banyak celah kesalahan..",3 Negara yang Punya Program MBG #mbg #indonesia #shorts,Nusantara Joss,2026-07-03T13:26:06Z,negative,AI-assisted semantic labeling
7410,Lanjutkan mbg karena tidak semua rakyat Indonesia mampu makan bergizi.,lanjutkan mbg karena tidak semua rakyat indonesia mampu makan bergizi.,3 Negara yang Punya Program MBG #mbg #indonesia #shorts,Nusantara Joss,2026-07-03T13:10:40Z,positive,AI-assisted semantic labeling
7416,Negara luar berhasil MBG nya.di karena kan.pejabat dan polisi dan tentara TDK ikut andil dapur MBG nya.gk kayak d Indonesia pejabat dan polisi TNI ikut Mesak jga,negara luar berhasil mbg nya.di karena kan.pejabat dan polisi dan tentara tdk ikut andil dapur mbg nya.gk kayak d indonesia pejabat dan polisi tni ikut mesak jga,3 Negara yang Punya Program MBG #mbg #indonesia #shorts,Nusantara Joss,2026-07-03T13:02:56Z,neutral,AI-assisted semantic labeling
7419,"Di sana gk ada, koruptor, gk kayak di indonesia, di indonesia pejabat nya, maling semua","di sana gk ada, koruptor, gk kayak di indonesia, di indonesia pejabat nya, maling semua",3 Negara yang Punya Program MBG #mbg #indonesia #shorts,Nusantara Joss,2026-07-03T13:00:40Z,neutral,AI-assisted semantic labeling
7420,"Omong kosong apa ini, 60 thn dari mana,ngawur","omong kosong apa ini, 60 thn dari mana,ngawur",3 Negara yang Punya Program MBG #mbg #indonesia #shorts,Nusantara Joss,2026-07-03T13:00:35Z,neutral,AI-assisted semantic labeling
7447,Di luar negeri sesuai asupan...nah di indonesia di korupsi,di luar negeri sesuai asupan..nah di indonesia di korupsi,3 Negara yang Punya Program MBG #mbg #indonesia #shorts,Nusantara Joss,2026-07-03T12:20:02Z,negative,AI-assisted semantic labeling
7461,"Klo Indonesia GK mgkin BS, niru negeri lain, kecuali kiamat dulu","klo indonesia gk mgkin bs, niru negeri lain, kecuali kiamat dulu",3 Negara yang Punya Program MBG #mbg #indonesia #shorts,Nusantara Joss,2026-07-03T12:03:28Z,neutral,AI-assisted semantic labeling
7467,"Jauh sekali Ama negara kita.....
Kita banyak maling dana MBG.....",jauh sekali ama negara kita.. kita banyak maling dana mbg..,3 Negara yang Punya Program MBG #mbg #indonesia #shorts,Nusantara Joss,2026-07-03T11:57:48Z,neutral,AI-assisted semantic labeling
7472,Jika sistemnya seperti anao² sehat,jika sistemnya seperti anao2 sehat,3 Negara yang Punya Program MBG #mbg #indonesia #shorts,Nusantara Joss,2026-07-03T11:52:57Z,neutral,AI-assisted semantic labeling
7476,Menunya enak jadi Siswa semangat berangkat sekolah.. Kalau di Konoha baru juga dimulai program MBG sudah di korup menunya.. Boro boro enak.. mules iya,menunya enak jadi siswa semangat berangkat sekolah.. kalau di konoha baru juga dimulai program mbg sudah di korup menunya.. boro boro enak.. mules iya,3 Negara yang Punya Program MBG #mbg #indonesia #shorts,Nusantara Joss,2026-07-03T11:43:40Z,neutral,AI-assisted semantic labeling
7478,Negara laiin MBG jd ladang sedekah alias gratis... Di negara +62 MBG jd ladang usaha penghamburan anggaran g peduli negara lagi susah keuangan dan banyak HUTANG,negara laiin mbg jd ladang sedekah alias gratis.. di negara +62 mbg jd ladang usaha penghamburan anggaran g peduli negara lagi susah keuangan dan banyak hutang,3 Negara yang Punya Program MBG #mbg #indonesia #shorts,Nusantara Joss,2026-07-03T11:42:09Z,neutral,AI-assisted semantic labeling
7483,hanya indonesia yg tak becus mengurus mbg nya,hanya indonesia yg tak becus mengurus mbg nya,3 Negara yang Punya Program MBG #mbg #indonesia #shorts,Nusantara Joss,2026-07-03T11:36:15Z,neutral,AI-assisted semantic labeling
7489,"Indonesia seneng di jajah,mbg aja masih di jajah sm bangsa sendiri .","indonesia seneng di jajah,mbg aja masih di jajah sm bangsa sendiri .",3 Negara yang Punya Program MBG #mbg #indonesia #shorts,Nusantara Joss,2026-07-03T11:32:00Z,neutral,AI-assisted semantic labeling
7502,Disana pejabat takut sama tuhan,disana pejabat takut sama tuhan,3 Negara yang Punya Program MBG #mbg #indonesia #shorts,Nusantara Joss,2026-07-03T11:17:52Z,negative,AI-assisted semantic labeling
7503,"MBG di Indonesia jadi ladang korupsi, mendingan I subsidinya mending bebaskan iuran sekolah semuanya biar pinter pinter dan jujur.","mbg di indonesia jadi ladang korupsi, mendingan i subsidinya mending bebaskan iuran sekolah semuanya biar pinter pinter dan jujur.",3 Negara yang Punya Program MBG #mbg #indonesia #shorts,Nusantara Joss,2026-07-03T11:17:43Z,negative,AI-assisted semantic labeling
7504,Cucu saya juga makan MBG  seeehaat sekali selama 3 bln makan MBG Tinggi badannys bertambah 30 cm semakin tinggi sekali giziny walaupun  ada ulatnya tapi enak sekali jangan sampai Protes nnt menghambat Program MBG hidup jokowi 😤😤😤😜😛😜😛,cucu saya juga makan mbg seehaat sekali selama 3 bln makan mbg tinggi badannys bertambah 30 cm semakin tinggi sekali giziny walaupun ada ulatnya tapi enak sekali jangan sampai protes nnt menghambat program mbg hidup jokowi 😤😤😜😛😜😛,3 Negara yang Punya Program MBG #mbg #indonesia #shorts,Nusantara Joss,2026-07-03T11:15:32Z,negative,AI-assisted semantic labeling
7527,MBG DI JEPANG TIDAK ADA KORUPSI KALAU TERJADI KORUPSI KETAHUAN PEJABATNYA LANGSUNG MUNDUR LALU BUNUH DIRI KARENA TAKUT DENGAN MALU KALAU DI INDONESIA KORUPSI MENJADI KEBANGGAAN KARENA DAPAT UANG BANYAK TAPI HUKUMANNYA RINGAN.,mbg di jepang tidak ada korupsi kalau terjadi korupsi ketahuan pejabatnya langsung mundur lalu bunuh diri karena takut dengan malu kalau di indonesia korupsi menjadi kebanggaan karena dapat uang banyak tapi hukumannya ringan.,3 Negara yang Punya Program MBG #mbg #indonesia #shorts,Nusantara Joss,2026-07-03T10:40:46Z,negative,AI-assisted semantic labeling
7529,Yg bawa drone bangke 😂,yg bawa drone bangke 😂,3 Negara yang Punya Program MBG #mbg #indonesia #shorts,Nusantara Joss,2026-07-03T10:37:56Z,neutral,AI-assisted semantic labeling
7530,Kau tipu tipu cukk Malaysia ndak ada MBG kecuali sekolah ber asrama penuh jangan tipu tipu kau cukk,kau tipu tipu cukk malaysia ndak ada mbg kecuali sekolah ber asrama penuh jangan tipu tipu kau cukk,3 Negara yang Punya Program MBG #mbg #indonesia #shorts,Nusantara Joss,2026-07-03T10:36:11Z,neutral,AI-assisted semantic labeling
7545,Mental mereka bukan mental korup klo mau sukses mbg benahin dlu mental masyarakatnya... Dan itu sampe lebaran monyet jg gak akan bisa... Jadi mbg itu tidak tepat ada di Indonesia,mental mereka bukan mental korup klo mau sukses mbg benahin dlu mental masyarakatnya.. dan itu sampe lebaran monyet jg gak akan bisa.. jadi mbg itu tidak tepat ada di indonesia,3 Negara yang Punya Program MBG #mbg #indonesia #shorts,Nusantara Joss,2026-07-03T10:17:58Z,positive,AI-assisted semantic labeling
7549,"Lu salah besar min,
Yg no 1 Konoha= anggaran triliunan makanannya sangat bergizi ( tapi boong )😂😂","lu salah besar min, yg no 1 konoha= anggaran triliunan makanannya sangat bergizi ( tapi boong )😂😂",3 Negara yang Punya Program MBG #mbg #indonesia #shorts,Nusantara Joss,2026-07-03T10:10:51Z,negative,AI-assisted semantic labeling
7557,"Luar negri program kesehtn &pnddkn sdh brjln lbh dulu.sdg negara kita. Terbalik tumpang tindih....anehnya proyek ini mudah utk di korupsi &tdk tanggung2
Mk rakyat kita lbh memilih pendidikn &kesehtan..",luar negri program kesehtn &pnddkn sdh brjln lbh dulu.sdg negara kita. terbalik tumpang tindih..anehnya proyek ini mudah utk di korupsi &tdk tanggung2 mk rakyat kita lbh memilih pendidikn &kesehtan..,3 Negara yang Punya Program MBG #mbg #indonesia #shorts,Nusantara Joss,2026-07-03T09:59:21Z,negative,AI-assisted semantic labeling
7559,"Wah itu.lbh dri ckup gk.kya.indo di bsarkan krup dri atas sampi bwah .sampi mnu ada ubi di bkn nbg
Gk lyak.kyanya",wah itu.lbh dri ckup gk.kya.indo di bsarkan krup dri atas sampi bwah .sampi mnu ada ubi di bkn nbg gk lyak.kyanya,3 Negara yang Punya Program MBG #mbg #indonesia #shorts,Nusantara Joss,2026-07-03T09:57:58Z,neutral,AI-assisted semantic labeling
7561,Mbg diluar negeri menu nya enak enak sesuai keinginan anak anak...disini gimana mau bergizi ....menunya udah di korupsi dulu sebelum dihidangkan... pejabat mikirin perut sendiri bukan anak anak sekolah 😅,mbg diluar negeri menu nya enak enak sesuai keinginan anak anak..disini gimana mau bergizi ..menunya udah di korupsi dulu sebelum dihidangkan.. pejabat mikirin perut sendiri bukan anak anak sekolah 😅,3 Negara yang Punya Program MBG #mbg #indonesia #shorts,Nusantara Joss,2026-07-03T09:55:10Z,negative,AI-assisted semantic labeling
7569,"di luar negeri gk pakai korupsi,,,beda kalau di negara kita","di luar negeri gk pakai korupsi,,beda kalau di negara kita",3 Negara yang Punya Program MBG #mbg #indonesia #shorts,Nusantara Joss,2026-07-03T09:45:41Z,negative,AI-assisted semantic labeling
7571,Indonesia bru nk buat makanan percuma utk pelajar sekolah ke? 😅 Mcm ketinggalan zaman. Tapi ada baik jga dpt membantu para pelajar miskin agr tk lapar bila belajar,indonesia bru nk buat makanan percuma utk pelajar sekolah ke? 😅 mcm ketinggalan zaman. tapi ada baik jga dpt membantu para pelajar miskin agr tk lapar bila belajar,3 Negara yang Punya Program MBG #mbg #indonesia #shorts,Nusantara Joss,2026-07-03T09:43:52Z,positive,AI-assisted semantic labeling
7580,"kt malaysia kita panggil RMT, rancangan makanan tambahan","kt malaysia kita panggil rmt, rancangan makanan tambahan",3 Negara yang Punya Program MBG #mbg #indonesia #shorts,Nusantara Joss,2026-07-03T09:23:53Z,neutral,AI-assisted semantic labeling
7592,Jepang keren krn rekan di jepang bercerita ttg MBG utk anaknya disana bersih rapih.. ya krn disna sesuai jalur bidangnya.. di 62 kok yg berebut MBG para pejabatnya ya😂😅,jepang keren krn rekan di jepang bercerita ttg mbg utk anaknya disana bersih rapih.. ya krn disna sesuai jalur bidangnya.. di 62 kok yg berebut mbg para pejabatnya ya😂😅,3 Negara yang Punya Program MBG #mbg #indonesia #shorts,Nusantara Joss,2026-07-03T09:06:49Z,negative,AI-assisted semantic labeling
7595,Masya Allaah,masya allaah,3 Negara yang Punya Program MBG #mbg #indonesia #shorts,Nusantara Joss,2026-07-03T09:04:16Z,neutral,AI-assisted semantic labeling
7607,Di Indonesia baru aja seumur jagung udh di minta sempurna oleh rakyatnya dan ditambah lagi korupsi bagi BGNnya ohh kenapa??,di indonesia baru aja seumur jagung udh di minta sempurna oleh rakyatnya dan ditambah lagi korupsi bagi bgnnya ohh kenapa??,3 Negara yang Punya Program MBG #mbg #indonesia #shorts,Nusantara Joss,2026-07-03T08:56:08Z,negative,AI-assisted semantic labeling
7608,Kalo di Konoha mbg untuk memenuhi katong para pejabat pengurus mbg itu sendiri.... Sisa2 baru sampai ke siswa-siswi 😊,kalo di konoha mbg untuk memenuhi katong para pejabat pengurus mbg itu sendiri.. sisa2 baru sampai ke siswa-siswi 😊,3 Negara yang Punya Program MBG #mbg #indonesia #shorts,Nusantara Joss,2026-07-03T08:53:52Z,neutral,AI-assisted semantic labeling
7614,Di Konoha kebalikannya.,di konoha kebalikannya.,3 Negara yang Punya Program MBG #mbg #indonesia #shorts,Nusantara Joss,2026-07-03T08:51:52Z,neutral,AI-assisted semantic labeling
7616,Ind ketinggalan zaman,ind ketinggalan zaman,3 Negara yang Punya Program MBG #mbg #indonesia #shorts,Nusantara Joss,2026-07-03T08:50:24Z,positive,AI-assisted semantic labeling
7637,"Maaf bodo amat, kalau tetangga mah transparan dan bener gk ada Anjas manfaat pokus jujur buat rakyat kalau di Indonesia malah aji mumpung...korupsi asoyyy","maaf bodo amat, kalau tetangga mah transparan dan bener gk ada anjas manfaat pokus jujur buat rakyat kalau di indonesia malah aji mumpung..korupsi asoyy",3 Negara yang Punya Program MBG #mbg #indonesia #shorts,Nusantara Joss,2026-07-03T08:10:11Z,negative,AI-assisted semantic labeling
7652,KALAU MBG DI INDONESIA GA WORTHIT KARENA TIDAK SESUAI KEUANGAN NEGARA DAN MENGORBANKAN SUBSIDI LAIN YG LEBIH GUNA,kalau mbg di indonesia ga worthit karena tidak sesuai keuangan negara dan mengorbankan subsidi lain yg lebih guna,3 Negara yang Punya Program MBG #mbg #indonesia #shorts,Nusantara Joss,2026-07-03T07:51:09Z,neutral,AI-assisted semantic labeling
7653,Di Konoha yg mendapatkan nutrisi pejabat korup dan keluarganya,di konoha yg mendapatkan nutrisi pejabat korup dan keluarganya,3 Negara yang Punya Program MBG #mbg #indonesia #shorts,Nusantara Joss,2026-07-03T07:49:28Z,neutral,AI-assisted semantic labeling
7655,Gak ada korupsinya.. Jd menunya berkwalitas,gak ada korupsinya.. jd menunya berkwalitas,3 Negara yang Punya Program MBG #mbg #indonesia #shorts,Nusantara Joss,2026-07-03T07:47:14Z,negative,AI-assisted semantic labeling
7663,"MBG diluar negeri tidak pakai duit rakyat, 😂","mbg diluar negeri tidak pakai duit rakyat, 😂",3 Negara yang Punya Program MBG #mbg #indonesia #shorts,Nusantara Joss,2026-07-03T07:34:50Z,neutral,AI-assisted semantic labeling
7701,kalau aku yang ambil mb-nya bukan bu guru atau pak guru tapi cowok-cowok yang ambil mbg,kalau aku yang ambil mb-nya bukan bu guru atau pak guru tapi cowok-cowok yang ambil mbg,Reaksi siswa pertama kali makan MBG #shorts,Pasbelah Seru,2026-08-23T01:32:21Z,neutral,AI-assisted semantic labeling
7708,Akudah,akudah,Reaksi siswa pertama kali makan MBG #shorts,Pasbelah Seru,2026-08-15T08:37:43Z,neutral,AI-assisted semantic labeling
7717,Aku dapat mbg,aku dapat mbg,Reaksi siswa pertama kali makan MBG #shorts,Pasbelah Seru,2026-08-04T12:55:24Z,neutral,AI-assisted semantic labeling
7722,aku udah dapet MBG,aku udah dapet mbg,Reaksi siswa pertama kali makan MBG #shorts,Pasbelah Seru,2026-07-26T13:21:11Z,neutral,AI-assisted semantic labeling
7737,team yang udah dpt sini ngumpul,team yang udah dpt sini ngumpul,Reaksi siswa pertama kali makan MBG #shorts,Pasbelah Seru,2026-06-27T14:18:14Z,neutral,AI-assisted semantic labeling
7738,Dan ada yang muntah muntah,dan ada yang muntah muntah,Reaksi siswa pertama kali makan MBG #shorts,Pasbelah Seru,2026-06-27T05:56:12Z,negative,AI-assisted semantic labeling
7741,Aku udah. Dapat mbg😊,aku udah. dapat mbg😊,Reaksi siswa pertama kali makan MBG #shorts,Pasbelah Seru,2026-06-21T14:39:00Z,neutral,AI-assisted semantic labeling
7745,Program yang di tolak mahasisewa,program yang di tolak mahasisewa,Reaksi siswa pertama kali makan MBG #shorts,Pasbelah Seru,2026-06-20T20:15:12Z,neutral,AI-assisted semantic labeling
7748,"Tentu senang, dulu nenek saja dapat pembagian susu UNESCO senang, ibu nenek kasih bekal roti karena nenek ga sempat makan pagi, ibu nenek senang katanya nti klw minum susu sambil dimakan rotinya ya Alhamdulillah....y ga setuju itu orang kaya diantar sopir jadi bisa sambil makan di mobil ya kan ? Ngaku...","tentu senang, dulu nenek saja dapat pembagian susu unesco senang, ibu nenek kasih bekal roti karena nenek ga sempat makan pagi, ibu nenek senang katanya nti klw minum susu sambil dimakan rotinya ya alhamdulillah..y ga setuju itu orang kaya diantar sopir jadi bisa sambil makan di mobil ya kan ? ngaku..",Reaksi siswa pertama kali makan MBG #shorts,Pasbelah Seru,2026-06-18T11:43:19Z,neutral,AI-assisted semantic labeling
7750,Aku udah,aku udah,Reaksi siswa pertama kali makan MBG #shorts,Pasbelah Seru,2026-06-18T08:20:17Z,neutral,AI-assisted semantic labeling
7754,Aku udah dapat mbg😄,aku udah dapat mbg😄,Reaksi siswa pertama kali makan MBG #shorts,Pasbelah Seru,2026-06-15T07:44:59Z,neutral,AI-assisted semantic labeling
7764,Aku tk jadi dapat mbg,aku tk jadi dapat mbg,Reaksi siswa pertama kali makan MBG #shorts,Pasbelah Seru,2026-06-08T10:34:56Z,neutral,AI-assisted semantic labeling
7766,Aku dapat ebg,aku dapat ebg,Reaksi siswa pertama kali makan MBG #shorts,Pasbelah Seru,2026-06-08T03:41:17Z,neutral,AI-assisted semantic labeling
7774,"Yang sudah dapat mbg di SD kumpul sini
👇
👇
👇",yang sudah dapat mbg di sd kumpul sini 👇 👇 👇,Reaksi siswa pertama kali makan MBG #shorts,Pasbelah Seru,2026-06-04T03:18:22Z,negative,AI-assisted semantic labeling
7785,Mas,mas,Reaksi siswa pertama kali makan MBG #shorts,Pasbelah Seru,2026-05-31T04:32:35Z,neutral,AI-assisted semantic labeling
7798,Aku dapat mbg ayam dan dimsum,aku dapat mbg ayam dan dimsum,Reaksi siswa pertama kali makan MBG #shorts,Pasbelah Seru,2026-05-26T01:47:39Z,neutral,AI-assisted semantic labeling
7814,Sayadapat,sayadapat,Reaksi siswa pertama kali makan MBG #shorts,Pasbelah Seru,2026-05-17T03:16:37Z,neutral,AI-assisted semantic labeling
7817,Saya sih udah dapet mbg masih aja tetap masih dapat😊,saya sih udah dapet mbg masih aja tetap masih dapat😊,Reaksi siswa pertama kali makan MBG #shorts,Pasbelah Seru,2026-05-14T07:40:00Z,neutral,AI-assisted semantic labeling
7836,Aku namaku Jepang aku SD kelas 1 dapat mbg banyak buku,aku namaku jepang aku sd kelas 1 dapat mbg banyak buku,Reaksi siswa pertama kali makan MBG #shorts,Pasbelah Seru,2026-05-06T04:55:53Z,neutral,AI-assisted semantic labeling
7843,Aku,aku,Reaksi siswa pertama kali makan MBG #shorts,Pasbelah Seru,2026-04-30T09:57:38Z,neutral,AI-assisted semantic labeling
7846,Tadi,tadi,Reaksi siswa pertama kali makan MBG #shorts,Pasbelah Seru,2026-04-29T10:21:24Z,neutral,AI-assisted semantic labeling
7852,Aku sudah dapat mbg,aku sudah dapat mbg,Reaksi siswa pertama kali makan MBG #shorts,Pasbelah Seru,2026-04-27T07:46:35Z,neutral,AI-assisted semantic labeling
7876,Aku sudah dapat terus,aku sudah dapat terus,Reaksi siswa pertama kali makan MBG #shorts,Pasbelah Seru,2026-04-20T00:39:05Z,neutral,AI-assisted semantic labeling
7887,Gua dapat sejak tahun 2025,gua dapat sejak tahun 2025,Reaksi siswa pertama kali makan MBG #shorts,Pasbelah Seru,2026-04-12T04:08:30Z,neutral,AI-assisted semantic labeling
7893,Besok senin aku dapet MBG!🤩🤩,besok senin aku dapet mbg!🤩🤩,Reaksi siswa pertama kali makan MBG #shorts,Pasbelah Seru,2026-04-05T11:20:44Z,negative,AI-assisted semantic labeling
7896,Aku udah dapat mbg,aku udah dapat mbg,Reaksi siswa pertama kali makan MBG #shorts,Pasbelah Seru,2026-04-04T04:55:21Z,neutral,AI-assisted semantic labeling
7909,Banyak yang tadinya sulit jadi lebih ringan. Itu fakta di lapangan.,banyak yang tadinya sulit jadi lebih ringan. itu fakta di lapangan.,Reaksi siswa pertama kali makan MBG #shorts,Pasbelah Seru,2026-03-28T17:55:45Z,neutral,AI-assisted semantic labeling
7913,Aku baru dapat mbg❤❤,aku baru dapat mbg❤❤,Reaksi siswa pertama kali makan MBG #shorts,Pasbelah Seru,2026-03-26T14:44:16Z,neutral,AI-assisted semantic labeling
7922,Sekolah jadi saya itu nggak dapet mbg saya bukan Usman namanya saya,sekolah jadi saya itu nggak dapet mbg saya bukan usman namanya saya,Reaksi siswa pertama kali makan MBG #shorts,Pasbelah Seru,2026-03-18T09:04:01Z,positive,AI-assisted semantic labeling
7928,Ngapain mbg Mendi dana nya buat biyaya siswa geratis aja,ngapain mbg mendi dana nya buat biyaya siswa geratis aja,Reaksi siswa pertama kali makan MBG #shorts,Pasbelah Seru,2026-03-14T22:39:27Z,neutral,AI-assisted semantic labeling
7932,Saya udah MBG,saya udah mbg,Reaksi siswa pertama kali makan MBG #shorts,Pasbelah Seru,2026-03-11T14:46:29Z,neutral,AI-assisted semantic labeling
7938,Lagu dan adik kelasku yang TK sudah😊😊,lagu dan adik kelasku yang tk sudah😊😊,Reaksi siswa pertama kali makan MBG #shorts,Pasbelah Seru,2026-03-07T10:46:14Z,neutral,AI-assisted semantic labeling
7939,Aku belum dapat MBG Sekolahnya😊😊,aku belum dapat mbg sekolahnya😊😊,Reaksi siswa pertama kali makan MBG #shorts,Pasbelah Seru,2026-03-07T07:42:33Z,negative,AI-assisted semantic labeling
7943,Aku juga udah kak aku udah like aku sudah dapat mbg😊😊😊,aku juga udah kak aku udah like aku sudah dapat mbg😊😊,Reaksi siswa pertama kali makan MBG #shorts,Pasbelah Seru,2026-03-05T04:55:55Z,negative,AI-assisted semantic labeling
7944,"aku yang udah dapet MBG sini
👇🏼😅
👇🏼😅
👇🏼😅
👇🏼😅
👇🏼😅",aku yang udah dapet mbg sini 👇🏼😅 👇🏼😅 👇🏼😅 👇🏼😅 👇🏼😅,Reaksi siswa pertama kali makan MBG #shorts,Pasbelah Seru,2026-03-05T00:51:58Z,negative,AI-assisted semantic labeling
7958,Aku yang belum dapat mbg dari kemarin be like:🗿🗿🗿🗿🗿,aku yang belum dapat mbg dari kemarin be like:🗿🗿,Reaksi siswa pertama kali makan MBG #shorts,Pasbelah Seru,2026-02-22T05:35:14Z,negative,AI-assisted semantic labeling
7959,Akuuuuuuuu,akuu,Reaksi siswa pertama kali makan MBG #shorts,Pasbelah Seru,2026-02-21T03:23:40Z,neutral,AI-assisted semantic labeling
7964,aku udah😊😊😊,aku udah😊😊,Reaksi siswa pertama kali makan MBG #shorts,Pasbelah Seru,2026-02-19T09:32:01Z,neutral,AI-assisted semantic labeling
7968,urusan perut,urusan perut,Reaksi siswa pertama kali makan MBG #shorts,Pasbelah Seru,2026-02-18T00:37:57Z,neutral,AI-assisted semantic labeling
7976,Sudah 😊😊😊😊😊😊❤❤❤❤❤,sudah 😊😊❤❤,Reaksi siswa pertama kali makan MBG #shorts,Pasbelah Seru,2026-02-17T01:01:46Z,neutral,AI-assisted semantic labeling
7994,Aku dapat MBC juga,aku dapat mbc juga,Reaksi siswa pertama kali makan MBG #shorts,Pasbelah Seru,2026-02-11T15:30:28Z,neutral,AI-assisted semantic labeling
7999,Di Sidoarjo enak salak1kacang Rp 1000 1 1telor kecil,di sidoarjo enak salak1kacang rp 100 1 1telor kecil,Reaksi siswa pertama kali makan MBG #shorts,Pasbelah Seru,2026-02-10T07:35:33Z,neutral,AI-assisted semantic labeling
8001,Aku semalem dapet mbg,aku semalem dapet mbg,Reaksi siswa pertama kali makan MBG #shorts,Pasbelah Seru,2026-02-10T03:44:17Z,neutral,AI-assisted semantic labeling
8004,Aku,aku,Reaksi siswa pertama kali makan MBG #shorts,Pasbelah Seru,2026-02-09T13:18:23Z,neutral,AI-assisted semantic labeling
8012,Saya   dapat juga embege,saya dapat juga embege,Reaksi siswa pertama kali makan MBG #shorts,Pasbelah Seru,2026-02-08T01:39:06Z,neutral,AI-assisted semantic labeling
8020,Aku belum dapat mbg weee😅😅😅,aku belum dapat mbg wee😅😅,Reaksi siswa pertama kali makan MBG #shorts,Pasbelah Seru,2026-02-04T14:09:55Z,negative,AI-assisted semantic labeling
8022,aku sudah dapat mbg kalian udah atau belum,aku sudah dapat mbg kalian udah atau belum,Reaksi siswa pertama kali makan MBG #shorts,Pasbelah Seru,2026-02-04T05:54:55Z,neutral,AI-assisted semantic labeling
8028,Jeleng,jeleng,Reaksi siswa pertama kali makan MBG #shorts,Pasbelah Seru,2026-02-03T10:40:23Z,neutral,AI-assisted semantic labeling
8033,Aku uda dapet mBg di sekolah ku,aku uda dapet mbg di sekolah ku,Reaksi siswa pertama kali makan MBG #shorts,Pasbelah Seru,2026-02-03T04:17:08Z,neutral,AI-assisted semantic labeling
8101,aku sudah  dapat   mbg😊,aku sudah dapat mbg😊,Reaksi siswa pertama kali makan MBG #shorts,Pasbelah Seru,2026-01-02T11:21:47Z,neutral,AI-assisted semantic labeling
8117,aku udah dapet MBG,aku udah dapet mbg,Reaksi siswa pertama kali makan MBG #shorts,Pasbelah Seru,2025-12-24T02:28:10Z,neutral,AI-assisted semantic labeling
8126,"Aku udah dpt mbg
😀😀😀😀😀😀😀😀😀😀😀😀😀😀😀",aku udah dpt mbg 😀😀,Reaksi siswa pertama kali makan MBG #shorts,Pasbelah Seru,2025-12-20T00:16:37Z,negative,AI-assisted semantic labeling
8135,Aku tadi dapat mbg,aku tadi dapat mbg,Reaksi siswa pertama kali makan MBG #shorts,Pasbelah Seru,2025-12-17T06:21:24Z,neutral,AI-assisted semantic labeling
8142,Aku sudah,aku sudah,Reaksi siswa pertama kali makan MBG #shorts,Pasbelah Seru,2025-12-15T04:15:39Z,neutral,AI-assisted semantic labeling
8155,Aku SD n23tb titi bro,aku sd n23tb titi bro,Reaksi siswa pertama kali makan MBG #shorts,Pasbelah Seru,2025-12-12T11:12:29Z,neutral,AI-assisted semantic labeling
8164,Udah,udah,Reaksi siswa pertama kali makan MBG #shorts,Pasbelah Seru,2025-12-10T11:24:12Z,neutral,AI-assisted semantic labeling
8168,aku udah dapet dari hari senin,aku udah dapet dari hari senin,Reaksi siswa pertama kali makan MBG #shorts,Pasbelah Seru,2025-12-10T03:26:04Z,neutral,AI-assisted semantic labeling
8171,Aku udah barusan pagi😅,aku udah barusan pagi😅,Reaksi siswa pertama kali makan MBG #shorts,Pasbelah Seru,2025-12-09T13:22:39Z,neutral,AI-assisted semantic labeling
8177,Akusudah  dapat.   Mbg.   😙😚😍🤩🥰,akusudah dapat. mbg. 😙😚😍🤩🥰,Reaksi siswa pertama kali makan MBG #shorts,Pasbelah Seru,2025-12-09T05:00:13Z,negative,AI-assisted semantic labeling
8184,udah dapet mbg❤,udah dapet mbg❤,Reaksi siswa pertama kali makan MBG #shorts,Pasbelah Seru,2025-12-08T12:21:45Z,neutral,AI-assisted semantic labeling
8196,Aku udah dapat,aku udah dapat,Reaksi siswa pertama kali makan MBG #shorts,Pasbelah Seru,2025-12-08T05:18:10Z,neutral,AI-assisted semantic labeling
8201,Aku udah dapat mbg,aku udah dapat mbg,Reaksi siswa pertama kali makan MBG #shorts,Pasbelah Seru,2025-12-06T13:33:13Z,neutral,AI-assisted semantic labeling
8207,Aku sudah tapi 2 kali❤,aku sudah tapi 2 kali❤,Reaksi siswa pertama kali makan MBG #shorts,Pasbelah Seru,2025-12-03T07:45:23Z,neutral,AI-assisted semantic labeling
8210,Kuda dapat m-banking udah dari ujian,kuda dapat m-banking udah dari ujian,Reaksi siswa pertama kali makan MBG #shorts,Pasbelah Seru,2025-12-02T09:28:46Z,neutral,AI-assisted semantic labeling
8220,Aku,aku,Reaksi siswa pertama kali makan MBG #shorts,Pasbelah Seru,2025-12-01T08:24:15Z,neutral,AI-assisted semantic labeling
8227,Udah dapet mbg,udah dapet mbg,Reaksi siswa pertama kali makan MBG #shorts,Pasbelah Seru,2025-12-01T03:21:49Z,neutral,AI-assisted semantic labeling
8237,Aku udah tapi masih mengbagusi dapurnya 😊😊😊,aku udah tapi masih mengbagusi dapurnya 😊😊,Reaksi siswa pertama kali makan MBG #shorts,Pasbelah Seru,2025-11-29T08:20:30Z,neutral,AI-assisted semantic labeling
8248,"Aku pake Catering yang pernah sini

👇🏻",aku pake catering yang pernah sini 👇🏻,Reaksi siswa pertama kali makan MBG #shorts,Pasbelah Seru,2025-11-26T09:14:05Z,neutral,AI-assisted semantic labeling
8253,Saya aku. De. Ingi,saya aku. de. ingi,Reaksi siswa pertama kali makan MBG #shorts,Pasbelah Seru,2025-11-25T10:43:43Z,neutral,AI-assisted semantic labeling
8254,"Aku ka
❤",aku ka ❤,Reaksi siswa pertama kali makan MBG #shorts,Pasbelah Seru,2025-11-25T10:24:56Z,neutral,AI-assisted semantic labeling
8256,Aku udh dapet,aku udh dapet,Reaksi siswa pertama kali makan MBG #shorts,Pasbelah Seru,2025-11-25T00:10:25Z,neutral,AI-assisted semantic labeling
8260,Aku udah dapat besok dapat lagi yeyeye yeyeye yeyeye,aku udah dapat besok dapat lagi yeyeye yeyeye yeyeye,Reaksi siswa pertama kali makan MBG #shorts,Pasbelah Seru,2025-11-24T10:09:25Z,neutral,AI-assisted semantic labeling
8273,Udh dapet,udh dapet,Reaksi siswa pertama kali makan MBG #shorts,Pasbelah Seru,2025-11-22T13:40:19Z,neutral,AI-assisted semantic labeling
8275,Ku pernah makan MBG,ku pernah makan mbg,Reaksi siswa pertama kali makan MBG #shorts,Pasbelah Seru,2025-11-22T11:17:28Z,neutral,AI-assisted semantic labeling
8280,Udah,udah,Reaksi siswa pertama kali makan MBG #shorts,Pasbelah Seru,2025-11-22T06:14:56Z,neutral,AI-assisted semantic labeling
8281,Aku udah pak,aku udah pak,Reaksi siswa pertama kali makan MBG #shorts,Pasbelah Seru,2025-11-22T04:55:16Z,neutral,AI-assisted semantic labeling
8283,KaakumasiTk,kaakumasitk,Reaksi siswa pertama kali makan MBG #shorts,Pasbelah Seru,2025-11-22T02:34:10Z,neutral,AI-assisted semantic labeling
8294,akukakudadapitmbg,akukakudadapitmbg,Reaksi siswa pertama kali makan MBG #shorts,Pasbelah Seru,2025-11-21T07:23:36Z,neutral,AI-assisted semantic labeling
8296,Aku udah 15 bulan da,aku udah 15 bulan da,Reaksi siswa pertama kali makan MBG #shorts,Pasbelah Seru,2025-11-21T05:25:14Z,neutral,AI-assisted semantic labeling
8299,Aku sudah dapat,aku sudah dapat,Reaksi siswa pertama kali makan MBG #shorts,Pasbelah Seru,2025-11-20T23:57:55Z,neutral,AI-assisted semantic labeling
8300,Aku udah ada MBG 😊😊😊😊,aku udah ada mbg 😊😊,Reaksi siswa pertama kali makan MBG #shorts,Pasbelah Seru,2025-11-20T15:03:05Z,negative,AI-assisted semantic labeling
8313,Sudah bagus,sudah bagus,Reaksi siswa pertama kali makan MBG #shorts,Pasbelah Seru,2025-11-20T07:38:07Z,neutral,AI-assisted semantic labeling
8327,607,607,Reaksi siswa pertama kali makan MBG #shorts,Pasbelah Seru,2025-11-19T11:10:11Z,neutral,AI-assisted semantic labeling
8328,Udah donggggggggggggg bisa request,udah dongg bisa request,Reaksi siswa pertama kali makan MBG #shorts,Pasbelah Seru,2025-11-19T10:52:05Z,neutral,AI-assisted semantic labeling
8338,Aku suka banget mbg❤😂😂😂,aku suka banget mbg❤😂😂,Reaksi siswa pertama kali makan MBG #shorts,Pasbelah Seru,2025-11-19T00:26:07Z,negative,AI-assisted semantic labeling
8340,SDN 140 sudah dapat mbg,sdn 140 sudah dapat mbg,Reaksi siswa pertama kali makan MBG #shorts,Pasbelah Seru,2025-11-18T12:46:58Z,neutral,AI-assisted semantic labeling
8343,aku udahh 😊,aku udahh 😊,Reaksi siswa pertama kali makan MBG #shorts,Pasbelah Seru,2025-11-18T10:07:43Z,neutral,AI-assisted semantic labeling
8345,Aku kata ibu kami bentar lagi kok nanti kalau apa tak komen lah,aku kata ibu kami bentar lagi kok nanti kalau apa tak komen lah,Reaksi siswa pertama kali makan MBG #shorts,Pasbelah Seru,2025-11-18T08:51:46Z,neutral,AI-assisted semantic labeling
8358,aku udah dapit mbG indonesia😊 aku suka😊,aku udah dapit mbg indonesia😊 aku suka😊,Reaksi siswa pertama kali makan MBG #shorts,Pasbelah Seru,2025-11-17T08:09:48Z,negative,AI-assisted semantic labeling
8366,Aku masih kecil masih sekolah di al firdaus😁,aku masih kecil masih sekolah di al firdaus😁,Reaksi siswa pertama kali makan MBG #shorts,Pasbelah Seru,2025-11-16T13:04:22Z,neutral,AI-assisted semantic labeling
8375,Aku insyaallah hari Senin dapat mbg,aku insyaallah hari senin dapat mbg,Reaksi siswa pertama kali makan MBG #shorts,Pasbelah Seru,2025-11-16T07:06:24Z,neutral,AI-assisted semantic labeling
8383,aku setiap hari😊😊😊😊😊,aku setiap hari😊😊,Reaksi siswa pertama kali makan MBG #shorts,Pasbelah Seru,2025-11-16T00:02:32Z,neutral,AI-assisted semantic labeling
8386,Yang Belum Dapet MBG Sini Ngumpul 👇👇👇👇👇👇👇👇👇,yang belum dapet mbg sini ngumpul 👇👇,Reaksi siswa pertama kali makan MBG #shorts,Pasbelah Seru,2025-11-15T16:51:26Z,negative,AI-assisted semantic labeling
8396,udah setiap hari,udah setiap hari,Reaksi siswa pertama kali makan MBG #shorts,Pasbelah Seru,2025-11-15T05:14:23Z,neutral,AI-assisted semantic labeling
8398,Kuda dapat mbg,kuda dapat mbg,Reaksi siswa pertama kali makan MBG #shorts,Pasbelah Seru,2025-11-15T04:59:37Z,neutral,AI-assisted semantic labeling
8406,Aku udh mbg,aku udh mbg,Reaksi siswa pertama kali makan MBG #shorts,Pasbelah Seru,2025-11-14T12:51:33Z,neutral,AI-assisted semantic labeling
8414,Bangun sudah dapat mbg 8 kali pun dapat m-banking-nya😅,bangun sudah dapat mbg 8 kali pun dapat m-banking-nya😅,Reaksi siswa pertama kali makan MBG #shorts,Pasbelah Seru,2025-11-14T11:01:03Z,neutral,AI-assisted semantic labeling
8428,Aku dapet enak banget 🎉🎉🎉🎉🎉🎉🎉🎉🎉❤❤❤,aku dapet enak banget 🎉🎉❤❤,Reaksi siswa pertama kali makan MBG #shorts,Pasbelah Seru,2025-11-14T04:21:05Z,neutral,AI-assisted semantic labeling
8434,Blm nih kapan juga aku dapat  MBG,blm nih kapan juga aku dapat mbg,Reaksi siswa pertama kali makan MBG #shorts,Pasbelah Seru,2025-11-13T22:05:03Z,neutral,AI-assisted semantic labeling
8440,Kalau aku belum dapat mbg,kalau aku belum dapat mbg,Reaksi siswa pertama kali makan MBG #shorts,Pasbelah Seru,2025-11-13T11:41:33Z,neutral,AI-assisted semantic labeling
8448,"Yang Uda kumpul ya
👇
👇",yang uda kumpul ya 👇 👇,Reaksi siswa pertama kali makan MBG #shorts,Pasbelah Seru,2025-11-13T05:34:36Z,neutral,AI-assisted semantic labeling
8463,Sudah kak enak,sudah kak enak,Reaksi siswa pertama kali makan MBG #shorts,Pasbelah Seru,2025-11-12T10:08:58Z,neutral,AI-assisted semantic labeling
8470,waw MBG😮😮😮💰💎💵💴💷,waw mbg😮😮💰💎💵💴💷,Reaksi siswa pertama kali makan MBG #shorts,Pasbelah Seru,2025-11-12T02:39:46Z,negative,AI-assisted semantic labeling
8492,Aku sudah hari ini mbg nya spaghetti bolognese kalo disekolah aku 😊,aku sudah hari ini mbg nya spaghetti bolognese kalo disekolah aku 😊,Reaksi siswa pertama kali makan MBG #shorts,Pasbelah Seru,2025-11-11T04:33:54Z,neutral,AI-assisted semantic labeling
8504,Tim udah dapat sampai 2029 ngumpul,tim udah dapat sampai 2029 ngumpul,Reaksi siswa pertama kali makan MBG #shorts,Pasbelah Seru,2025-11-10T10:55:28Z,neutral,AI-assisted semantic labeling
8508,Aku udah dapat mbg,aku udah dapat mbg,Reaksi siswa pertama kali makan MBG #shorts,Pasbelah Seru,2025-11-10T08:42:13Z,neutral,AI-assisted semantic labeling
8514,aku dapat mbg,aku dapat mbg,Reaksi siswa pertama kali makan MBG #shorts,Pasbelah Seru,2025-11-10T06:27:26Z,neutral,AI-assisted semantic labeling
8526,Aku Bukan indonesia aku Malaysia,aku bukan indonesia aku malaysia,Reaksi siswa pertama kali makan MBG #shorts,Pasbelah Seru,2025-11-09T12:22:23Z,neutral,AI-assisted semantic labeling
8533,Aku tidak pernaah,aku tidak pernaah,Reaksi siswa pertama kali makan MBG #shorts,Pasbelah Seru,2025-11-09T08:30:11Z,neutral,AI-assisted semantic labeling
8541,Aku orang Malaysia woi!!!!!!!!!!,aku orang malaysia woi!!,Reaksi siswa pertama kali makan MBG #shorts,Pasbelah Seru,2025-11-09T03:57:41Z,neutral,AI-assisted semantic labeling
8555,Aku libur MBG nya setiap hari ada susu dan juga ada telur senang banget kalau ada susunya 😊,aku libur mbg nya setiap hari ada susu dan juga ada telur senang banget kalau ada susunya 😊,Reaksi siswa pertama kali makan MBG #shorts,Pasbelah Seru,2025-11-08T11:20:19Z,neutral,AI-assisted semantic labeling
8564,Akuuu enak banget,akuu enak banget,Reaksi siswa pertama kali makan MBG #shorts,Pasbelah Seru,2025-11-08T06:25:29Z,neutral,AI-assisted semantic labeling
8570,Aku.   Dari.  Teka   Sampay.  Sd.   Udah.  Dapet.  Embg,aku. dari. teka sampay. sd. udah. dapet. embg,Reaksi siswa pertama kali makan MBG #shorts,Pasbelah Seru,2025-11-07T12:56:20Z,neutral,AI-assisted semantic labeling
8574,L,l,Reaksi siswa pertama kali makan MBG #shorts,Pasbelah Seru,2025-11-07T08:35:41Z,neutral,AI-assisted semantic labeling
8579,Jangan seneng dong saat ada mbg disekolah teman ku ada temanku yang membawanya pulang an#ing😂😂😂,jangan seneng dong saat ada mbg disekolah teman ku ada temanku yang membawanya pulang aning😂😂,Reaksi siswa pertama kali makan MBG #shorts,Pasbelah Seru,2025-11-07T04:05:23Z,negative,AI-assisted semantic labeling
8585,Aku udah,aku udah,Reaksi siswa pertama kali makan MBG #shorts,Pasbelah Seru,2025-11-06T21:55:29Z,neutral,AI-assisted semantic labeling
8586,Aku dah dapat mbg,aku dah dapat mbg,Reaksi siswa pertama kali makan MBG #shorts,Pasbelah Seru,2025-11-06T14:03:03Z,neutral,AI-assisted semantic labeling
8590,Aku setiap hari dapat mbg kak 🥰🥰🥰🤣🤣,aku setiap hari dapat mbg kak 🥰🥰🤣🤣,Reaksi siswa pertama kali makan MBG #shorts,Pasbelah Seru,2025-11-06T12:37:54Z,negative,AI-assisted semantic labeling
8592,Aku sudah dpt  mbg,aku sudah dpt mbg,Reaksi siswa pertama kali makan MBG #shorts,Pasbelah Seru,2025-11-06T12:02:42Z,neutral,AI-assisted semantic labeling
8593,Aku suka mbg🎉🎉🎉🎉❤❤❤❤,aku suka mbg🎉🎉❤❤,Reaksi siswa pertama kali makan MBG #shorts,Pasbelah Seru,2025-11-06T12:02:26Z,positive,AI-assisted semantic labeling
8622,Aku  udah  dapet   mbg,aku udah dapet mbg,Reaksi siswa pertama kali makan MBG #shorts,Pasbelah Seru,2025-11-05T08:50:22Z,neutral,AI-assisted semantic labeling
8626,udado❤❤❤❤,udado❤❤,Reaksi siswa pertama kali makan MBG #shorts,Pasbelah Seru,2025-11-05T05:43:06Z,neutral,AI-assisted semantic labeling
8632,Sini kumpul,sini kumpul,Reaksi siswa pertama kali makan MBG #shorts,Pasbelah Seru,2025-11-04T23:51:32Z,neutral,AI-assisted semantic labeling
8634,Aku udah dapat mbg,aku udah dapat mbg,Reaksi siswa pertama kali makan MBG #shorts,Pasbelah Seru,2025-11-04T16:12:39Z,neutral,AI-assisted semantic labeling
8647,"Kenapa pemerintah tidak terketuk hatinya untuk menghentikan mgb,,sayang uangnya,di buang "" trus itu makanan","kenapa pemerintah tidak terketuk hatinya untuk menghentikan mgb,,sayang uangnya,di buang "" trus itu makanan","MBG Pakai Uang Rakyat, Mengapa Tega Meracuni Anak-Anak Kami?",Watchdoc Documentary,2026-09-22T07:00:19Z,neutral,AI-assisted semantic labeling
8660,pemerintah sekarang lagi gila emang,pemerintah sekarang lagi gila emang,"MBG Pakai Uang Rakyat, Mengapa Tega Meracuni Anak-Anak Kami?",Watchdoc Documentary,2026-09-22T06:07:32Z,neutral,AI-assisted semantic labeling
8667,"g layak makan nih mbg  
bener banget ini soal masa depan negara sendiri woi kalian membunuh masa depan negara hadeh aneh² dah bukan malah maju malah makin jatuh ke lubang neraka hadehhhhhh mau bilang binatang tapi binatang jauh lebih punya perasaan kasian tau g anak² mereka 😢😢😢",g layak makan nih mbg bener banget ini soal masa depan negara sendiri woi kalian membunuh masa depan negara hadeh aneh2 dah bukan malah maju malah makin jatuh ke lubang neraka hadehh mau bilang binatang tapi binatang jauh lebih punya perasaan kasian tau g anak2 mereka 😢😢,"MBG Pakai Uang Rakyat, Mengapa Tega Meracuni Anak-Anak Kami?",Watchdoc Documentary,2026-09-22T05:54:49Z,negative,AI-assisted semantic labeling
8676,Tutup aja itu MBG...dari pada mkin byak korban.,tutup aja itu mbg..dari pada mkin byak korban.,"MBG Pakai Uang Rakyat, Mengapa Tega Meracuni Anak-Anak Kami?",Watchdoc Documentary,2026-09-22T05:42:53Z,negative,AI-assisted semantic labeling
8692,Negara.ini.udah.ngakbenar.lagi.di.kuasai.Ibbis.,negara.ini.udah.ngakbenar.lagi.di.kuasai.ibbis.,"MBG Pakai Uang Rakyat, Mengapa Tega Meracuni Anak-Anak Kami?",Watchdoc Documentary,2026-09-22T04:00:00Z,neutral,AI-assisted semantic labeling
8696,"Ih memang lah anaknya keracunan, sampai ada belatung 🤮😱😱","ih memang lah anaknya keracunan, sampai ada belatung 🤮😱😱","MBG Pakai Uang Rakyat, Mengapa Tega Meracuni Anak-Anak Kami?",Watchdoc Documentary,2026-09-22T03:40:17Z,negative,AI-assisted semantic labeling
8700,Jaya purah 😂😂😂,jaya purah 😂😂,"MBG Pakai Uang Rakyat, Mengapa Tega Meracuni Anak-Anak Kami?",Watchdoc Documentary,2026-09-22T03:15:43Z,neutral,AI-assisted semantic labeling
8703,Mungkin sengaja kali. MBG Memang untuk merusak masa depan anak anak. Ga tau lah hati mereka mana kita tahu. Coba bapak presiden terenyuh. Jangan egois kalo janji sudah terpenuhi tapi kalo kami kena masalah lebih bai janji ingkar ajah.,mungkin sengaja kali. mbg memang untuk merusak masa depan anak anak. ga tau lah hati mereka mana kita tahu. coba bapak presiden terenyuh. jangan egois kalo janji sudah terpenuhi tapi kalo kami kena masalah lebih bai janji ingkar ajah.,"MBG Pakai Uang Rakyat, Mengapa Tega Meracuni Anak-Anak Kami?",Watchdoc Documentary,2026-09-22T03:08:41Z,negative,AI-assisted semantic labeling
8704,Kalau semua kejadian negatif di makanan gratis di gunakan untuk membunuh anak bangsa seharusnya makan gratis di alihkan jadi dana uang makan gratis jadi tidak ada lagi korban,kalau semua kejadian negatif di makanan gratis di gunakan untuk membunuh anak bangsa seharusnya makan gratis di alihkan jadi dana uang makan gratis jadi tidak ada lagi korban,"MBG Pakai Uang Rakyat, Mengapa Tega Meracuni Anak-Anak Kami?",Watchdoc Documentary,2026-09-22T03:06:15Z,negative,AI-assisted semantic labeling
8707,Apakah ini nama nya ginoksida,apakah ini nama nya ginoksida,"MBG Pakai Uang Rakyat, Mengapa Tega Meracuni Anak-Anak Kami?",Watchdoc Documentary,2026-09-22T02:36:51Z,neutral,AI-assisted semantic labeling
8713,ORAWOWO suruh makan MBG tiap hari,orawowo suruh makan mbg tiap hari,"MBG Pakai Uang Rakyat, Mengapa Tega Meracuni Anak-Anak Kami?",Watchdoc Documentary,2026-09-22T01:28:26Z,neutral,AI-assisted semantic labeling
8723,M. B. G  ARTINYA. MULYONO. BOWO.  DAN. GIBRAN,m. b. g artinya. mulyono. bowo. dan. gibran,"MBG Pakai Uang Rakyat, Mengapa Tega Meracuni Anak-Anak Kami?",Watchdoc Documentary,2026-09-22T00:35:40Z,neutral,AI-assisted semantic labeling
8725,Presiden woi.. Presiden prabowo... Teddy... Darsono... Dengarrrr,presiden woi.. presiden prabowo.. teddy.. darsono.. dengarr,"MBG Pakai Uang Rakyat, Mengapa Tega Meracuni Anak-Anak Kami?",Watchdoc Documentary,2026-09-22T00:26:47Z,neutral,AI-assisted semantic labeling
8733,BUBARKAN AJALAH MBG !!!,bubarkan ajalah mbg !!,"MBG Pakai Uang Rakyat, Mengapa Tega Meracuni Anak-Anak Kami?",Watchdoc Documentary,2026-09-21T23:35:26Z,neutral,AI-assisted semantic labeling
8744,Strategi Pemerintah Membunuh Generasi Penerus Bangsa kalee 😂😂🫣,strategi pemerintah membunuh generasi penerus bangsa kalee 😂😂🫣,"MBG Pakai Uang Rakyat, Mengapa Tega Meracuni Anak-Anak Kami?",Watchdoc Documentary,2026-09-21T21:12:59Z,negative,AI-assisted semantic labeling
8757,"Makin lama makin sadis pemerintah ke rakyat..
2 thun makin parah,gimna 3 thun lagi ini..","makin lama makin sadis pemerintah ke rakyat.. 2 thun makin parah,gimna 3 thun lagi ini..","MBG Pakai Uang Rakyat, Mengapa Tega Meracuni Anak-Anak Kami?",Watchdoc Documentary,2026-09-21T16:44:25Z,neutral,AI-assisted semantic labeling
8773,Lagian kmrin ngapain di pilih.😂,lagian kmrin ngapain di pilih.😂,"MBG Pakai Uang Rakyat, Mengapa Tega Meracuni Anak-Anak Kami?",Watchdoc Documentary,2026-09-21T14:07:44Z,neutral,AI-assisted semantic labeling
8776,Bubarkan... Cairkan BLT,bubarkan.. cairkan blt,"MBG Pakai Uang Rakyat, Mengapa Tega Meracuni Anak-Anak Kami?",Watchdoc Documentary,2026-09-21T13:57:53Z,neutral,AI-assisted semantic labeling
8795,Mbg menyebab kan penyakit ternyataaa,mbg menyebab kan penyakit ternyataa,"MBG Pakai Uang Rakyat, Mengapa Tega Meracuni Anak-Anak Kami?",Watchdoc Documentary,2026-09-21T11:32:25Z,neutral,AI-assisted semantic labeling
8805,"Binatang,sampai teganya memberi mkn buat regenerasi dgn mkanan yg beracun.tega bener,semoga kalian semua yg terlibat akan sesegera mungkin dapet azab dari Alloh Swt.aamiin ya robbal'alamin","binatang,sampai teganya memberi mkn buat regenerasi dgn mkanan yg beracun.tega bener,semoga kalian semua yg terlibat akan sesegera mungkin dapet azab dari alloh swt.aamiin ya robbal'alamin","MBG Pakai Uang Rakyat, Mengapa Tega Meracuni Anak-Anak Kami?",Watchdoc Documentary,2026-09-21T10:00:10Z,negative,AI-assisted semantic labeling
8811,Kan ini ud ada buktik nya. Yah sekarang mah. Kita kompakin. Jngn di terima LG .mBG.. gampang kan..gs usah di trima lagi.tkt ada racun nan lagi🙏🙏,kan ini ud ada buktik nya. yah sekarang mah. kita kompakin. jngn di terima lg .mbg.. gampang kan..gs usah di trima lagi.tkt ada racun nan lagi🙏🙏,"MBG Pakai Uang Rakyat, Mengapa Tega Meracuni Anak-Anak Kami?",Watchdoc Documentary,2026-09-21T08:09:11Z,negative,AI-assisted semantic labeling
8821,Tolak aja srentak sluruh indonesia  mbg mmbawa betaka bgi gerasi penerus,tolak aja srentak sluruh indonesia mbg mmbawa betaka bgi gerasi penerus,"MBG Pakai Uang Rakyat, Mengapa Tega Meracuni Anak-Anak Kami?",Watchdoc Documentary,2026-09-21T06:07:15Z,neutral,AI-assisted semantic labeling
8835,Curiga dengan   pekerja  MBG  mungkin terima bayaran  di suruh   menaruh racun di makanan   demi  partei  politik .,curiga dengan pekerja mbg mungkin terima bayaran di suruh menaruh racun di makanan demi partei politik .,"MBG Pakai Uang Rakyat, Mengapa Tega Meracuni Anak-Anak Kami?",Watchdoc Documentary,2026-09-21T02:09:25Z,negative,AI-assisted semantic labeling
8846,"Seperti nya disengaja generasi kita di racuni, MBG stop tidak mau ADA APA ??!!","seperti nya disengaja generasi kita di racuni, mbg stop tidak mau ada apa ??!!","MBG Pakai Uang Rakyat, Mengapa Tega Meracuni Anak-Anak Kami?",Watchdoc Documentary,2026-09-20T23:04:48Z,negative,AI-assisted semantic labeling
8847,STOP MBG !!!,stop mbg !!,"MBG Pakai Uang Rakyat, Mengapa Tega Meracuni Anak-Anak Kami?",Watchdoc Documentary,2026-09-20T23:03:36Z,negative,AI-assisted semantic labeling
8850,Pemerintah ambil sikap budeg,pemerintah ambil sikap budeg,"MBG Pakai Uang Rakyat, Mengapa Tega Meracuni Anak-Anak Kami?",Watchdoc Documentary,2026-09-20T22:35:46Z,neutral,AI-assisted semantic labeling
8852,"Sppg yg bermasalah hrs ditutup, akibatnya yg penting bapak senang wkwkwk 😢😢😢😢😢😢😢😢","sppg yg bermasalah hrs ditutup, akibatnya yg penting bapak senang wkwkwk 😢😢","MBG Pakai Uang Rakyat, Mengapa Tega Meracuni Anak-Anak Kami?",Watchdoc Documentary,2026-09-20T22:14:51Z,negative,AI-assisted semantic labeling
8858,jujur aq pikir pemerintah para elit global mgkn sengaja ingin meracuni rakyat nya,jujur aq pikir pemerintah para elit global mgkn sengaja ingin meracuni rakyat nya,"MBG Pakai Uang Rakyat, Mengapa Tega Meracuni Anak-Anak Kami?",Watchdoc Documentary,2026-09-20T17:38:18Z,negative,AI-assisted semantic labeling
8872,"Bkn brtmbh gizi, bikin susah rakyat","bkn brtmbh gizi, bikin susah rakyat","MBG Pakai Uang Rakyat, Mengapa Tega Meracuni Anak-Anak Kami?",Watchdoc Documentary,2026-09-20T13:21:07Z,neutral,AI-assisted semantic labeling
8874,"Itu ada yg Sampek sesak nafas kan ,Waddduh kaccaw","itu ada yg sampek sesak nafas kan ,wadduh kaccaw","MBG Pakai Uang Rakyat, Mengapa Tega Meracuni Anak-Anak Kami?",Watchdoc Documentary,2026-09-20T12:43:51Z,neutral,AI-assisted semantic labeling
8891,"disaat mbg ada yg mau selidiki, habis ditendang pemerintah. kata pemimpin negara ini ""jangan ganggu program saya"". Apa perlu digulingkan saja otak dari program ini? MBG = Mabok Bareng Gais. gila semua pemimpin rakyat, jahat kalian. Tuhan tidak tidur, tunggu pembalasannya.","disaat mbg ada yg mau selidiki, habis ditendang pemerintah. kata pemimpin negara ini ""jangan ganggu program saya"". apa perlu digulingkan saja otak dari program ini? mbg = mabok bareng gais. gila semua pemimpin rakyat, jahat kalian. tuhan tidak tidur, tunggu pembalasannya.","MBG Pakai Uang Rakyat, Mengapa Tega Meracuni Anak-Anak Kami?",Watchdoc Documentary,2026-09-20T09:06:34Z,negative,AI-assisted semantic labeling
8896,Ini sepertinya sudah di rencanakan supaya bangsa ini tdk ada generasi yg baru......,ini sepertinya sudah di rencanakan supaya bangsa ini tdk ada generasi yg baru..,"MBG Pakai Uang Rakyat, Mengapa Tega Meracuni Anak-Anak Kami?",Watchdoc Documentary,2026-09-20T06:49:55Z,neutral,AI-assisted semantic labeling
8902,"Untuk sebagian org yg masih mampu bawa bekal sendiri/org ksh jajan cukup, pasti enak ga perlu makan mbg dengan rasa khawatir, tp untuk mreka yg ga punya uang mau ga mau makan mbg itu, dan ketika makan keracunan , kondisi itu sangat miris, jelas mreka KORUPSI UANG MBG, memabg sdh di persilahkan oleh prabowo utk korupsi","untuk sebagian org yg masih mampu bawa bekal sendiri/org ksh jajan cukup, pasti enak ga perlu makan mbg dengan rasa khawatir, tp untuk mreka yg ga punya uang mau ga mau makan mbg itu, dan ketika makan keracunan , kondisi itu sangat miris, jelas mreka korupsi uang mbg, memabg sdh di persilahkan oleh prabowo utk korupsi","MBG Pakai Uang Rakyat, Mengapa Tega Meracuni Anak-Anak Kami?",Watchdoc Documentary,2026-09-20T05:32:54Z,negative,AI-assisted semantic labeling
8927,Bener ngelaksanain mbg tapi gk sampe anak nya kena racun,bener ngelaksanain mbg tapi gk sampe anak nya kena racun,"MBG Pakai Uang Rakyat, Mengapa Tega Meracuni Anak-Anak Kami?",Watchdoc Documentary,2026-09-20T01:36:03Z,negative,AI-assisted semantic labeling
8931,Karo tidak akan pilih prabowo 2029,karo tidak akan pilih prabowo 2029,"MBG Pakai Uang Rakyat, Mengapa Tega Meracuni Anak-Anak Kami?",Watchdoc Documentary,2026-09-20T01:00:55Z,neutral,AI-assisted semantic labeling
8935,Astagfirulloh .padahal sdh jelas . sdh tolak saja MBG.  Bawa makanan sendiri .,astagfirulloh .padahal sdh jelas . sdh tolak saja mbg. bawa makanan sendiri .,"MBG Pakai Uang Rakyat, Mengapa Tega Meracuni Anak-Anak Kami?",Watchdoc Documentary,2026-09-20T00:16:17Z,neutral,AI-assisted semantic labeling
8942,"Penyebab  Keracunan ini harus  ada yg bertanggung jawab &  tersangkanya..
Ini bukan hanya sekali kejadiannya tapi sdh berulang kali.
MBG  (Makan Beracun Gratis)",penyebab keracunan ini harus ada yg bertanggung jawab & tersangkanya.. ini bukan hanya sekali kejadiannya tapi sdh berulang kali. mbg (makan beracun gratis),"MBG Pakai Uang Rakyat, Mengapa Tega Meracuni Anak-Anak Kami?",Watchdoc Documentary,2026-09-19T23:47:05Z,negative,AI-assisted semantic labeling
8943,"Yg masih mendukung sppg mereka cm penjilat"" yg punya  penguasa yg punya bisnis d dlmnya TDK peduli SDH bnyk korban dr ulah kalian dr sppg","yg masih mendukung sppg mereka cm penjilat"" yg punya penguasa yg punya bisnis d dlmnya tdk peduli sdh bnyk korban dr ulah kalian dr sppg","MBG Pakai Uang Rakyat, Mengapa Tega Meracuni Anak-Anak Kami?",Watchdoc Documentary,2026-09-19T23:46:51Z,negative,AI-assisted semantic labeling
8944,betul bunda.pemimpin y buta dn tuli kacau....!!!!!stop j mbg,betul bunda.pemimpin y buta dn tuli kacau..!!stop j mbg,"MBG Pakai Uang Rakyat, Mengapa Tega Meracuni Anak-Anak Kami?",Watchdoc Documentary,2026-09-19T23:43:10Z,neutral,AI-assisted semantic labeling
8949,"Sudah ratusan siswa korban, kenapa masih dilanjutkan ini MBG, alangkah baiknya seandainya di transfer saja ke orang tua siswa karena orang tua siswa tahu kesukaan anaknya dan dipastikan tidak terjadi lagi keracunan MBG","sudah ratusan siswa korban, kenapa masih dilanjutkan ini mbg, alangkah baiknya seandainya di transfer saja ke orang tua siswa karena orang tua siswa tahu kesukaan anaknya dan dipastikan tidak terjadi lagi keracunan mbg","MBG Pakai Uang Rakyat, Mengapa Tega Meracuni Anak-Anak Kami?",Watchdoc Documentary,2026-09-19T22:56:42Z,negative,AI-assisted semantic labeling
8955,"Hentikan MBG, Alihkan dana untuk bantuan langsung ke Ortu siswa biar ortu yang memasak untuk siswa.","hentikan mbg, alihkan dana untuk bantuan langsung ke ortu siswa biar ortu yang memasak untuk siswa.","MBG Pakai Uang Rakyat, Mengapa Tega Meracuni Anak-Anak Kami?",Watchdoc Documentary,2026-09-19T21:32:34Z,negative,AI-assisted semantic labeling
8958,Wok wok dosa lu makin dobel aja akumulasinya. Program pembunuhan massal emang,wok wok dosa lu makin dobel aja akumulasinya. program pembunuhan massal emang,"MBG Pakai Uang Rakyat, Mengapa Tega Meracuni Anak-Anak Kami?",Watchdoc Documentary,2026-09-19T20:34:59Z,neutral,AI-assisted semantic labeling
8960,Stop MBG,stop mbg,"MBG Pakai Uang Rakyat, Mengapa Tega Meracuni Anak-Anak Kami?",Watchdoc Documentary,2026-09-19T19:44:08Z,negative,AI-assisted semantic labeling
8971,"SAYA DAPAT LAPORAN LAGI, KALAU PRESIDEN NEGARA LAIN TAKUT SAMA SAYA, KARENA SAYA LEBIH DAJJAL DARI PADA DAJJAL.","saya dapat laporan lagi, kalau presiden negara lain takut sama saya, karena saya lebih dajjal dari pada dajjal.","MBG Pakai Uang Rakyat, Mengapa Tega Meracuni Anak-Anak Kami?",Watchdoc Documentary,2026-09-19T16:29:29Z,negative,AI-assisted semantic labeling
8992,"Pertanggungjawaban nya mana pak Wowo...sudah di bilang drpd sibuk urus MBG ...lebih baik uang nya yg di salurkan lsg k anak"" didik tiap bulannya...biarkan ortu nya yg bertanggung jawab urus perut anak"" mereka...ortu lebih baik dalam hal mengurus masalah perut mereka sdh pasti di kasih yg terbaik...klw sdh kejadian begini bagaimana...mana pertanggungjawaban kalian terutama dr Pak Pres dan wapres...kalau di negara lain sudah lama kalian di copot dr jabatan kalian malah mengundurkan diri...tapi ini ga... PERTANGGUNGJAWABANNYA MANA","pertanggungjawaban nya mana pak wowo..sudah di bilang drpd sibuk urus mbg ..lebih baik uang nya yg di salurkan lsg k anak"" didik tiap bulannya..biarkan ortu nya yg bertanggung jawab urus perut anak"" mereka..ortu lebih baik dalam hal mengurus masalah perut mereka sdh pasti di kasih yg terbaik..klw sdh kejadian begini bagaimana..mana pertanggungjawaban kalian terutama dr pak pres dan wapres..kalau di negara lain sudah lama kalian di copot dr jabatan kalian malah mengundurkan diri..tapi ini ga.. pertanggungjawabannya mana","MBG Pakai Uang Rakyat, Mengapa Tega Meracuni Anak-Anak Kami?",Watchdoc Documentary,2026-09-19T14:49:40Z,negative,AI-assisted semantic labeling
8996,jokowi klo gak dihukum indonesia akan hancur prabowo klo gak di ganti indonesia bakal merugi terus,jokowi klo gak dihukum indonesia akan hancur prabowo klo gak di ganti indonesia bakal merugi terus,"MBG Pakai Uang Rakyat, Mengapa Tega Meracuni Anak-Anak Kami?",Watchdoc Documentary,2026-09-19T14:26:04Z,neutral,AI-assisted semantic labeling
8999,MBG tutup Prabowo!!!!!,mbg tutup prabowo!!,"MBG Pakai Uang Rakyat, Mengapa Tega Meracuni Anak-Anak Kami?",Watchdoc Documentary,2026-09-19T14:10:04Z,neutral,AI-assisted semantic labeling
9000,Sedih banget sumpah dnger jeritan seorang ibu yg anak nya kd korban rakus nya pemerintah,sedih banget sumpah dnger jeritan seorang ibu yg anak nya kd korban rakus nya pemerintah,"MBG Pakai Uang Rakyat, Mengapa Tega Meracuni Anak-Anak Kami?",Watchdoc Documentary,2026-09-19T13:53:34Z,negative,AI-assisted semantic labeling
9007,"Lama-lama kalo denger kabar saudara senegara sendiri seperti ini pengen rasanya ngamuk di di pusat pemerintahan di depan jongos mbg,. 
Lu mikir apa kagak mikir sih yg lu sepelein itu rakyat / saudara senegara lu sendiri,. 
Gila otak lu atau gk ada otak lu makanya gk mikir,.","lama-lama kalo denger kabar saudara senegara sendiri seperti ini pengen rasanya ngamuk di di pusat pemerintahan di depan jongos mbg,. lu mikir apa kagak mikir sih yg lu sepelein itu rakyat / saudara senegara lu sendiri,. gila otak lu atau gk ada otak lu makanya gk mikir,.","MBG Pakai Uang Rakyat, Mengapa Tega Meracuni Anak-Anak Kami?",Watchdoc Documentary,2026-09-19T13:35:48Z,neutral,AI-assisted semantic labeling
9008,"Prabowo Subianto turun lihat anak 'tu...., itu gara "" ambisi anda ....","prabowo subianto turun lihat anak 'tu.., itu gara "" ambisi anda ..","MBG Pakai Uang Rakyat, Mengapa Tega Meracuni Anak-Anak Kami?",Watchdoc Documentary,2026-09-19T13:34:12Z,neutral,AI-assisted semantic labeling
9041,Propaganda yang ngracun.siapa yang mau di runtuhkan?mbg nya. Dapurnya yg harus di hukum.bukan program pemerintahnya,propaganda yang ngracun.siapa yang mau di runtuhkan?mbg nya. dapurnya yg harus di hukum.bukan program pemerintahnya,"MBG Pakai Uang Rakyat, Mengapa Tega Meracuni Anak-Anak Kami?",Watchdoc Documentary,2026-09-19T11:27:19Z,negative,AI-assisted semantic labeling
9066,Perang farmasi stelah covid,perang farmasi stelah covid,"MBG Pakai Uang Rakyat, Mengapa Tega Meracuni Anak-Anak Kami?",Watchdoc Documentary,2026-09-19T08:22:15Z,neutral,AI-assisted semantic labeling
9067,Pemerintah GILAAAA SEMUA!!!,pemerintah gilaa semua!!,"MBG Pakai Uang Rakyat, Mengapa Tega Meracuni Anak-Anak Kami?",Watchdoc Documentary,2026-09-19T08:12:30Z,neutral,AI-assisted semantic labeling
9073,Bubarkan aka mbg,bubarkan aka mbg,"MBG Pakai Uang Rakyat, Mengapa Tega Meracuni Anak-Anak Kami?",Watchdoc Documentary,2026-09-19T06:59:23Z,neutral,AI-assisted semantic labeling
9086,Presiden Prabowo Subianto yg paling berdosa meracuni anak anak Indonesia lewat program MBG program setan,presiden prabowo subianto yg paling berdosa meracuni anak anak indonesia lewat program mbg program setan,"MBG Pakai Uang Rakyat, Mengapa Tega Meracuni Anak-Anak Kami?",Watchdoc Documentary,2026-09-19T05:42:42Z,negative,AI-assisted semantic labeling
9119,jangan diambil lagi MBGnya,jangan diambil lagi mbgnya,"MBG Pakai Uang Rakyat, Mengapa Tega Meracuni Anak-Anak Kami?",Watchdoc Documentary,2026-09-19T01:37:59Z,neutral,AI-assisted semantic labeling
9122,"Harusnya mbg dihentikan sejak ada kasus pertama keracunan dulu. Ini malah diteruskan sampe sekarang hingga ada yg kondisinya sangat serius hilang ingatan dan gangguan ginjal. 
Sampai kapan pemerintah harus mengorbankan anak²? 

Kita para ortu juga jadi parno tiap hari denger berita siswa keracunan mbg, bahkan udah ada kasus keracunan mbg di kecamatan tempat kami tinggal, untungnya bukan di sekolah anak² kami.","harusnya mbg dihentikan sejak ada kasus pertama keracunan dulu. ini malah diteruskan sampe sekarang hingga ada yg kondisinya sangat serius hilang ingatan dan gangguan ginjal. sampai kapan pemerintah harus mengorbankan anak2? kita para ortu juga jadi parno tiap hari denger berita siswa keracunan mbg, bahkan udah ada kasus keracunan mbg di kecamatan tempat kami tinggal, untungnya bukan di sekolah anak2 kami.","MBG Pakai Uang Rakyat, Mengapa Tega Meracuni Anak-Anak Kami?",Watchdoc Documentary,2026-09-19T01:24:19Z,negative,AI-assisted semantic labeling
9138,Astagfirullah 😢😢😢😢....kasian ibunya😭,astagfirullah 😢😢..kasian ibunya😭,"MBG Pakai Uang Rakyat, Mengapa Tega Meracuni Anak-Anak Kami?",Watchdoc Documentary,2026-09-19T00:13:04Z,neutral,AI-assisted semantic labeling
9151,Aneh juga rakyat Indonesia suda banyak contoh anak2 keracunan masih juga makan mbg,aneh juga rakyat indonesia suda banyak contoh anak2 keracunan masih juga makan mbg,"MBG Pakai Uang Rakyat, Mengapa Tega Meracuni Anak-Anak Kami?",Watchdoc Documentary,2026-09-18T23:29:39Z,negative,AI-assisted semantic labeling
9155,"Bubarkan mbg,kalaw perlu bkar tempat 2 mbg a,buat ap diadakan mbg klw rakyat banyak sering menderita","bubarkan mbg,kalaw perlu bkar tempat 2 mbg a,buat ap diadakan mbg klw rakyat banyak sering menderita","MBG Pakai Uang Rakyat, Mengapa Tega Meracuni Anak-Anak Kami?",Watchdoc Documentary,2026-09-18T23:23:59Z,negative,AI-assisted semantic labeling
9156,pe cuma tereak doang wowok komplen sonoo wowok itu yg punya anggaran kalo berani,pe cuma tereak doang wowok komplen sonoo wowok itu yg punya anggaran kalo berani,"MBG Pakai Uang Rakyat, Mengapa Tega Meracuni Anak-Anak Kami?",Watchdoc Documentary,2026-09-18T23:18:12Z,neutral,AI-assisted semantic labeling
9162,Program smvoradul,program smvoradul,"MBG Pakai Uang Rakyat, Mengapa Tega Meracuni Anak-Anak Kami?",Watchdoc Documentary,2026-09-18T22:52:53Z,neutral,AI-assisted semantic labeling
9163,Kalau lihat video ini.....semisal anak atau cucu saya mungkin lebih baik bawa bekal dari rumah masing² sj.,kalau lihat video ini..semisal anak atau cucu saya mungkin lebih baik bawa bekal dari rumah masing2 sj.,"MBG Pakai Uang Rakyat, Mengapa Tega Meracuni Anak-Anak Kami?",Watchdoc Documentary,2026-09-18T22:47:14Z,negative,AI-assisted semantic labeling
9168,"Selogan rokok

ROKOK MEMBUNUHMU

SLOGAN PRESIDEN

MBG MEMBUNUHMU


APA BEDANYA YA GUYS?


PANTAS PEMERINTAHAN ERA INI
HARUS DI CACI DAN DIMAKI

SEMOGA PEJABATNYA
CEPAT MAMPUUUUUS",selogan rokok rokok membunuhmu slogan presiden mbg membunuhmu apa bedanya ya guys? pantas pemerintahan era ini harus di caci dan dimaki semoga pejabatnya cepat mampuus,"MBG Pakai Uang Rakyat, Mengapa Tega Meracuni Anak-Anak Kami?",Watchdoc Documentary,2026-09-18T21:49:45Z,negative,AI-assisted semantic labeling
9169,Uangnya dikorupsi SM mereka semua .PD ga takut dosa .biar diakhirat kelak kena azab dan hukuman dr Allah ...Kl pun mmg kena azab didunia kenakan anak anak mereka hal yg serupa biar tau rasa.manusia manusia ini SDH tidak pantas disebut manusia .bahkan hewan buaspun msh punya hati .,uangnya dikorupsi sm mereka semua .pd ga takut dosa .biar diakhirat kelak kena azab dan hukuman dr allah ..kl pun mmg kena azab didunia kenakan anak anak mereka hal yg serupa biar tau rasa.manusia manusia ini sdh tidak pantas disebut manusia .bahkan hewan buaspun msh punya hati .,"MBG Pakai Uang Rakyat, Mengapa Tega Meracuni Anak-Anak Kami?",Watchdoc Documentary,2026-09-18T21:32:26Z,negative,AI-assisted semantic labeling
9188,"Bubarkan mbg . . . ☝️

   Prabowo bikin program ini cuma bikin resah Masyarakat ,,, cuma buang"" keuangan negara dan memunculkan banyak koruptor . . .
  Tidak layak jd presiden . . . !!!!!!!
  Pantas dan setuju banget klo KDM menghentikan mbg d Jabar . . . 👍👍👍","bubarkan mbg . . . ☝️ prabowo bikin program ini cuma bikin resah masyarakat ,, cuma buang"" keuangan negara dan memunculkan banyak koruptor . . . tidak layak jd presiden . . . !! pantas dan setuju banget klo kdm menghentikan mbg d jabar . . . 👍👍","MBG Pakai Uang Rakyat, Mengapa Tega Meracuni Anak-Anak Kami?",Watchdoc Documentary,2026-09-18T18:02:39Z,negative,AI-assisted semantic labeling
9191,Mungkin ngga sih MBG nya di sabotase sama orang yg ngga suka program MBG 🙏,mungkin ngga sih mbg nya di sabotase sama orang yg ngga suka program mbg 🙏,"MBG Pakai Uang Rakyat, Mengapa Tega Meracuni Anak-Anak Kami?",Watchdoc Documentary,2026-09-18T17:53:50Z,neutral,AI-assisted semantic labeling
9204,Prabowo bgmn ini? MBG mu malah bikin racun bagi anak². Bubarkan saja MBG itu drpd semakin banyak korban nya Prabowo.,prabowo bgmn ini? mbg mu malah bikin racun bagi anak2. bubarkan saja mbg itu drpd semakin banyak korban nya prabowo.,"MBG Pakai Uang Rakyat, Mengapa Tega Meracuni Anak-Anak Kami?",Watchdoc Documentary,2026-09-18T16:32:36Z,negative,AI-assisted semantic labeling
9205,"Bagusnya setiap sekolh melarang mbg aja,dri pda keracunan trus pemerintah mah sengaja beri racun sama makanan mereka,biar GX DA orang pintar yg jdi saingan kluarga mereka","bagusnya setiap sekolh melarang mbg aja,dri pda keracunan trus pemerintah mah sengaja beri racun sama makanan mereka,biar gx da orang pintar yg jdi saingan kluarga mereka","MBG Pakai Uang Rakyat, Mengapa Tega Meracuni Anak-Anak Kami?",Watchdoc Documentary,2026-09-18T16:19:11Z,negative,AI-assisted semantic labeling
9217,Kaya y program MBG  di campur  bahan kimia tertentu untuk hancur kan anak bangsa,kaya y program mbg di campur bahan kimia tertentu untuk hancur kan anak bangsa,"MBG Pakai Uang Rakyat, Mengapa Tega Meracuni Anak-Anak Kami?",Watchdoc Documentary,2026-09-18T15:48:30Z,neutral,AI-assisted semantic labeling
9218,"Sumpah,semua karena probowo, memang sungguh semoga kalian di laknat Allah SWT","sumpah,semua karena probowo, memang sungguh semoga kalian di laknat allah swt","MBG Pakai Uang Rakyat, Mengapa Tega Meracuni Anak-Anak Kami?",Watchdoc Documentary,2026-09-18T15:47:47Z,neutral,AI-assisted semantic labeling
9220,Merinding saya denger jeritan murka ibu ini😢😢😢,merinding saya denger jeritan murka ibu ini😢😢,"MBG Pakai Uang Rakyat, Mengapa Tega Meracuni Anak-Anak Kami?",Watchdoc Documentary,2026-09-18T15:46:29Z,neutral,AI-assisted semantic labeling
9228,"Kata presiden prabowo ini sakit perut biasa. 
Program MAKANAN BERGZI GANAS..",kata presiden prabowo ini sakit perut biasa. program makanan bergzi ganas..,"MBG Pakai Uang Rakyat, Mengapa Tega Meracuni Anak-Anak Kami?",Watchdoc Documentary,2026-09-18T15:20:24Z,negative,AI-assisted semantic labeling
9234,"Orang tua terutama IBU setiap hari cemas saat putra/i nya di sekolah makan mbg ,.,","orang tua terutama ibu setiap hari cemas saat putra/i nya di sekolah makan mbg ,.,","MBG Pakai Uang Rakyat, Mengapa Tega Meracuni Anak-Anak Kami?",Watchdoc Documentary,2026-09-18T15:12:03Z,negative,AI-assisted semantic labeling
9235,"ASTAGHFIRULLAH,
MBG ini korbannya anak anak, generasi penerus Bangsa.","astaghfirullah, mbg ini korbannya anak anak, generasi penerus bangsa.","MBG Pakai Uang Rakyat, Mengapa Tega Meracuni Anak-Anak Kami?",Watchdoc Documentary,2026-09-18T15:10:35Z,negative,AI-assisted semantic labeling
9238,"harus diadili yang punya program ini,. tapi bagaimana jika penengak kead!lannya punya dapur juga? 😮😅","harus diadili yang punya program ini,. tapi bagaimana jika penengak kead!lannya punya dapur juga? 😮😅","MBG Pakai Uang Rakyat, Mengapa Tega Meracuni Anak-Anak Kami?",Watchdoc Documentary,2026-09-18T15:05:02Z,negative,AI-assisted semantic labeling
9241,Maling ayam cepat kalau menghakimi tapi maling masadepan dan kesehatan anak sekolah tertawa dan sembunyi udah cukup jgn sampai ada korban berikutnya kalau sudah sudah kayak gini apa kata kepala BGN dan presiden masih mau lanjutkan ladang koruptor lagi kah tolong para penguasa buka mata kalian 🐕🐶💩💩💩💩,maling ayam cepat kalau menghakimi tapi maling masadepan dan kesehatan anak sekolah tertawa dan sembunyi udah cukup jgn sampai ada korban berikutnya kalau sudah sudah kayak gini apa kata kepala bgn dan presiden masih mau lanjutkan ladang koruptor lagi kah tolong para penguasa buka mata kalian 🐕🐶💩💩,"MBG Pakai Uang Rakyat, Mengapa Tega Meracuni Anak-Anak Kami?",Watchdoc Documentary,2026-09-18T14:49:46Z,negative,AI-assisted semantic labeling
9254,"Mari serukan Tolak MBG di seluruh kota di Indonesia..... Suruh tuch anak2 pejabat pada makan MBG , pada mau gak ? Biar mereka merasakan kalo anak mereka keracunan bagaimana rasanya","mari serukan tolak mbg di seluruh kota di indonesia.. suruh tuch anak2 pejabat pada makan mbg , pada mau gak ? biar mereka merasakan kalo anak mereka keracunan bagaimana rasanya","MBG Pakai Uang Rakyat, Mengapa Tega Meracuni Anak-Anak Kami?",Watchdoc Documentary,2026-09-18T14:08:27Z,negative,AI-assisted semantic labeling
9259,Pemerintah sedang mengurangi rakyat indonesia dgn cara memberi MBG yg dimana sebenarnya mereka telah membunih secara perlahan.. Hati hati wahai rakyat indonesia dan para ibu bapak...,pemerintah sedang mengurangi rakyat indonesia dgn cara memberi mbg yg dimana sebenarnya mereka telah membunih secara perlahan.. hati hati wahai rakyat indonesia dan para ibu bapak..,"MBG Pakai Uang Rakyat, Mengapa Tega Meracuni Anak-Anak Kami?",Watchdoc Documentary,2026-09-18T13:54:27Z,neutral,AI-assisted semantic labeling
9293,Siapa yg bisa menghentikan MBG??!!tentu RAKYATNYA HARUS BERSATU JGN MAU DI ADU DOMBA OLEH OKNUM BUZZEERP PEMERINTAH,siapa yg bisa menghentikan mbg??!!tentu rakyatnya harus bersatu jgn mau di adu domba oleh oknum buzzeerp pemerintah,"MBG Pakai Uang Rakyat, Mengapa Tega Meracuni Anak-Anak Kami?",Watchdoc Documentary,2026-09-18T12:27:08Z,negative,AI-assisted semantic labeling
9301,"Makan Beracun Gratis

bangga kau prabowo?",makan beracun gratis bangga kau prabowo?,"MBG Pakai Uang Rakyat, Mengapa Tega Meracuni Anak-Anak Kami?",Watchdoc Documentary,2026-09-18T12:16:18Z,negative,AI-assisted semantic labeling
9303,"Coba sih para mahasiswa sidak tuh dapur² sppg, jgn langsung demi ke atas, krn yg bobrok tuh yg dibawahnya duluan , dapur mbg bnyak yg brengsek","coba sih para mahasiswa sidak tuh dapur2 sppg, jgn langsung demi ke atas, krn yg bobrok tuh yg dibawahnya duluan , dapur mbg bnyak yg brengsek","MBG Pakai Uang Rakyat, Mengapa Tega Meracuni Anak-Anak Kami?",Watchdoc Documentary,2026-09-18T12:08:15Z,negative,AI-assisted semantic labeling
9305,"INI PRESIDEN MA MENTERI NYA PADA TULI DAN BUTA KALI YA,UDAH BANYAK KASUS MBG MASIH AJA DI LANJUT","ini presiden ma menteri nya pada tuli dan buta kali ya,udah banyak kasus mbg masih aja di lanjut","MBG Pakai Uang Rakyat, Mengapa Tega Meracuni Anak-Anak Kami?",Watchdoc Documentary,2026-09-18T12:05:22Z,neutral,AI-assisted semantic labeling
9309,SPPG yg masak hrs bertanggung jawab  dituntut aja bu...,sppg yg masak hrs bertanggung jawab dituntut aja bu..,"MBG Pakai Uang Rakyat, Mengapa Tega Meracuni Anak-Anak Kami?",Watchdoc Documentary,2026-09-18T11:59:27Z,negative,AI-assisted semantic labeling
9310,Astagfirullah ya Allah... 😢😢,astagfirullah ya allah.. 😢😢,"MBG Pakai Uang Rakyat, Mengapa Tega Meracuni Anak-Anak Kami?",Watchdoc Documentary,2026-09-18T11:57:10Z,neutral,AI-assisted semantic labeling
9319,Dengar gk y itu pk  prabowo keluhan Rakyatnya,dengar gk y itu pk prabowo keluhan rakyatnya,"MBG Pakai Uang Rakyat, Mengapa Tega Meracuni Anak-Anak Kami?",Watchdoc Documentary,2026-09-18T11:43:28Z,neutral,AI-assisted semantic labeling
9322,Ini gk bisa di biarkan secepatnya di prosesss,ini gk bisa di biarkan secepatnya di prosess,"MBG Pakai Uang Rakyat, Mengapa Tega Meracuni Anak-Anak Kami?",Watchdoc Documentary,2026-09-18T11:37:46Z,neutral,AI-assisted semantic labeling
9345,Korupsi besar ada di MBG makanya susah untuk di hentikan MBG ini,korupsi besar ada di mbg makanya susah untuk di hentikan mbg ini,"MBG Pakai Uang Rakyat, Mengapa Tega Meracuni Anak-Anak Kami?",Watchdoc Documentary,2026-09-18T10:33:52Z,negative,AI-assisted semantic labeling
9348,Mari kita para orang tua melarang anak2 kita mengkomsumsi MBG,mari kita para orang tua melarang anak2 kita mengkomsumsi mbg,"MBG Pakai Uang Rakyat, Mengapa Tega Meracuni Anak-Anak Kami?",Watchdoc Documentary,2026-09-18T10:25:15Z,neutral,AI-assisted semantic labeling
9353,"Sepertinya memang generasi penerus bangsa sedang di genosida agar tak ada lagi generasi penerus bangsa ini.., astaghfirullah.,..apakah ini masih INDONESIA ku....😭😭😭😭😭😭","sepertinya memang generasi penerus bangsa sedang di genosida agar tak ada lagi generasi penerus bangsa ini.., astaghfirullah.,..apakah ini masih indonesia ku..😭😭","MBG Pakai Uang Rakyat, Mengapa Tega Meracuni Anak-Anak Kami?",Watchdoc Documentary,2026-09-18T10:19:10Z,neutral,AI-assisted semantic labeling
9359,Gunjang ganjing negara. Ga bisa ngurus bajungan  semua,gunjang ganjing negara. ga bisa ngurus bajungan semua,"MBG Pakai Uang Rakyat, Mengapa Tega Meracuni Anak-Anak Kami?",Watchdoc Documentary,2026-09-18T10:10:53Z,neutral,AI-assisted semantic labeling
9369,Cucuq bw bekal sndr,cucuq bw bekal sndr,"MBG Pakai Uang Rakyat, Mengapa Tega Meracuni Anak-Anak Kami?",Watchdoc Documentary,2026-09-18T09:52:48Z,neutral,AI-assisted semantic labeling
9373,Tanggung jawab presiden tu,tanggung jawab presiden tu,"MBG Pakai Uang Rakyat, Mengapa Tega Meracuni Anak-Anak Kami?",Watchdoc Documentary,2026-09-18T09:43:16Z,neutral,AI-assisted semantic labeling
9395,"BATU BANGET PEMERINTAH YA....
Padahal tinggal tutup aja sih MBG",batu banget pemerintah ya.. padahal tinggal tutup aja sih mbg,"MBG Pakai Uang Rakyat, Mengapa Tega Meracuni Anak-Anak Kami?",Watchdoc Documentary,2026-09-18T09:20:53Z,neutral,AI-assisted semantic labeling
9415,"Wis to Pak presiden hentikan MBG dan alihkan dana itu untuk memperbaiki sistem pendidikan,gaji guru honorer yg layak dan perbaiki sistem BPJS . Hentikan MBG","wis to pak presiden hentikan mbg dan alihkan dana itu untuk memperbaiki sistem pendidikan,gaji guru honorer yg layak dan perbaiki sistem bpjs . hentikan mbg","MBG Pakai Uang Rakyat, Mengapa Tega Meracuni Anak-Anak Kami?",Watchdoc Documentary,2026-09-18T08:53:18Z,negative,AI-assisted semantic labeling
9427,Stop MBG,stop mbg,"MBG Pakai Uang Rakyat, Mengapa Tega Meracuni Anak-Anak Kami?",Watchdoc Documentary,2026-09-18T08:41:38Z,negative,AI-assisted semantic labeling
9429,"TUTUP MBG.. SELURUH INDONESIA,
 LEBIH BAIK DAN BERMANFAAT SALURKAN UANG KONTAN KPD ORG2 MISKIN, ORG GK MAMPU, DARI PADA MBG YG MEMBAHAYAKAN MURID, KRN TDK BISA DIJAMIN KESEHATANNYA MAKAN YG SEBEGITU BANYAK.","tutup mbg.. seluruh indonesia, lebih baik dan bermanfaat salurkan uang kontan kpd org2 miskin, org gk mampu, dari pada mbg yg membahayakan murid, krn tdk bisa dijamin kesehatannya makan yg sebegitu banyak.","MBG Pakai Uang Rakyat, Mengapa Tega Meracuni Anak-Anak Kami?",Watchdoc Documentary,2026-09-18T08:39:32Z,negative,AI-assisted semantic labeling
9446,"PARA ORANG TUA JUGA HARUS TEGAS MENOLAK ANAK UTK MAKAN MBG ,IBU HARUS JAGA ANAK NYA JGN PERCAYA KEPADA PENAJABAT YG ANAK KETURUNAN PKI.","para orang tua juga harus tegas menolak anak utk makan mbg ,ibu harus jaga anak nya jgn percaya kepada penajabat yg anak keturunan pki.","MBG Pakai Uang Rakyat, Mengapa Tega Meracuni Anak-Anak Kami?",Watchdoc Documentary,2026-09-18T08:20:09Z,neutral,AI-assisted semantic labeling
9447,Masakan mbg dikasih pas makan di rapat2 dpr aja sekalian pejabat semua. Kan gak percaya kalo masakan racun?,masakan mbg dikasih pas makan di rapat2 dpr aja sekalian pejabat semua. kan gak percaya kalo masakan racun?,"MBG Pakai Uang Rakyat, Mengapa Tega Meracuni Anak-Anak Kami?",Watchdoc Documentary,2026-09-18T08:18:41Z,negative,AI-assisted semantic labeling
9451,"Boro boro bergizi, yang ada malah keracunan yang mengakibatkan ginjal rusak","boro boro bergizi, yang ada malah keracunan yang mengakibatkan ginjal rusak","MBG Pakai Uang Rakyat, Mengapa Tega Meracuni Anak-Anak Kami?",Watchdoc Documentary,2026-09-18T08:16:13Z,negative,AI-assisted semantic labeling
9453,Udah tau program gagal malah di terusin emang bangsat emang,udah tau program gagal malah di terusin emang bangsat emang,"MBG Pakai Uang Rakyat, Mengapa Tega Meracuni Anak-Anak Kami?",Watchdoc Documentary,2026-09-18T08:15:02Z,negative,AI-assisted semantic labeling
9454,Hapus mbg g jls,hapus mbg g jls,"MBG Pakai Uang Rakyat, Mengapa Tega Meracuni Anak-Anak Kami?",Watchdoc Documentary,2026-09-18T08:14:32Z,neutral,AI-assisted semantic labeling
9457,"Sudah... sudah... gak usah dimakan mbg ntar klo ada apa² mereka gak mau bertanggung jawab semua pada cuci tangan, klo sudah gini siapa yg rugi","sudah.. sudah.. gak usah dimakan mbg ntar klo ada apa2 mereka gak mau bertanggung jawab semua pada cuci tangan, klo sudah gini siapa yg rugi","MBG Pakai Uang Rakyat, Mengapa Tega Meracuni Anak-Anak Kami?",Watchdoc Documentary,2026-09-18T08:12:34Z,negative,AI-assisted semantic labeling
9463,Apakah mau pemusnahan manusia😮,apakah mau pemusnahan manusia😮,"MBG Pakai Uang Rakyat, Mengapa Tega Meracuni Anak-Anak Kami?",Watchdoc Documentary,2026-09-18T08:09:12Z,neutral,AI-assisted semantic labeling
9466,"GK masuk akal jika MBG berani meracuni Anak Indonesia, knpa seluruh pekerja MBG nya GK di tangkap dan di proses...? 
Gua yakin ini pasti hanya berita hoax(politik), yg menginginkan pak Prabowo lengser...!","gk masuk akal jika mbg berani meracuni anak indonesia, knpa seluruh pekerja mbg nya gk di tangkap dan di proses..? gua yakin ini pasti hanya berita hoax(politik), yg menginginkan pak prabowo lengser..!","MBG Pakai Uang Rakyat, Mengapa Tega Meracuni Anak-Anak Kami?",Watchdoc Documentary,2026-09-18T08:07:41Z,negative,AI-assisted semantic labeling
9480,"Mau d musnahkan kali generasi yg akan datang dengan cara ngasih mkn gratis ..sungguh miris negara ini...kenapa gak ada tindakan pemeriksaan ke dapur"" mbg 😢😢","mau d musnahkan kali generasi yg akan datang dengan cara ngasih mkn gratis ..sungguh miris negara ini..kenapa gak ada tindakan pemeriksaan ke dapur"" mbg 😢😢","MBG Pakai Uang Rakyat, Mengapa Tega Meracuni Anak-Anak Kami?",Watchdoc Documentary,2026-09-18T07:59:25Z,negative,AI-assisted semantic labeling
9483,"Karna pak purbaya menolak MBG yg spt ini,alhasil d lengserkan dr jabatannya...pejabat² bejat negri ini wajib bertanggungjawab atas dosa² kalian. Saya tdk ridho uang rakyat disalahgunakan dan dikorupsi. Berilah azab kpd pejabat dzolim d negri ini ya Allah karna sdh tdk bisa d tegur oleh sesama manusia","karna pak purbaya menolak mbg yg spt ini,alhasil d lengserkan dr jabatannya..pejabat2 bejat negri ini wajib bertanggungjawab atas dosa2 kalian. saya tdk ridho uang rakyat disalahgunakan dan dikorupsi. berilah azab kpd pejabat dzolim d negri ini ya allah karna sdh tdk bisa d tegur oleh sesama manusia","MBG Pakai Uang Rakyat, Mengapa Tega Meracuni Anak-Anak Kami?",Watchdoc Documentary,2026-09-18T07:56:52Z,negative,AI-assisted semantic labeling
9496,"Sudah jgn boleh dimakan. 
Ngeriiih",sudah jgn boleh dimakan. ngeriih,"MBG Pakai Uang Rakyat, Mengapa Tega Meracuni Anak-Anak Kami?",Watchdoc Documentary,2026-09-18T07:49:58Z,neutral,AI-assisted semantic labeling
9498,Sudah ratakan saja sama dengan tanah,sudah ratakan saja sama dengan tanah,"MBG Pakai Uang Rakyat, Mengapa Tega Meracuni Anak-Anak Kami?",Watchdoc Documentary,2026-09-18T07:49:41Z,neutral,AI-assisted semantic labeling
9501,"Programnya bagus tapi mutu dan pengawasan kesehatan  ga terjamin sehat sampe ke siswa siswi, makanya banyak keracunan","programnya bagus tapi mutu dan pengawasan kesehatan ga terjamin sehat sampe ke siswa siswi, makanya banyak keracunan","MBG Pakai Uang Rakyat, Mengapa Tega Meracuni Anak-Anak Kami?",Watchdoc Documentary,2026-09-18T07:49:25Z,negative,AI-assisted semantic labeling
9503,Apa bisa kejadian massal ini dibawa ke PBB  ?,apa bisa kejadian massal ini dibawa ke pbb ?,"MBG Pakai Uang Rakyat, Mengapa Tega Meracuni Anak-Anak Kami?",Watchdoc Documentary,2026-09-18T07:49:08Z,neutral,AI-assisted semantic labeling
9506,"Berarti MBG sengaja di campur racun, sebaiknya jgn di mkn wahai rakyat Indonesia.","berarti mbg sengaja di campur racun, sebaiknya jgn di mkn wahai rakyat indonesia.","MBG Pakai Uang Rakyat, Mengapa Tega Meracuni Anak-Anak Kami?",Watchdoc Documentary,2026-09-18T07:47:34Z,negative,AI-assisted semantic labeling
9510,"Kalau cuma mau ngeracuni ank""tutup aja mbg","kalau cuma mau ngeracuni ank""tutup aja mbg","MBG Pakai Uang Rakyat, Mengapa Tega Meracuni Anak-Anak Kami?",Watchdoc Documentary,2026-09-18T07:44:22Z,negative,AI-assisted semantic labeling
9514,"Yang aneh nya..sekelas warteg dan warung makan kecil tanpa pengawasan ahli gizi..masak pagi di makan malam saja ga ada yg keracunan..
Lha ini di awasi ahli gizi kok sering banget denger kasus keracunan dan yg di salahkan pihak lain 😥🙏🙏",yang aneh nya..sekelas warteg dan warung makan kecil tanpa pengawasan ahli gizi..masak pagi di makan malam saja ga ada yg keracunan.. lha ini di awasi ahli gizi kok sering banget denger kasus keracunan dan yg di salahkan pihak lain 😥🙏🙏,"MBG Pakai Uang Rakyat, Mengapa Tega Meracuni Anak-Anak Kami?",Watchdoc Documentary,2026-09-18T07:43:17Z,negative,AI-assisted semantic labeling
9522,"Harus bertanggung jawab pihak sppg setempat, jgn enak nya aja Nerima uang setiap dua Minggu sekali dengan jumlah yg cukup besar nominal nya..","harus bertanggung jawab pihak sppg setempat, jgn enak nya aja nerima uang setiap dua minggu sekali dengan jumlah yg cukup besar nominal nya..","MBG Pakai Uang Rakyat, Mengapa Tega Meracuni Anak-Anak Kami?",Watchdoc Documentary,2026-09-18T07:39:13Z,neutral,AI-assisted semantic labeling
9533,"Ttp aja dipilih..
Dikasih tau jgn dipilih..ttp dipilih..
Ini memang soal lain..tp sebenarnya sdh jelas mereka yg minta jabatan pasti ada udang dibalik keinginannya",ttp aja dipilih.. dikasih tau jgn dipilih..ttp dipilih.. ini memang soal lain..tp sebenarnya sdh jelas mereka yg minta jabatan pasti ada udang dibalik keinginannya,"MBG Pakai Uang Rakyat, Mengapa Tega Meracuni Anak-Anak Kami?",Watchdoc Documentary,2026-09-18T07:35:29Z,neutral,AI-assisted semantic labeling
9555,"Wo bowo.iki acaramu wo.nyingkrio ae wo,ngruweti negoro ae","wo bowo.iki acaramu wo.nyingkrio ae wo,ngruweti negoro ae","MBG Pakai Uang Rakyat, Mengapa Tega Meracuni Anak-Anak Kami?",Watchdoc Documentary,2026-09-18T07:28:29Z,negative,AI-assisted semantic labeling
9556,Bagus suarakan trus,bagus suarakan trus,"MBG Pakai Uang Rakyat, Mengapa Tega Meracuni Anak-Anak Kami?",Watchdoc Documentary,2026-09-18T07:27:57Z,neutral,AI-assisted semantic labeling
9563,Ponakanku juga keracunan kemaren gara2 MBG  udh 4 HR g masuk sekolah total korban udh ada 6 org tp gada tanggapan apa2 dr sekolah,ponakanku juga keracunan kemaren gara2 mbg udh 4 hr g masuk sekolah total korban udh ada 6 org tp gada tanggapan apa2 dr sekolah,"MBG Pakai Uang Rakyat, Mengapa Tega Meracuni Anak-Anak Kami?",Watchdoc Documentary,2026-09-18T07:24:59Z,negative,AI-assisted semantic labeling
9566,"Wo,,prabowo,,,loe lihat nih rakyat yg keracunan karna makan MBG yg menjadi program sesat anda...
Anda sdh gagal jadi pemimpin negeri ini...Mundur kau lebih baik...!!!","wo,,prabowo,,loe lihat nih rakyat yg keracunan karna makan mbg yg menjadi program sesat anda.. anda sdh gagal jadi pemimpin negeri ini..mundur kau lebih baik..!!","MBG Pakai Uang Rakyat, Mengapa Tega Meracuni Anak-Anak Kami?",Watchdoc Documentary,2026-09-18T07:24:14Z,negative,AI-assisted semantic labeling
9569,"Prediksiku.makan bgs tapi memang sengaja di ksh racun.why?karna pembagian hasil k untungannya tidak rata.ini yg jahat pengelolanya ini.daerah mn yg knk,datangi pengelolahnya.hakimi atau hkm rimba.","prediksiku.makan bgs tapi memang sengaja di ksh racun.why?karna pembagian hasil k untungannya tidak rata.ini yg jahat pengelolanya ini.daerah mn yg knk,datangi pengelolahnya.hakimi atau hkm rimba.","MBG Pakai Uang Rakyat, Mengapa Tega Meracuni Anak-Anak Kami?",Watchdoc Documentary,2026-09-18T07:23:46Z,negative,AI-assisted semantic labeling
9578,Sudahlah tutup semua MBG yg ada di Indonesia karena bisa membunuh banyak generasi generasi bangsa bahaya itu .tutup saja bisnis MBG itu .,sudahlah tutup semua mbg yg ada di indonesia karena bisa membunuh banyak generasi generasi bangsa bahaya itu .tutup saja bisnis mbg itu .,"MBG Pakai Uang Rakyat, Mengapa Tega Meracuni Anak-Anak Kami?",Watchdoc Documentary,2026-09-18T07:18:04Z,negative,AI-assisted semantic labeling
9579,"Sdh waktu nya kita bikin gerakan untuk NEPALKAN pemerintah-dpr. Kami sangat menanti org2 yg pemberani untuk memobilisasi kami, ayolah org2 cerdas, pintar dan pemberani pimpin kami untuk NEPALKAN IBLIS2 DI PEMERINTAHAN dan DPR 😞😞😞😞😞😞😞😞","sdh waktu nya kita bikin gerakan untuk nepalkan pemerintah-dpr. kami sangat menanti org2 yg pemberani untuk memobilisasi kami, ayolah org2 cerdas, pintar dan pemberani pimpin kami untuk nepalkan iblis2 di pemerintahan dan dpr 😞😞","MBG Pakai Uang Rakyat, Mengapa Tega Meracuni Anak-Anak Kami?",Watchdoc Documentary,2026-09-18T07:17:26Z,neutral,AI-assisted semantic labeling
9583,Sebaiknya klu DTG GK usah di mkn bawa bekal sendiri aja,sebaiknya klu dtg gk usah di mkn bawa bekal sendiri aja,"MBG Pakai Uang Rakyat, Mengapa Tega Meracuni Anak-Anak Kami?",Watchdoc Documentary,2026-09-18T07:16:57Z,neutral,AI-assisted semantic labeling
9585,Lihat nanti balasan dari kuasa Sang Tuhan...,lihat nanti balasan dari kuasa sang tuhan..,"MBG Pakai Uang Rakyat, Mengapa Tega Meracuni Anak-Anak Kami?",Watchdoc Documentary,2026-09-18T07:16:18Z,neutral,AI-assisted semantic labeling
9590,Gila anak anak dikorbankan demi Politik,gila anak anak dikorbankan demi politik,"MBG Pakai Uang Rakyat, Mengapa Tega Meracuni Anak-Anak Kami?",Watchdoc Documentary,2026-09-18T07:15:10Z,negative,AI-assisted semantic labeling
9604,Namanya juga MBG...Makan Beracun Gratis,namanya juga mbg..makan beracun gratis,"MBG Pakai Uang Rakyat, Mengapa Tega Meracuni Anak-Anak Kami?",Watchdoc Documentary,2026-09-18T07:09:11Z,negative,AI-assisted semantic labeling
9616,Gimana ni pak presiden nunggu brp banyak lagi pak,gimana ni pak presiden nunggu brp banyak lagi pak,"MBG Pakai Uang Rakyat, Mengapa Tega Meracuni Anak-Anak Kami?",Watchdoc Documentary,2026-09-18T07:05:18Z,neutral,AI-assisted semantic labeling
9626,Kesengajaan membunuh generasi muda lebih parah dr pada terloris ituh,kesengajaan membunuh generasi muda lebih parah dr pada terloris ituh,"MBG Pakai Uang Rakyat, Mengapa Tega Meracuni Anak-Anak Kami?",Watchdoc Documentary,2026-09-18T07:01:57Z,negative,AI-assisted semantic labeling
9641,"Gile, mengerikan","gile, mengerikan",Kroni Prabowo dalam Proyek Makan Bergizi Gratis (MBG) |  Bocor Alus Politik,Tempodotco,2026-07-30T15:08:51Z,negative,AI-assisted semantic labeling
9654,Emang klo yg lagi viral di Jatim orang2 PDIP emang pendukung Prabowo lolllllllllll,emang klo yg lagi viral di jatim orang2 pdip emang pendukung prabowo loll,Kroni Prabowo dalam Proyek Makan Bergizi Gratis (MBG) |  Bocor Alus Politik,Tempodotco,2026-07-06T02:17:20Z,neutral,AI-assisted semantic labeling
9656,"Gratis !!! Gratis !!! Gratiiiiis
Rakyat yang bayar itu bukan uang Prabowo
Brenti ngomong makan gratis !!!!!!!!!!!!!!!!!",gratis !! gratis !! gratiis rakyat yang bayar itu bukan uang prabowo brenti ngomong makan gratis !!,Kroni Prabowo dalam Proyek Makan Bergizi Gratis (MBG) |  Bocor Alus Politik,Tempodotco,2026-07-03T12:55:19Z,neutral,AI-assisted semantic labeling
9661,"Susah kalau nggak ada revolusi sistem, dimulai dr KEMBALI KE UUD 1945 PROKLAMASI DAN PANCASILA. Laksanakan secara murni dan konsekwen. Baru kembali ke TRISAKTI! Baru Indonesia akan berhasil. Udah terlalu keruh!","susah kalau nggak ada revolusi sistem, dimulai dr kembali ke uud 1945 proklamasi dan pancasila. laksanakan secara murni dan konsekwen. baru kembali ke trisakti! baru indonesia akan berhasil. udah terlalu keruh!",Kroni Prabowo dalam Proyek Makan Bergizi Gratis (MBG) |  Bocor Alus Politik,Tempodotco,2026-07-01T06:13:28Z,neutral,AI-assisted semantic labeling
9670,"Klo mmg Bpk Presiden yg Terhormat bisa kerja, bisa evaluasi, bisa mimpin, bisa mikir, bisa jujur, PASTI BERENTI program MBG.","klo mmg bpk presiden yg terhormat bisa kerja, bisa evaluasi, bisa mimpin, bisa mikir, bisa jujur, pasti berenti program mbg.",Kroni Prabowo dalam Proyek Makan Bergizi Gratis (MBG) |  Bocor Alus Politik,Tempodotco,2026-06-24T17:57:43Z,neutral,AI-assisted semantic labeling
9675,"Sebenernya sangat mudah loh ... Silahkan pemerintah mana saja buat project besar buat vis misi nya .. cukup buat pencegahan dalam pelaksanaan nya , dengan membuat tegas hukum mati buat koruptor, jika UUD Hukum Mati sudah jelas dan bisa di laksanakan, silahkan buat project besar dengan catatan klw ada korupsi sedikitpun , yg punya ide gagasan,dpr yg mengesahkan dan pelaku koruptor lgsg hukum mati !!!","sebenernya sangat mudah loh .. silahkan pemerintah mana saja buat project besar buat vis misi nya .. cukup buat pencegahan dalam pelaksanaan nya , dengan membuat tegas hukum mati buat koruptor, jika uud hukum mati sudah jelas dan bisa di laksanakan, silahkan buat project besar dengan catatan klw ada korupsi sedikitpun , yg punya ide gagasan,dpr yg mengesahkan dan pelaku koruptor lgsg hukum mati !!",Kroni Prabowo dalam Proyek Makan Bergizi Gratis (MBG) |  Bocor Alus Politik,Tempodotco,2026-06-22T07:20:04Z,negative,AI-assisted semantic labeling
9686,Bahas dong SPPG Polri yang sampek 1300an dan TNI yang 300an,bahas dong sppg polri yang sampek 1300an dan tni yang 300an,Kroni Prabowo dalam Proyek Makan Bergizi Gratis (MBG) |  Bocor Alus Politik,Tempodotco,2026-06-18T07:04:03Z,neutral,AI-assisted semantic labeling
9690,"Percayalah masih banyak warung nasi padang, warteg ataupun kantin sekolah yg bisa diberdayakan setiap harinya...","percayalah masih banyak warung nasi padang, warteg ataupun kantin sekolah yg bisa diberdayakan setiap harinya..",Kroni Prabowo dalam Proyek Makan Bergizi Gratis (MBG) |  Bocor Alus Politik,Tempodotco,2026-06-14T10:51:11Z,neutral,AI-assisted semantic labeling
9694,MBG ( MAKAN BERSAMA GARONG ) GITU AJA KOK REPOT .,mbg ( makan bersama garong ) gitu aja kok repot .,Kroni Prabowo dalam Proyek Makan Bergizi Gratis (MBG) |  Bocor Alus Politik,Tempodotco,2026-06-10T14:40:41Z,neutral,AI-assisted semantic labeling
9697,"TEMPO SELALU ANGKAT KEJELEKAN  NEGARA.
DIA DI BIAYAI ASING BUAT TERUS BIKIN JATUH NEGARA.
KALO ADA KESALAHAN KORUPSI DIANYA AJA YG DI SOROT",tempo selalu angkat kejelekan negara. dia di biayai asing buat terus bikin jatuh negara. kalo ada kesalahan korupsi dianya aja yg di sorot,Kroni Prabowo dalam Proyek Makan Bergizi Gratis (MBG) |  Bocor Alus Politik,Tempodotco,2026-06-10T00:01:08Z,negative,AI-assisted semantic labeling
9698,Saya lebih setuju dilakukan pemilu ulang aja...biar calon2 presiden baru berkualitas..bisa terpilih. Tidak untuk sekarang sebaiknya mundur atau di mundurkan jadi pemimpin,saya lebih setuju dilakukan pemilu ulang aja..biar calon2 presiden baru berkualitas..bisa terpilih. tidak untuk sekarang sebaiknya mundur atau di mundurkan jadi pemimpin,Kroni Prabowo dalam Proyek Makan Bergizi Gratis (MBG) |  Bocor Alus Politik,Tempodotco,2026-06-09T18:07:33Z,neutral,AI-assisted semantic labeling
9701,"MBG harus di evaluasi total.. agar APBN tidak jadi bancakan, tapi anak² bisa tetap dapat manfaat dari program MBG tersebut.","mbg harus di evaluasi total.. agar apbn tidak jadi bancakan, tapi anak2 bisa tetap dapat manfaat dari program mbg tersebut.",Kroni Prabowo dalam Proyek Makan Bergizi Gratis (MBG) |  Bocor Alus Politik,Tempodotco,2026-06-08T18:15:25Z,neutral,AI-assisted semantic labeling
9703,"YG HADIR KESINI KARENA RG, KOMEN YA!","yg hadir kesini karena rg, komen ya!",Kroni Prabowo dalam Proyek Makan Bergizi Gratis (MBG) |  Bocor Alus Politik,Tempodotco,2026-06-06T07:49:24Z,neutral,AI-assisted semantic labeling
9707,Tahun 1998 Indonesia tidak butuh reformasi tapi perlu revolusi,tahun 1998 indonesia tidak butuh reformasi tapi perlu revolusi,Kroni Prabowo dalam Proyek Makan Bergizi Gratis (MBG) |  Bocor Alus Politik,Tempodotco,2026-06-03T18:14:25Z,neutral,AI-assisted semantic labeling
9717,Yg ku lihat sendiri byk orang tua nya membawakan bekal dari rumah masakan ibu nya meskipun ada mbg paling mbg di berikan ke makanan lele ayam di buang ke empang jika tidak enak 😂😂😂😂😂,yg ku lihat sendiri byk orang tua nya membawakan bekal dari rumah masakan ibu nya meskipun ada mbg paling mbg di berikan ke makanan lele ayam di buang ke empang jika tidak enak 😂😂,Kroni Prabowo dalam Proyek Makan Bergizi Gratis (MBG) |  Bocor Alus Politik,Tempodotco,2026-05-24T07:48:40Z,negative,AI-assisted semantic labeling
9719,MBG ganti dengan blt biar ekonomi rakyat Indonesia berjalan dengan lancar dan baik biar ngurangi kriminal maaf ini mah hanya saran pak,mbg ganti dengan blt biar ekonomi rakyat indonesia berjalan dengan lancar dan baik biar ngurangi kriminal maaf ini mah hanya saran pak,Kroni Prabowo dalam Proyek Makan Bergizi Gratis (MBG) |  Bocor Alus Politik,Tempodotco,2026-05-21T16:02:48Z,neutral,AI-assisted semantic labeling
9727,Itu mungkin yg disebut Penciptaan Lapangan Kerja ( untuk kroni dan pendukung). Namun dinyalirjuga membuka  Ladang Korupsi.,itu mungkin yg disebut penciptaan lapangan kerja ( untuk kroni dan pendukung). namun dinyalirjuga membuka ladang korupsi.,Kroni Prabowo dalam Proyek Makan Bergizi Gratis (MBG) |  Bocor Alus Politik,Tempodotco,2026-05-15T03:08:18Z,negative,AI-assisted semantic labeling
9738,Proyek bagi bagi jatah' timses Wowo.,proyek bagi bagi jatah' timses wowo.,Kroni Prabowo dalam Proyek Makan Bergizi Gratis (MBG) |  Bocor Alus Politik,Tempodotco,2026-05-11T00:06:17Z,neutral,AI-assisted semantic labeling
9751,"Kok GK malu to program GK jls ugal""LAN tnpa kopromi kau pikir negara milik pribadi","kok gk malu to program gk jls ugal""lan tnpa kopromi kau pikir negara milik pribadi",Kroni Prabowo dalam Proyek Makan Bergizi Gratis (MBG) |  Bocor Alus Politik,Tempodotco,2026-05-08T02:03:22Z,neutral,AI-assisted semantic labeling
9767,Bukanprogam mbgproyekmbg buatkakitangan praboworayat dipakealat yangmakanduit mbgmanusiaprabowobejabatnya,bukanprogam mbgproyekmbg buatkakitangan praboworayat dipakealat yangmakanduit mbgmanusiaprabowobejabatnya,Kroni Prabowo dalam Proyek Makan Bergizi Gratis (MBG) |  Bocor Alus Politik,Tempodotco,2026-05-03T16:36:44Z,neutral,AI-assisted semantic labeling
9770,"MBG  tidak ada mangpaatna....
Eweh guna na.... 
Mbg jangan sampai dihentikan 
Karna ayam sama bebek aku entar jadi baregang kurang gizi....he he he",mbg tidak ada mangpaatna.. eweh guna na.. mbg jangan sampai dihentikan karna ayam sama bebek aku entar jadi baregang kurang gizi..he he he,Kroni Prabowo dalam Proyek Makan Bergizi Gratis (MBG) |  Bocor Alus Politik,Tempodotco,2026-05-03T10:27:23Z,neutral,AI-assisted semantic labeling
9789,Program koropsi uang rakyat menjadi bancaan,program koropsi uang rakyat menjadi bancaan,Kroni Prabowo dalam Proyek Makan Bergizi Gratis (MBG) |  Bocor Alus Politik,Tempodotco,2026-04-24T07:26:56Z,neutral,AI-assisted semantic labeling
9805,"Pantesan sulit ditutup itu proyek, ternyata sebagian besar dlm lingkaran","pantesan sulit ditutup itu proyek, ternyata sebagian besar dlm lingkaran",Kroni Prabowo dalam Proyek Makan Bergizi Gratis (MBG) |  Bocor Alus Politik,Tempodotco,2026-04-17T18:03:55Z,neutral,AI-assisted semantic labeling
9815,Proyek ini wajib d selidiki..kalau skr emang susah karna ceo nya org no satu d konoha..,proyek ini wajib d selidiki..kalau skr emang susah karna ceo nya org no satu d konoha..,Kroni Prabowo dalam Proyek Makan Bergizi Gratis (MBG) |  Bocor Alus Politik,Tempodotco,2026-04-13T22:38:10Z,neutral,AI-assisted semantic labeling
9829,Semoga tempo makin jaya di udara dan di darat,semoga tempo makin jaya di udara dan di darat,Kroni Prabowo dalam Proyek Makan Bergizi Gratis (MBG) |  Bocor Alus Politik,Tempodotco,2026-04-07T02:05:40Z,neutral,AI-assisted semantic labeling
9840,Salut dengan keberanian Tempo ditengah tekanan pemerintah kepada pengkritik👍 Sadarkan terus rakyat Indonesia!,salut dengan keberanian tempo ditengah tekanan pemerintah kepada pengkritik👍 sadarkan terus rakyat indonesia!,Kroni Prabowo dalam Proyek Makan Bergizi Gratis (MBG) |  Bocor Alus Politik,Tempodotco,2026-04-01T04:24:46Z,neutral,AI-assisted semantic labeling
9844,"Menurut saya lebih baik  uang  Triliunan per tahun itu di gunakan untuk biaya Sekolah Gratis dari TK sampai  Perguruan Tinggi jadi  itu yang membuat anak Indonesia Cerdas ,  dan dengan penyakuran SPP sudah bisa di pastikan Nilai Dana setiap bulannya , dan di pastikan tidak ada yang putus sekolah karena  biaya ,  jadi MBG Harus di batalkan sebelum parah","menurut saya lebih baik uang triliunan per tahun itu di gunakan untuk biaya sekolah gratis dari tk sampai perguruan tinggi jadi itu yang membuat anak indonesia cerdas , dan dengan penyakuran spp sudah bisa di pastikan nilai dana setiap bulannya , dan di pastikan tidak ada yang putus sekolah karena biaya , jadi mbg harus di batalkan sebelum parah",Kroni Prabowo dalam Proyek Makan Bergizi Gratis (MBG) |  Bocor Alus Politik,Tempodotco,2026-03-30T10:44:35Z,negative,AI-assisted semantic labeling
9875,"Mbg membuat korupsi yang terkoordinir,klau ingin bantu rakyat turunkan pajak listrik yg bisa meringankan beban semua rakyat diseluruh lalangan","mbg membuat korupsi yang terkoordinir,klau ingin bantu rakyat turunkan pajak listrik yg bisa meringankan beban semua rakyat diseluruh lalangan",Kroni Prabowo dalam Proyek Makan Bergizi Gratis (MBG) |  Bocor Alus Politik,Tempodotco,2026-03-17T23:54:11Z,negative,AI-assisted semantic labeling
9878,Mbg.peluang.bagus.untuk.yg.senang.korupsi,mbg.peluang.bagus.untuk.yg.senang.korupsi,Kroni Prabowo dalam Proyek Makan Bergizi Gratis (MBG) |  Bocor Alus Politik,Tempodotco,2026-03-11T16:44:08Z,negative,AI-assisted semantic labeling
9885,"Di daerah kami, bukan anak sekolah yang sehat dan gemuk. Tapi Babi dan Ayam yang yang gemuk dan sehat karna makan makanan MBG yang sering Basi.","di daerah kami, bukan anak sekolah yang sehat dan gemuk. tapi babi dan ayam yang yang gemuk dan sehat karna makan makanan mbg yang sering basi.",Kroni Prabowo dalam Proyek Makan Bergizi Gratis (MBG) |  Bocor Alus Politik,Tempodotco,2026-03-05T07:26:35Z,negative,AI-assisted semantic labeling
9892,"ujung ujungnya ya di koruspsi,nyolong 1rb perakpun akan di ertanggung jawabkan apa lagi yang triliunan neraka menunggumu para koruptor","ujung ujungnya ya di koruspsi,nyolong 1rb perakpun akan di ertanggung jawabkan apa lagi yang triliunan neraka menunggumu para koruptor",Kroni Prabowo dalam Proyek Makan Bergizi Gratis (MBG) |  Bocor Alus Politik,Tempodotco,2026-03-02T22:45:54Z,neutral,AI-assisted semantic labeling
9896,"berapa anggaran yg sampai depan pintu dapur. 15.000 atau 12.000.. ???
fasilitatir 1,2,3,4.... 
berapa nett utk di masak?","berapa anggaran yg sampai depan pintu dapur. 15.00 atau 12.00.. ?? fasilitatir 1,2,3,4.. berapa nett utk di masak?",Kroni Prabowo dalam Proyek Makan Bergizi Gratis (MBG) |  Bocor Alus Politik,Tempodotco,2026-03-02T07:13:22Z,neutral,AI-assisted semantic labeling
9911,Bukan gratis itu uang pajak rakyat,bukan gratis itu uang pajak rakyat,Kroni Prabowo dalam Proyek Makan Bergizi Gratis (MBG) |  Bocor Alus Politik,Tempodotco,2026-02-28T22:35:41Z,neutral,AI-assisted semantic labeling
9912,MbG MAKAN BERKEDOK KORUPSI,mbg makan berkedok korupsi,Kroni Prabowo dalam Proyek Makan Bergizi Gratis (MBG) |  Bocor Alus Politik,Tempodotco,2026-02-28T22:35:15Z,negative,AI-assisted semantic labeling
9917,"Percuma dilibatkan KPK ,,TDK efektip dlm penindakan ,penyelidikan korupsi ...SM sj Emon emon😊","percuma dilibatkan kpk ,,tdk efektip dlm penindakan ,penyelidikan korupsi ..sm sj emon emon😊",Kroni Prabowo dalam Proyek Makan Bergizi Gratis (MBG) |  Bocor Alus Politik,Tempodotco,2026-02-28T09:30:04Z,negative,AI-assisted semantic labeling
9923,MBG INDAH DI PENGUASA SENGSARA DI MASYRAKAT,mbg indah di penguasa sengsara di masyrakat,Kroni Prabowo dalam Proyek Makan Bergizi Gratis (MBG) |  Bocor Alus Politik,Tempodotco,2026-02-27T16:20:50Z,neutral,AI-assisted semantic labeling
9940,"Dengan alasan apapun, tetap rakyat akan tau. Kenapa selalu menganggap rakyat itu bodoh dan tidak paham trik2 busuk kalian ???? Semua ujung2nya KKN
....","dengan alasan apapun, tetap rakyat akan tau. kenapa selalu menganggap rakyat itu bodoh dan tidak paham trik2 busuk kalian ?? semua ujung2nya kkn ..",Kroni Prabowo dalam Proyek Makan Bergizi Gratis (MBG) |  Bocor Alus Politik,Tempodotco,2026-02-26T04:18:05Z,negative,AI-assisted semantic labeling
9949,MBG bantu orang tua sehingga tidak perlu pusing memikirkan bekal anaknya!,mbg bantu orang tua sehingga tidak perlu pusing memikirkan bekal anaknya!,Kroni Prabowo dalam Proyek Makan Bergizi Gratis (MBG) |  Bocor Alus Politik,Tempodotco,2026-02-26T03:37:58Z,neutral,AI-assisted semantic labeling
9950,Proyek MBG sudah sukses meningkatkan gizi anak sekolah!,proyek mbg sudah sukses meningkatkan gizi anak sekolah!,Kroni Prabowo dalam Proyek Makan Bergizi Gratis (MBG) |  Bocor Alus Politik,Tempodotco,2026-02-26T03:37:16Z,neutral,AI-assisted semantic labeling
9962,"Polisi ,Tentara semua ke bagian  mengurus MBG pertanyaan sekarang apakah kedua instansi SDH ga punya kerjaan ,sampe sampe ikut dilibatkan Korupsi berjemaah","polisi ,tentara semua ke bagian mengurus mbg pertanyaan sekarang apakah kedua instansi sdh ga punya kerjaan ,sampe sampe ikut dilibatkan korupsi berjemaah",Kroni Prabowo dalam Proyek Makan Bergizi Gratis (MBG) |  Bocor Alus Politik,Tempodotco,2026-02-25T20:22:05Z,negative,AI-assisted semantic labeling
9981,Proyek korup bergizi.,proyek korup bergizi.,Kroni Prabowo dalam Proyek Makan Bergizi Gratis (MBG) |  Bocor Alus Politik,Tempodotco,2026-02-23T08:17:30Z,neutral,AI-assisted semantic labeling
9983,supaya tak klihatan korupsi demi mensejahterakan pendukung...luar binasa,supaya tak klihatan korupsi demi mensejahterakan pendukung..luar binasa,Kroni Prabowo dalam Proyek Makan Bergizi Gratis (MBG) |  Bocor Alus Politik,Tempodotco,2026-02-22T20:11:55Z,negative,AI-assisted semantic labeling
9990,Tambang baru lewat seporsi mbg,tambang baru lewat seporsi mbg,Kroni Prabowo dalam Proyek Makan Bergizi Gratis (MBG) |  Bocor Alus Politik,Tempodotco,2026-02-19T21:47:16Z,neutral,AI-assisted semantic labeling
9993,MBG cukup di berikan Roti Buah Telur Susu saja biar GK ribet dan mubazir,mbg cukup di berikan roti buah telur susu saja biar gk ribet dan mubazir,Kroni Prabowo dalam Proyek Makan Bergizi Gratis (MBG) |  Bocor Alus Politik,Tempodotco,2026-02-18T23:08:26Z,neutral,AI-assisted semantic labeling
9994,Kami sedih karena harus memecat 6 karyawan kantin,kami sedih karena harus memecat 6 karyawan kantin,Kroni Prabowo dalam Proyek Makan Bergizi Gratis (MBG) |  Bocor Alus Politik,Tempodotco,2026-02-18T19:06:51Z,neutral,AI-assisted semantic labeling
10011,Saya bertemu langsung ketemu pelaku MBGAnggaran 15.0000.tapi sampai di dapur 10.0000.Pelaku ngmbil 2000 tinggal 8000.aoakah ini bergizi,saya bertemu langsung ketemu pelaku mbganggaran 15.00.tapi sampai di dapur 10.00.pelaku ngmbil 200 tinggal 800.aoakah ini bergizi,Kroni Prabowo dalam Proyek Makan Bergizi Gratis (MBG) |  Bocor Alus Politik,Tempodotco,2026-02-16T04:57:00Z,neutral,AI-assisted semantic labeling
10013,"Bertahun tahun membayangkan, betapa senangnya menjadi  presiden, banyak orang yang menyanjung  menghormat, eeeeeeh setelah jadipresiden beneran banyak yang hujat  , nasib nasib","bertahun tahun membayangkan, betapa senangnya menjadi presiden, banyak orang yang menyanjung menghormat, eeh setelah jadipresiden beneran banyak yang hujat , nasib nasib",Kroni Prabowo dalam Proyek Makan Bergizi Gratis (MBG) |  Bocor Alus Politik,Tempodotco,2026-02-16T02:31:26Z,neutral,AI-assisted semantic labeling
10019,Mirip kasus covid tidak bisa diaudit,mirip kasus covid tidak bisa diaudit,Kroni Prabowo dalam Proyek Makan Bergizi Gratis (MBG) |  Bocor Alus Politik,Tempodotco,2026-02-15T10:07:09Z,neutral,AI-assisted semantic labeling
10054,"MBG itu kampanye prabowo pakai uang negara kita utk 2029. Dgn ad ny program MBG bakal mengikat pemilih agar memilih prabowo 2029, ap kalian paham semua.","mbg itu kampanye prabowo pakai uang negara kita utk 2029. dgn ad ny program mbg bakal mengikat pemilih agar memilih prabowo 2029, ap kalian paham semua.",Kroni Prabowo dalam Proyek Makan Bergizi Gratis (MBG) |  Bocor Alus Politik,Tempodotco,2026-02-10T14:00:43Z,neutral,AI-assisted semantic labeling
10055,"Master of corruption, PROYEK MBG  ""penggunaan anggaran habis pakai""","master of corruption, proyek mbg ""penggunaan anggaran habis pakai""",Kroni Prabowo dalam Proyek Makan Bergizi Gratis (MBG) |  Bocor Alus Politik,Tempodotco,2026-02-10T13:16:58Z,neutral,AI-assisted semantic labeling
10064,Saya sangat mendukung Tempo yang sangat kritis tapi membangun untuk Bangsa Indonesia.,saya sangat mendukung tempo yang sangat kritis tapi membangun untuk bangsa indonesia.,Kroni Prabowo dalam Proyek Makan Bergizi Gratis (MBG) |  Bocor Alus Politik,Tempodotco,2026-02-09T13:16:25Z,neutral,AI-assisted semantic labeling
10070,Yoo terang onok rek....,yoo terang onok rek..,Kroni Prabowo dalam Proyek Makan Bergizi Gratis (MBG) |  Bocor Alus Politik,Tempodotco,2026-02-08T06:13:30Z,neutral,AI-assisted semantic labeling
10073,"proyek mbg jelas proyek penyelewengan duit negara besar2an dan pdip sebagai oposisi mungkin krn ikut menikmati jadi tak ada suara.
manusia mata tidak buta jelas bisa menilai makanan yg disajikan mbg hanya sedikit yg memenuhi standar kualitas makanan bergizi. emank logis ada istilah makanan bergizi tapi banyak yg keracunan?",proyek mbg jelas proyek penyelewengan duit negara besar2an dan pdip sebagai oposisi mungkin krn ikut menikmati jadi tak ada suara. manusia mata tidak buta jelas bisa menilai makanan yg disajikan mbg hanya sedikit yg memenuhi standar kualitas makanan bergizi. emank logis ada istilah makanan bergizi tapi banyak yg keracunan?,Kroni Prabowo dalam Proyek Makan Bergizi Gratis (MBG) |  Bocor Alus Politik,Tempodotco,2026-02-08T01:00:36Z,negative,AI-assisted semantic labeling
10076,"KALO INDONESIA PERANG SURUH YG MENIKMATI KORUPSI MBG MAJU,RAJYAT YG MISKIN TETAP DIRUMAH SAJA","kalo indonesia perang suruh yg menikmati korupsi mbg maju,rajyat yg miskin tetap dirumah saja",Kroni Prabowo dalam Proyek Makan Bergizi Gratis (MBG) |  Bocor Alus Politik,Tempodotco,2026-02-07T02:20:13Z,negative,AI-assisted semantic labeling
10080,Betul bro. Ditimur tengah ada negri seribu bulan. Indonesia  negri seribu koruptor.,betul bro. ditimur tengah ada negri seribu bulan. indonesia negri seribu koruptor.,Kroni Prabowo dalam Proyek Makan Bergizi Gratis (MBG) |  Bocor Alus Politik,Tempodotco,2026-02-05T07:36:15Z,neutral,AI-assisted semantic labeling
10088,"Terima kasih @tempovideochannel
🌹👸🩷",terima kasih 🌹👸🩷,Kroni Prabowo dalam Proyek Makan Bergizi Gratis (MBG) |  Bocor Alus Politik,Tempodotco,2026-02-03T05:01:16Z,neutral,AI-assisted semantic labeling
10109,"proyek yg sangat keren dari BPK presiden terpilih kita. dibanggakan di forum internasional karna berhasil membuka banyak lapangan pekerjaan plus membantu mensejahterakan kerabat"" beliau. aji mumpung lah","proyek yg sangat keren dari bpk presiden terpilih kita. dibanggakan di forum internasional karna berhasil membuka banyak lapangan pekerjaan plus membantu mensejahterakan kerabat"" beliau. aji mumpung lah",Kroni Prabowo dalam Proyek Makan Bergizi Gratis (MBG) |  Bocor Alus Politik,Tempodotco,2026-01-30T00:17:16Z,neutral,AI-assisted semantic labeling
10112,Tempo sedang memasak 🔥,tempo sedang memasak 🔥,Kroni Prabowo dalam Proyek Makan Bergizi Gratis (MBG) |  Bocor Alus Politik,Tempodotco,2026-01-28T07:07:41Z,neutral,AI-assisted semantic labeling
10116,"Bergizi yang mana, Liat itu di Lapangan,","bergizi yang mana, liat itu di lapangan,",Kroni Prabowo dalam Proyek Makan Bergizi Gratis (MBG) |  Bocor Alus Politik,Tempodotco,2026-01-26T09:42:15Z,neutral,AI-assisted semantic labeling
10128,"MBG, tiap hari ada keracunan,,
Kampanye terselubung Prabowo utk pemilu 2029,","mbg, tiap hari ada keracunan,, kampanye terselubung prabowo utk pemilu 2029,",Kroni Prabowo dalam Proyek Makan Bergizi Gratis (MBG) |  Bocor Alus Politik,Tempodotco,2026-01-21T02:45:40Z,negative,AI-assisted semantic labeling
10130,Proyek Makan Bergizi Geratis (PMBG) 😅😅😅,proyek makan bergizi geratis (pmbg) 😅😅,Kroni Prabowo dalam Proyek Makan Bergizi Gratis (MBG) |  Bocor Alus Politik,Tempodotco,2026-01-20T21:05:29Z,negative,AI-assisted semantic labeling
10131,"Menu MPG lebih baik di ganti dengan roti,buah, susu, telur rebus dri pda nasi, ikan buah bnyk yg di buang GK di mkan kan mubasir","menu mpg lebih baik di ganti dengan roti,buah, susu, telur rebus dri pda nasi, ikan buah bnyk yg di buang gk di mkan kan mubasir",Kroni Prabowo dalam Proyek Makan Bergizi Gratis (MBG) |  Bocor Alus Politik,Tempodotco,2026-01-20T11:05:55Z,negative,AI-assisted semantic labeling
10132,Mbg rawan paling mudah di kropsi seharusnya Prabowo program MBG di alihkan ke pendidikan supaya anak bangsa merata mendapat pendidikan yg layak,mbg rawan paling mudah di kropsi seharusnya prabowo program mbg di alihkan ke pendidikan supaya anak bangsa merata mendapat pendidikan yg layak,Kroni Prabowo dalam Proyek Makan Bergizi Gratis (MBG) |  Bocor Alus Politik,Tempodotco,2026-01-19T23:04:00Z,neutral,AI-assisted semantic labeling
10137,Terima kasih yang nyinyir tidak dapat kerja di MBG pasti cuma nyonyor,terima kasih yang nyinyir tidak dapat kerja di mbg pasti cuma nyonyor,Kroni Prabowo dalam Proyek Makan Bergizi Gratis (MBG) |  Bocor Alus Politik,Tempodotco,2026-01-19T04:12:06Z,neutral,AI-assisted semantic labeling
10149,Psntesan APBN yg paling besar anggaran nya buat program MBG .. ternyataveh ternyata ... sampai kensikan gaji para pensiunan gak di pedulikan  ..,psntesan apbn yg paling besar anggaran nya buat program mbg .. ternyataveh ternyata .. sampai kensikan gaji para pensiunan gak di pedulikan ..,Kroni Prabowo dalam Proyek Makan Bergizi Gratis (MBG) |  Bocor Alus Politik,Tempodotco,2026-01-16T17:46:50Z,neutral,AI-assisted semantic labeling
10153,"Seharusnya ada pemerataan pekerjaan, pendapatan dan partisipasi/kontribusi dari masyarakat luas termasuk jurnalis dan media2, dinas kesehatan,  guru2, dinas pendidikan, dll agar program ini berjalan lebih baik dan didukung semua elemen masyarakat.","seharusnya ada pemerataan pekerjaan, pendapatan dan partisipasi/kontribusi dari masyarakat luas termasuk jurnalis dan media2, dinas kesehatan, guru2, dinas pendidikan, dll agar program ini berjalan lebih baik dan didukung semua elemen masyarakat.",Kroni Prabowo dalam Proyek Makan Bergizi Gratis (MBG) |  Bocor Alus Politik,Tempodotco,2026-01-16T04:49:47Z,negative,AI-assisted semantic labeling
10154,MBG harus dihentikan karena menuai banyak masalah. Proyek/ program MBG ini lahan baru utk para koruptor,mbg harus dihentikan karena menuai banyak masalah. proyek/ program mbg ini lahan baru utk para koruptor,Kroni Prabowo dalam Proyek Makan Bergizi Gratis (MBG) |  Bocor Alus Politik,Tempodotco,2026-01-16T03:53:51Z,negative,AI-assisted semantic labeling
10156,"Prabowo wo wo wo gimana sih elo, omon omon doang kerjanya,tindak dong jangan dibiarin ajaaaaaa, reziiiim koruuuup, gebug!!!","prabowo wo wo wo gimana sih elo, omon omon doang kerjanya,tindak dong jangan dibiarin ajaa, reziim koruup, gebug!!",Kroni Prabowo dalam Proyek Makan Bergizi Gratis (MBG) |  Bocor Alus Politik,Tempodotco,2026-01-15T18:58:38Z,neutral,AI-assisted semantic labeling
10166,"Pak, andai anda tau di lapangan yang terjadi seperti apa. 
Para mitra tidak lagi semangat seperti pertama kali ingin buka dapur mbg. 
Sumber masalah kerena Yayasan, masalahnya Yayasan ini punya sifat memaksa dengan menyuruh tanda tangan perjanjian bahwa yayasan selain dapat keuntungan uang 800 per tray, yayasan juga minta pasokan buah dan bahan baku makanan dari mereka atau yayasan juga. yang dalam pasokanya mereka mengambil keuntungan yang lumayan per kg nya. 
Disinilah mitra mbg tidak semangat lagi untuk membangun dan membuat dapur mbg nya jadi bagus higenis dan berkualitas baik karena hal ini yang akhirnya mereka buat ya sesederhana mungkin karena dari ulah para yayasan yang Serakah. Maka bisa di lihat sangat berbeda dari dapur mbg yang di kelola mitra mbg sendiri dengan yang bekerjasama terpaksa dengan mitra, yang dimaksud keterpaksaan tersebut karena pendaftaran mitra yang di tutup mungkin karena pendaftaran di borong oleh para yayasan yayasan agar bisa maraup kentungan yang besar.

Saran dari kami investigasi yayasan semua khususnya di kota kecil di jawa timur seperti trenggalek dll dan hukum pelaku yayasan yang mengmbil keuntungan dan memaksa perjanjian tersebut,
Kemudian pisahkan cara Daftar antara yayasan dan mitra penuh","pak, andai anda tau di lapangan yang terjadi seperti apa. para mitra tidak lagi semangat seperti pertama kali ingin buka dapur mbg. sumber masalah kerena yayasan, masalahnya yayasan ini punya sifat memaksa dengan menyuruh tanda tangan perjanjian bahwa yayasan selain dapat keuntungan uang 800 per tray, yayasan juga minta pasokan buah dan bahan baku makanan dari mereka atau yayasan juga. yang dalam pasokanya mereka mengambil keuntungan yang lumayan per kg nya. disinilah mitra mbg tidak semangat lagi untuk membangun dan membuat dapur mbg nya jadi bagus higenis dan berkualitas baik karena hal ini yang akhirnya mereka buat ya sesederhana mungkin karena dari ulah para yayasan yang serakah. maka bisa di lihat sangat berbeda dari dapur mbg yang di kelola mitra mbg sendiri dengan yang bekerjasama terpaksa dengan mitra, yang dimaksud keterpaksaan tersebut karena pendaftaran mitra yang di tutup mungkin karena pendaftaran di borong oleh para yayasan yayasan agar bisa maraup kentungan yang besar. saran dari kami investigasi yayasan semua khususnya di kota kecil di jawa timur seperti trenggalek dll dan hukum pelaku yayasan yang mengmbil keuntungan dan memaksa perjanjian tersebut, kemudian pisahkan cara daftar antara yayasan dan mitra penuh",Kroni Prabowo dalam Proyek Makan Bergizi Gratis (MBG) |  Bocor Alus Politik,Tempodotco,2026-01-04T03:52:19Z,negative,AI-assisted semantic labeling
10167,gak ada bedanya dibungkus jadi program tetapi yang dikurupsi berjamaah jg banyak. namanya melanjutkan rezim kmrin yg sdh garong uang rakyat.,gak ada bedanya dibungkus jadi program tetapi yang dikurupsi berjamaah jg banyak. namanya melanjutkan rezim kmrin yg sdh garong uang rakyat.,Kroni Prabowo dalam Proyek Makan Bergizi Gratis (MBG) |  Bocor Alus Politik,Tempodotco,2026-01-03T14:24:20Z,positive,AI-assisted semantic labeling
10169,"pemerintahan kacau balau, korup, rakyat dibiarkan rusak. tapi yg tidak waras malah senang. oh Tuhan. mahasiswa pun jadi takut dengan diktator","pemerintahan kacau balau, korup, rakyat dibiarkan rusak. tapi yg tidak waras malah senang. oh tuhan. mahasiswa pun jadi takut dengan diktator",Kroni Prabowo dalam Proyek Makan Bergizi Gratis (MBG) |  Bocor Alus Politik,Tempodotco,2025-12-30T06:19:21Z,negative,AI-assisted semantic labeling
10176,Kasihan para pedagang kecil ..di sekolah.. mau diapakan mereka,kasihan para pedagang kecil ..di sekolah.. mau diapakan mereka,Kroni Prabowo dalam Proyek Makan Bergizi Gratis (MBG) |  Bocor Alus Politik,Tempodotco,2025-12-15T11:49:32Z,negative,AI-assisted semantic labeling
10179,Up,up,Kroni Prabowo dalam Proyek Makan Bergizi Gratis (MBG) |  Bocor Alus Politik,Tempodotco,2025-11-18T04:54:32Z,neutral,AI-assisted semantic labeling
10198,Proyek partai gerindra,proyek partai gerindra,Kroni Prabowo dalam Proyek Makan Bergizi Gratis (MBG) |  Bocor Alus Politik,Tempodotco,2025-10-01T02:05:41Z,neutral,AI-assisted semantic labeling
10214,Masalah anggaran di Indonesia ngga ada yang Ngga bocor 😂😂😂😂😂,masalah anggaran di indonesia ngga ada yang ngga bocor 😂😂,Kroni Prabowo dalam Proyek Makan Bergizi Gratis (MBG) |  Bocor Alus Politik,Tempodotco,2025-09-29T22:45:25Z,negative,AI-assisted semantic labeling
10216,Program tergagal yang pernah ada😢,program tergagal yang pernah ada😢,Kroni Prabowo dalam Proyek Makan Bergizi Gratis (MBG) |  Bocor Alus Politik,Tempodotco,2025-09-29T15:32:10Z,negative,AI-assisted semantic labeling
10222,"Terlepas dari konteksnya, istilah ""proyek"" seharusnya tidak perlu dianggap jelek. Justru dalam ilmu Project Management, istilah ""program"" itu artinya sekumpulan project/proyek yang berkaitan.","terlepas dari konteksnya, istilah ""proyek"" seharusnya tidak perlu dianggap jelek. justru dalam ilmu project management, istilah ""program"" itu artinya sekumpulan project/proyek yang berkaitan.",Kroni Prabowo dalam Proyek Makan Bergizi Gratis (MBG) |  Bocor Alus Politik,Tempodotco,2025-09-29T05:50:01Z,negative,AI-assisted semantic labeling
10227,"Kalau saya boleh usul,,,, 
Untuk BMG ini baiknya di serahkan pengelolaannya ke KOMITE SEKOLAH... 
Dananya di serahkan dan merekalah yang mengelola... 
InsyaAllah amanah dan terhindar dari kebocoran halus untuk dananya. Karena langsung di awasi bersama para anggotanya dan sekolah... 😁👍","kalau saya boleh usul,, untuk bmg ini baiknya di serahkan pengelolaannya ke komite sekolah.. dananya di serahkan dan merekalah yang mengelola.. insyaallah amanah dan terhindar dari kebocoran halus untuk dananya. karena langsung di awasi bersama para anggotanya dan sekolah.. 😁👍",Kroni Prabowo dalam Proyek Makan Bergizi Gratis (MBG) |  Bocor Alus Politik,Tempodotco,2025-09-29T03:43:43Z,positive,AI-assisted semantic labeling
10228,"Betul sepertinya MBG di manfaatkan jadi ladang mendapatkan cuan. Krn apapun yg terjadi pada murid"" Penikmat MBG, tdk ada tanggapan yg serius, terkesan rakyat di paksa hrs mau menerima. Sedangkan anggarannya cukup besar. Mari kita kritisi terus proyek ini. Dan tolong di jelaskan, siapa yg bertanggung jawab apabila terjadi hal yg serius pd anak"" Penikmat MBG, spy tdk saling lempar tanggung jwb.","betul sepertinya mbg di manfaatkan jadi ladang mendapatkan cuan. krn apapun yg terjadi pada murid"" penikmat mbg, tdk ada tanggapan yg serius, terkesan rakyat di paksa hrs mau menerima. sedangkan anggarannya cukup besar. mari kita kritisi terus proyek ini. dan tolong di jelaskan, siapa yg bertanggung jawab apabila terjadi hal yg serius pd anak"" penikmat mbg, spy tdk saling lempar tanggung jwb.",Kroni Prabowo dalam Proyek Makan Bergizi Gratis (MBG) |  Bocor Alus Politik,Tempodotco,2025-09-29T03:33:04Z,neutral,AI-assisted semantic labeling
10234,Ini memang harus diakui suatu program yang tidak mungkin harus dilanjutkan..... karena... luasnya daerah dan banyaknya pelajar yang akan diberikan makan mbg... dengan modal dapur yang mahal dan perlengkapan yang serba mahal sehingga para pengusaha dapur mbg susah untuk mencapai. Break even point... sehingga mereka harus mengambil proyek ini dalam jumlah yang besar namun keterbatasan sumber daya manusia dan sempitnya waktu untuk memproses makanan serta mendistribusikannya ini adalah hal yang sangat sulit sebaiknya sebaiknya memang dicairkan saja dananya kepada kantin sekolah yang dibangun dengan biaya yang lebih sedikit sehingga dengan demikian lebih efisien....,ini memang harus diakui suatu program yang tidak mungkin harus dilanjutkan.. karena.. luasnya daerah dan banyaknya pelajar yang akan diberikan makan mbg.. dengan modal dapur yang mahal dan perlengkapan yang serba mahal sehingga para pengusaha dapur mbg susah untuk mencapai. break even point.. sehingga mereka harus mengambil proyek ini dalam jumlah yang besar namun keterbatasan sumber daya manusia dan sempitnya waktu untuk memproses makanan serta mendistribusikannya ini adalah hal yang sangat sulit sebaiknya sebaiknya memang dicairkan saja dananya kepada kantin sekolah yang dibangun dengan biaya yang lebih sedikit sehingga dengan demikian lebih efisien..,Kroni Prabowo dalam Proyek Makan Bergizi Gratis (MBG) |  Bocor Alus Politik,Tempodotco,2025-09-28T23:24:36Z,neutral,AI-assisted semantic labeling
10247,Program MBG bagus tp pelaksanaannya harusnya tempo bantulah gimana pelaksanaannya yg  bermanfaat bukan mencari cari kekurangannya harus seimbanglah jd profesional.akan lebih menarik tuk dibaca...❤,program mbg bagus tp pelaksanaannya harusnya tempo bantulah gimana pelaksanaannya yg bermanfaat bukan mencari cari kekurangannya harus seimbanglah jd profesional.akan lebih menarik tuk dibaca..❤,Kroni Prabowo dalam Proyek Makan Bergizi Gratis (MBG) |  Bocor Alus Politik,Tempodotco,2025-09-27T22:35:22Z,positive,AI-assisted semantic labeling
10249,"صَلَّى اللهُ عَلَى مُحَمَّد
(Shallallahu 'Alaa Muhammad)",صَلَّى اللهُ عَلَى مُحَمَّد (shallallahu 'alaa muhammad),Kroni Prabowo dalam Proyek Makan Bergizi Gratis (MBG) |  Bocor Alus Politik,Tempodotco,2025-09-27T13:04:30Z,neutral,AI-assisted semantic labeling
10252,Ada program baru pasti ada korupsi baru. Mendingan utk biaya menggratiskan sekolah di swasta,ada program baru pasti ada korupsi baru. mendingan utk biaya menggratiskan sekolah di swasta,Kroni Prabowo dalam Proyek Makan Bergizi Gratis (MBG) |  Bocor Alus Politik,Tempodotco,2025-09-27T03:25:07Z,negative,AI-assisted semantic labeling
10257,"Licik cari jualan nasi bungkus dijual rakyat anak sekolah disuapin dikit modal dari Rakyat, ini rakyat di bisniskan manipulatif  kendaraan politik baru","licik cari jualan nasi bungkus dijual rakyat anak sekolah disuapin dikit modal dari rakyat, ini rakyat di bisniskan manipulatif kendaraan politik baru",Kroni Prabowo dalam Proyek Makan Bergizi Gratis (MBG) |  Bocor Alus Politik,Tempodotco,2025-09-26T02:12:16Z,negative,AI-assisted semantic labeling
10274,"Bocor Alus tempo Bahas juga dong proyek SMART TV seharga 26 juta, siapa saja yang menyediakan smart TVnya bagaimana pengawasan penunjukan pengadaannya? Di tunggu podcastnya","bocor alus tempo bahas juga dong proyek smart tv seharga 26 juta, siapa saja yang menyediakan smart tvnya bagaimana pengawasan penunjukan pengadaannya? di tunggu podcastnya",Kroni Prabowo dalam Proyek Makan Bergizi Gratis (MBG) |  Bocor Alus Politik,Tempodotco,2025-09-14T02:25:09Z,neutral,AI-assisted semantic labeling
10275,Telusuri aja pasti ada antek2 mulyono juga yg ikut andil😂,telusuri aja pasti ada antek2 mulyono juga yg ikut andil😂,Kroni Prabowo dalam Proyek Makan Bergizi Gratis (MBG) |  Bocor Alus Politik,Tempodotco,2025-09-12T03:14:10Z,neutral,AI-assisted semantic labeling
10286,"Kami didesa pk sangat bersyukur dgn program MBG,karena kami tanam sayur ada yg beli,buah buahan ada yg beli..Negara maju sj  seperti Jeoang,Korea,China,India makan bergizi jga.
Apax yg salah...","kami didesa pk sangat bersyukur dgn program mbg,karena kami tanam sayur ada yg beli,buah buahan ada yg beli..negara maju sj seperti jeoang,korea,china,india makan bergizi jga. apax yg salah..",Kroni Prabowo dalam Proyek Makan Bergizi Gratis (MBG) |  Bocor Alus Politik,Tempodotco,2025-08-21T03:31:55Z,negative,AI-assisted semantic labeling
10303,"Kan memang benar program makan gizi gratis yg dukung dan pejabatnya konoha juga harus ""makan"" bergizi juga 😂","kan memang benar program makan gizi gratis yg dukung dan pejabatnya konoha juga harus ""makan"" bergizi juga 😂",Kroni Prabowo dalam Proyek Makan Bergizi Gratis (MBG) |  Bocor Alus Politik,Tempodotco,2025-06-14T09:28:54Z,neutral,AI-assisted semantic labeling
10304,"Pdhl bgus bgt progamnya, shrsnya ada  UU khusus yg menentukan jumlah gizi, gk harus langsung sesuai tetapi dpt secara bertahap tergantung dana pemerintah dan juga ada harus ada SOP yang jelas untuk melindungi siswa yang mendapat MBG contohnya kepala sekolah harus makan terlebih dahulu untuk menguji cobanya baru kalau dirasa aman siwa boleh makan u menghindari kercaunan dll","pdhl bgus bgt progamnya, shrsnya ada uu khusus yg menentukan jumlah gizi, gk harus langsung sesuai tetapi dpt secara bertahap tergantung dana pemerintah dan juga ada harus ada sop yang jelas untuk melindungi siswa yang mendapat mbg contohnya kepala sekolah harus makan terlebih dahulu untuk menguji cobanya baru kalau dirasa aman siwa boleh makan u menghindari kercaunan dll",Kroni Prabowo dalam Proyek Makan Bergizi Gratis (MBG) |  Bocor Alus Politik,Tempodotco,2025-06-13T12:12:55Z,positive,AI-assisted semantic labeling
10315,"Kita hanya tidak kebagian uang korupsinya saja,, kalau korupsi bagi2 lah","kita hanya tidak kebagian uang korupsinya saja,, kalau korupsi bagi2 lah",Kroni Prabowo dalam Proyek Makan Bergizi Gratis (MBG) |  Bocor Alus Politik,Tempodotco,2025-05-26T00:27:14Z,negative,AI-assisted semantic labeling
10320,George Soros senang melihat media ini.,george soros senang melihat media ini.,Kroni Prabowo dalam Proyek Makan Bergizi Gratis (MBG) |  Bocor Alus Politik,Tempodotco,2025-05-17T03:34:26Z,neutral,AI-assisted semantic labeling
10328,"Coba bocor alus melakukan investigasi mbg ini ke bawah, ini program triliunan rawan dibuat bancakan","coba bocor alus melakukan investigasi mbg ini ke bawah, ini program triliunan rawan dibuat bancakan",Kroni Prabowo dalam Proyek Makan Bergizi Gratis (MBG) |  Bocor Alus Politik,Tempodotco,2025-05-12T13:05:31Z,neutral,AI-assisted semantic labeling
10341,"Dari awal saya sudah menduga, pasti hal itu akan menjadi proyek orang2 prabowo","dari awal saya sudah menduga, pasti hal itu akan menjadi proyek orang2 prabowo",Kroni Prabowo dalam Proyek Makan Bergizi Gratis (MBG) |  Bocor Alus Politik,Tempodotco,2025-05-08T04:17:52Z,neutral,AI-assisted semantic labeling
10352,kalo partai yg berkuasa itu partai banteng. apakah tempodotco dan bocorhalus akan tetap mengkritik pemerintah?😂,kalo partai yg berkuasa itu partai banteng. apakah tempodotco dan bocorhalus akan tetap mengkritik pemerintah?😂,Kroni Prabowo dalam Proyek Makan Bergizi Gratis (MBG) |  Bocor Alus Politik,Tempodotco,2025-05-06T03:49:31Z,neutral,AI-assisted semantic labeling
10359,Tempo aya tempo euweuh.... 😂,tempo aya tempo euweuh.. 😂,Kroni Prabowo dalam Proyek Makan Bergizi Gratis (MBG) |  Bocor Alus Politik,Tempodotco,2025-05-04T14:13:19Z,neutral,AI-assisted semantic labeling
10361,"MBG......70 T , buat sekolah gratis /UKT  PT  murah. BAGUS kayaknya.","mbg..70 t , buat sekolah gratis /ukt pt murah. bagus kayaknya.",Kroni Prabowo dalam Proyek Makan Bergizi Gratis (MBG) |  Bocor Alus Politik,Tempodotco,2025-05-04T11:28:36Z,neutral,AI-assisted semantic labeling
10365,"minimwl katering 

maksimal menteri",minimwl katering maksimal menteri,Kroni Prabowo dalam Proyek Makan Bergizi Gratis (MBG) |  Bocor Alus Politik,Tempodotco,2025-05-03T04:56:35Z,neutral,AI-assisted semantic labeling
10381,MBG saya kira Mall Bali Galery🤣,mbg saya kira mall bali galery🤣,Kroni Prabowo dalam Proyek Makan Bergizi Gratis (MBG) |  Bocor Alus Politik,Tempodotco,2025-05-01T01:49:31Z,neutral,AI-assisted semantic labeling
10387,Era 1998 yok kita satukan era tersebut lembali lagi,era 1998 yok kita satukan era tersebut lembali lagi,Kroni Prabowo dalam Proyek Makan Bergizi Gratis (MBG) |  Bocor Alus Politik,Tempodotco,2025-04-30T15:19:14Z,neutral,AI-assisted semantic labeling
10393,ada nda sih sekelas TV nasioanal yg seberani tempo memuat berita..? untuk liput demo yg krtik pemerintah nda berani..,ada nda sih sekelas tv nasioanal yg seberani tempo memuat berita..? untuk liput demo yg krtik pemerintah nda berani..,Kroni Prabowo dalam Proyek Makan Bergizi Gratis (MBG) |  Bocor Alus Politik,Tempodotco,2025-04-30T01:41:54Z,neutral,AI-assisted semantic labeling
10396,"Yg heran, ada yg bilang bodoh pada profesor pengkritik.. 
Padahal dia yang bodoh
Biasa kroni raja konoha","yg heran, ada yg bilang bodoh pada profesor pengkritik.. padahal dia yang bodoh biasa kroni raja konoha",Kroni Prabowo dalam Proyek Makan Bergizi Gratis (MBG) |  Bocor Alus Politik,Tempodotco,2025-04-29T11:09:30Z,negative,AI-assisted semantic labeling
10411,"Terima kasih tim Tempo , yg sdh berjuang demi 🇮🇩  maju. Semoga sukses dan maju terus 🙏","terima kasih tim tempo , yg sdh berjuang demi 🇮🇩 maju. semoga sukses dan maju terus 🙏",Kroni Prabowo dalam Proyek Makan Bergizi Gratis (MBG) |  Bocor Alus Politik,Tempodotco,2025-04-28T15:15:56Z,positive,AI-assisted semantic labeling
10421,"Seharusnya, semua yg akan menyediakan makanan bagi khalayak umum, apalagi sekolah, harus diterapkan sistem sertifikat utk food safety. Jadi nggak ada lagi ulat, anak2 yg makan makanan kadaluarsa dan cross contaminated foods. 
Kalau sampai ada yg muntah dan diketemukan ulat dll, harusnya catering tersebut harus bertanggung jawab.","seharusnya, semua yg akan menyediakan makanan bagi khalayak umum, apalagi sekolah, harus diterapkan sistem sertifikat utk food safety. jadi nggak ada lagi ulat, anak2 yg makan makanan kadaluarsa dan cross contaminated foods. kalau sampai ada yg muntah dan diketemukan ulat dll, harusnya catering tersebut harus bertanggung jawab.",Kroni Prabowo dalam Proyek Makan Bergizi Gratis (MBG) |  Bocor Alus Politik,Tempodotco,2025-04-28T02:29:49Z,negative,AI-assisted semantic labeling
10438,"Projek makan gratis , estet makan kejayaan??????????","projek makan gratis , estet makan kejayaan??",Kroni Prabowo dalam Proyek Makan Bergizi Gratis (MBG) |  Bocor Alus Politik,Tempodotco,2025-04-26T22:48:50Z,neutral,AI-assisted semantic labeling
10445,🇮🇩  Dr Mulai Mulut Busuk Kampanye'e....Gw ud liat Lobang.msk Biggest Coroupsion...cuma bnyk org ga percaya...😱😫🤦🤣🤝🙏,🇮🇩 dr mulai mulut busuk kampanye'e..gw ud liat lobang.msk biggest coroupsion..cuma bnyk org ga percaya..😱😫🤦🤣🤝🙏,Kroni Prabowo dalam Proyek Makan Bergizi Gratis (MBG) |  Bocor Alus Politik,Tempodotco,2025-04-26T14:03:17Z,negative,AI-assisted semantic labeling
10450,"MBG ini gimana kalau dikerjakan oleh hotel dan restoran yang sekarang kolaps karena gak ada even pemerintah, Hotel dan resto sudah disertifikasi, fasilitas sudah mumpuni, memberdayakan banyak tenaga kerja yang sudah mulai jaman covid dulu dirumahkan. apalagi kerjasama dengan petani dan peternak lokal, pasti makmur dech.  Semoga didengar","mbg ini gimana kalau dikerjakan oleh hotel dan restoran yang sekarang kolaps karena gak ada even pemerintah, hotel dan resto sudah disertifikasi, fasilitas sudah mumpuni, memberdayakan banyak tenaga kerja yang sudah mulai jaman covid dulu dirumahkan. apalagi kerjasama dengan petani dan peternak lokal, pasti makmur dech. semoga didengar",Kroni Prabowo dalam Proyek Makan Bergizi Gratis (MBG) |  Bocor Alus Politik,Tempodotco,2025-04-26T12:47:42Z,positive,AI-assisted semantic labeling
10458,Kenapa program makan gizi gratis belum terealisasi di kabupaten Blora Jateng???,kenapa program makan gizi gratis belum terealisasi di kabupaten blora jateng??,Kroni Prabowo dalam Proyek Makan Bergizi Gratis (MBG) |  Bocor Alus Politik,Tempodotco,2025-04-26T06:51:33Z,neutral,AI-assisted semantic labeling
10464,Banyak masyarakat yang berpendidikan tinggi lebih cerdas dari penguasa jadi jangan anggap sepele dengan rakyat,banyak masyarakat yang berpendidikan tinggi lebih cerdas dari penguasa jadi jangan anggap sepele dengan rakyat,Kroni Prabowo dalam Proyek Makan Bergizi Gratis (MBG) |  Bocor Alus Politik,Tempodotco,2025-04-26T05:06:42Z,neutral,AI-assisted semantic labeling
10472,"Sejahtera desaku, salah tuh sejahtera sakuku kali.....celah mengisi saku dalam setiap proyek...","sejahtera desaku, salah tuh sejahtera sakuku kali..celah mengisi saku dalam setiap proyek..",Kroni Prabowo dalam Proyek Makan Bergizi Gratis (MBG) |  Bocor Alus Politik,Tempodotco,2025-04-26T01:07:56Z,negative,AI-assisted semantic labeling
10482,Media tempo💩💩💩💩💩,media tempo💩💩,Kroni Prabowo dalam Proyek Makan Bergizi Gratis (MBG) |  Bocor Alus Politik,Tempodotco,2025-04-25T19:56:59Z,neutral,AI-assisted semantic labeling
10489,"Indonesia merdeka, tpi yg merdeka cuma para koruptor","indonesia merdeka, tpi yg merdeka cuma para koruptor",Kroni Prabowo dalam Proyek Makan Bergizi Gratis (MBG) |  Bocor Alus Politik,Tempodotco,2025-04-25T16:26:19Z,neutral,AI-assisted semantic labeling
10490,"koncoisme ""ndasmu""","koncoisme ""ndasmu""",Kroni Prabowo dalam Proyek Makan Bergizi Gratis (MBG) |  Bocor Alus Politik,Tempodotco,2025-04-25T16:05:19Z,neutral,AI-assisted semantic labeling
10495,"Siapa pun presiden nya korupsi itu ngga bakal hilang.ada aja celah buat korupsi.
MBG itu lapak baru",siapa pun presiden nya korupsi itu ngga bakal hilang.ada aja celah buat korupsi. mbg itu lapak baru,Kroni Prabowo dalam Proyek Makan Bergizi Gratis (MBG) |  Bocor Alus Politik,Tempodotco,2025-04-25T15:03:29Z,negative,AI-assisted semantic labeling
10496,"Contoh Kasus di Kalibata mencerminkan permasalahan dalam pengelolaan program sosial oleh pihak ketiga yang ditunjuk pemerintah. Ketidakjelasan dalam kontrak, perubahan sepihak dalam nilai pembayaran dan kurangnya transparansi dari pihak yayasan Media Berkat Nusantara (MBN) telah merugikan mitra pelaksana di lapangan. Diperlukan evaluasi menyeluruh terhadap mekanisme penyaluran dana dan pengawasan terhadap pelaksanaan program untuk mencegah kejadian serupa dimasa depan.","contoh kasus di kalibata mencerminkan permasalahan dalam pengelolaan program sosial oleh pihak ketiga yang ditunjuk pemerintah. ketidakjelasan dalam kontrak, perubahan sepihak dalam nilai pembayaran dan kurangnya transparansi dari pihak yayasan media berkat nusantara (mbn) telah merugikan mitra pelaksana di lapangan. diperlukan evaluasi menyeluruh terhadap mekanisme penyaluran dana dan pengawasan terhadap pelaksanaan program untuk mencegah kejadian serupa dimasa depan.",Kroni Prabowo dalam Proyek Makan Bergizi Gratis (MBG) |  Bocor Alus Politik,Tempodotco,2025-04-25T14:58:58Z,negative,AI-assisted semantic labeling
10500,Penggiringan baca moran yang ga) Ku kuno,penggiringan baca moran yang ga) ku kuno,Kroni Prabowo dalam Proyek Makan Bergizi Gratis (MBG) |  Bocor Alus Politik,Tempodotco,2025-04-25T14:22:29Z,neutral,AI-assisted semantic labeling
10525,Semoga channel Pavel 88 sukses dan terus  mengabarkan update ttg perang ISRAEL/AMERIKA VS NEGARA-NEGARA TERORIST..agar teroris  lenyap yg Mengganggu Kedamaian Dunia.,semoga channel pavel 88 sukses dan terus mengabarkan update ttg perang israel/amerika vs negara-negara terorist..agar teroris lenyap yg mengganggu kedamaian dunia.,Kroni Prabowo dalam Proyek Makan Bergizi Gratis (MBG) |  Bocor Alus Politik,Tempodotco,2025-04-25T06:13:46Z,neutral,AI-assisted semantic labeling
10540,"Awaaaaaas  T E M P E.......... 
Tak usah  didengar  cara merusaknya",awaas t e m p e.. tak usah didengar cara merusaknya,Kroni Prabowo dalam Proyek Makan Bergizi Gratis (MBG) |  Bocor Alus Politik,Tempodotco,2025-04-25T00:00:53Z,neutral,AI-assisted semantic labeling
10547,"Prabowo Gibran itu bukan sosok pemimpin yang baik, mereka hanya ngotot ingin berkuasa tapi tidak bisa bekerja... Resafel Prabowo Gibran✊✊","prabowo gibran itu bukan sosok pemimpin yang baik, mereka hanya ngotot ingin berkuasa tapi tidak bisa bekerja.. resafel prabowo gibran✊✊",Kroni Prabowo dalam Proyek Makan Bergizi Gratis (MBG) |  Bocor Alus Politik,Tempodotco,2025-04-24T22:22:45Z,neutral,AI-assisted semantic labeling
10558,Ya Kirain Program Tulus Padahal Program Bulus Hanya Demi Mengenyangkan Kelompoknya Rupanya......!!!!!,ya kirain program tulus padahal program bulus hanya demi mengenyangkan kelompoknya rupanya..!!,Kroni Prabowo dalam Proyek Makan Bergizi Gratis (MBG) |  Bocor Alus Politik,Tempodotco,2025-04-24T15:42:18Z,neutral,AI-assisted semantic labeling
10565,"Ya benar, ini proyek","ya benar, ini proyek",Kroni Prabowo dalam Proyek Makan Bergizi Gratis (MBG) |  Bocor Alus Politik,Tempodotco,2025-04-24T12:54:36Z,neutral,AI-assisted semantic labeling
10566,Hanya Allah yg tahu baik buruknya manusia berbuat  sesuatu dan Akherat menanti pertanggungjawabanmu dihadapan Allah. Mari kita berbuat baik tuk bangsa dan negara.,hanya allah yg tahu baik buruknya manusia berbuat sesuatu dan akherat menanti pertanggungjawabanmu dihadapan allah. mari kita berbuat baik tuk bangsa dan negara.,Kroni Prabowo dalam Proyek Makan Bergizi Gratis (MBG) |  Bocor Alus Politik,Tempodotco,2025-04-24T12:04:07Z,negative,AI-assisted semantic labeling
10570,Nah sdh mendarah daging model bgini,nah sdh mendarah daging model bgini,Kroni Prabowo dalam Proyek Makan Bergizi Gratis (MBG) |  Bocor Alus Politik,Tempodotco,2025-04-24T09:23:39Z,neutral,AI-assisted semantic labeling
10571,Soros,soros,Kroni Prabowo dalam Proyek Makan Bergizi Gratis (MBG) |  Bocor Alus Politik,Tempodotco,2025-04-24T09:03:20Z,neutral,AI-assisted semantic labeling
10572,Soros,soros,Kroni Prabowo dalam Proyek Makan Bergizi Gratis (MBG) |  Bocor Alus Politik,Tempodotco,2025-04-24T09:02:55Z,neutral,AI-assisted semantic labeling
10573,Soros,soros,Kroni Prabowo dalam Proyek Makan Bergizi Gratis (MBG) |  Bocor Alus Politik,Tempodotco,2025-04-24T09:02:46Z,neutral,AI-assisted semantic labeling
10577,Soros,soros,Kroni Prabowo dalam Proyek Makan Bergizi Gratis (MBG) |  Bocor Alus Politik,Tempodotco,2025-04-24T09:02:10Z,neutral,AI-assisted semantic labeling
10597,"Tempo media yang di tunggangi asing,,jngan mau di adu domba sama bocor alus,,awalnya q respek,,tapi sekarang gak lgi,,","tempo media yang di tunggangi asing,,jngan mau di adu domba sama bocor alus,,awalnya q respek,,tapi sekarang gak lgi,,",Kroni Prabowo dalam Proyek Makan Bergizi Gratis (MBG) |  Bocor Alus Politik,Tempodotco,2025-04-24T06:04:30Z,neutral,AI-assisted semantic labeling
10608,"Pandai pak presiden, ciptakan lowongan kerja DARI KITA UNTUK KITA.","pandai pak presiden, ciptakan lowongan kerja dari kita untuk kita.",Kroni Prabowo dalam Proyek Makan Bergizi Gratis (MBG) |  Bocor Alus Politik,Tempodotco,2025-04-24T02:17:44Z,neutral,AI-assisted semantic labeling
10618,Gak usah terlalu halus bang kasarin aja,gak usah terlalu halus bang kasarin aja,Kroni Prabowo dalam Proyek Makan Bergizi Gratis (MBG) |  Bocor Alus Politik,Tempodotco,2025-04-24T00:45:20Z,neutral,AI-assisted semantic labeling
10646,Bang? Itu kan buat adek mu maah dihabisin 😭,bang? itu kan buat adek mu maah dihabisin 😭,"Makan bekal MBG steak, Chicken skin, mash potato dan cherry",Willenlen,2026-08-27T12:14:36Z,neutral,AI-assisted semantic labeling
10653,Sama aku juga lagi sariawan,sama aku juga lagi sariawan,"Makan bekal MBG steak, Chicken skin, mash potato dan cherry",Willenlen,2026-08-25T03:19:59Z,neutral,AI-assisted semantic labeling
10662,Itu mbgnya nggak bisa di tutup karena  rotinya wpi nggak usah di makasn semu anjir🗿🗿,itu mbgnya nggak bisa di tutup karena rotinya wpi nggak usah di makasn semu anjir🗿🗿,"Makan bekal MBG steak, Chicken skin, mash potato dan cherry",Willenlen,2026-08-23T11:08:07Z,negative,AI-assisted semantic labeling
10667,"Awal akhirnya dia bikin mbg bener
Akhir ternyata sama aja",awal akhirnya dia bikin mbg bener akhir ternyata sama aja,"Makan bekal MBG steak, Chicken skin, mash potato dan cherry",Willenlen,2026-08-23T04:58:50Z,neutral,AI-assisted semantic labeling
10683,mana nasinya kok nggak ada aku lihatatas banget itu sebelah itu kan ada itu kosong😂😂,mana nasinya kok nggak ada aku lihatatas banget itu sebelah itu kan ada itu kosong😂😂,"Makan bekal MBG steak, Chicken skin, mash potato dan cherry",Willenlen,2026-08-21T17:05:01Z,neutral,AI-assisted semantic labeling
10686,Perasaan yang tidak muat itu roti nya kok yang dimakan semua 😅,perasaan yang tidak muat itu roti nya kok yang dimakan semua 😅,"Makan bekal MBG steak, Chicken skin, mash potato dan cherry",Willenlen,2026-08-20T02:53:32Z,neutral,AI-assisted semantic labeling
10689,Ini mah 2 triliun per hari,ini mah 2 triliun per hari,"Makan bekal MBG steak, Chicken skin, mash potato dan cherry",Willenlen,2026-08-19T07:40:51Z,neutral,AI-assisted semantic labeling
10690,Agustus tahunnya apa Agus,agustus tahunnya apa agus,"Makan bekal MBG steak, Chicken skin, mash potato dan cherry",Willenlen,2026-08-19T05:26:57Z,neutral,AI-assisted semantic labeling
10693,itu namanya buat abangnya😂,itu namanya buat abangnya😂,"Makan bekal MBG steak, Chicken skin, mash potato dan cherry",Willenlen,2026-08-18T12:03:27Z,positive,AI-assisted semantic labeling
10695,ehemmmm GK ada yg nyadar nih roti nya gk dimakan🙏🏻🙏🏻🗿🗿🗿,ehemm gk ada yg nyadar nih roti nya gk dimakan🙏🏻🙏🏻🗿🗿,"Makan bekal MBG steak, Chicken skin, mash potato dan cherry",Willenlen,2026-08-18T09:38:46Z,negative,AI-assisted semantic labeling
10709,Mbg = mukbang bang Willie🗿,mbg = mukbang bang willie🗿,"Makan bekal MBG steak, Chicken skin, mash potato dan cherry",Willenlen,2026-08-17T05:00:12Z,neutral,AI-assisted semantic labeling
10719,bang itu gak bisa di tutup Karana roti nya terlalu gede kae megalodonnnnNNNNNNNNNNNNNnnnn,bang itu gak bisa di tutup karana roti nya terlalu gede kae megalodonn,"Makan bekal MBG steak, Chicken skin, mash potato dan cherry",Willenlen,2026-08-15T16:54:04Z,neutral,AI-assisted semantic labeling
10730,Bilang aja mau dimakan,bilang aja mau dimakan,"Makan bekal MBG steak, Chicken skin, mash potato dan cherry",Willenlen,2026-08-14T10:42:55Z,neutral,AI-assisted semantic labeling
10733,Rotinya kocak😅🤣🤣🤣,rotinya kocak😅🤣🤣,"Makan bekal MBG steak, Chicken skin, mash potato dan cherry",Willenlen,2026-08-14T08:20:32Z,neutral,AI-assisted semantic labeling
10743,"bust adik 

buat diri sendiri",bust adik buat diri sendiri,"Makan bekal MBG steak, Chicken skin, mash potato dan cherry",Willenlen,2026-08-10T06:17:34Z,neutral,AI-assisted semantic labeling
10759,"Kurangin sedikit ❌
𝗞𝗨𝗥𝗔𝗡𝗚𝗜𝗡 𝗬𝗔𝗡𝗚 𝗕𝗔𝗡𝗬𝗔𝗞 ✅",kurangin sedikit ❌ kurangin yang banyak ✅,"Makan bekal MBG steak, Chicken skin, mash potato dan cherry",Willenlen,2026-07-15T11:52:36Z,neutral,AI-assisted semantic labeling
10760,jadi itu buat lu atau adik lu bang 🗿🗿,jadi itu buat lu atau adik lu bang 🗿🗿,"Makan bekal MBG steak, Chicken skin, mash potato dan cherry",Willenlen,2026-07-14T03:37:04Z,neutral,AI-assisted semantic labeling
10788,Bilang aja kalau lu nggak ada adek bukan mesum ya,bilang aja kalau lu nggak ada adek bukan mesum ya,"Makan bekal MBG steak, Chicken skin, mash potato dan cherry",Willenlen,2026-07-01T08:31:15Z,neutral,AI-assisted semantic labeling
10797,Lu nggak punya adik lah perasaan 🗿🗿🗿🗿,lu nggak punya adik lah perasaan 🗿🗿,"Makan bekal MBG steak, Chicken skin, mash potato dan cherry",Willenlen,2026-06-27T08:53:13Z,neutral,AI-assisted semantic labeling
10815,"MBG buat adik lu ❌
MBG buat lu ✅",mbg buat adik lu ❌ mbg buat lu ✅,"Makan bekal MBG steak, Chicken skin, mash potato dan cherry",Willenlen,2026-06-21T13:53:42Z,neutral,AI-assisted semantic labeling
10821,Katanya buat adek lu masa dimakan 🙁,katanya buat adek lu masa dimakan 🙁,"Makan bekal MBG steak, Chicken skin, mash potato dan cherry",Willenlen,2026-06-20T01:45:35Z,neutral,AI-assisted semantic labeling
10831,"buat adik nya ❎
buat diri sendiri ✔️",buat adik nya ❎ buat diri sendiri ✔️,"Makan bekal MBG steak, Chicken skin, mash potato dan cherry",Willenlen,2026-06-19T07:05:01Z,neutral,AI-assisted semantic labeling
10832,MBG=makanan bapak gw 🗿,mbg=makanan bapak gw 🗿,"Makan bekal MBG steak, Chicken skin, mash potato dan cherry",Willenlen,2026-06-19T07:00:01Z,neutral,AI-assisted semantic labeling
10833,Itu mah bukan mbg itu makanan sendiri ompreng nya mah beli 😂😂😂😂,itu mah bukan mbg itu makanan sendiri ompreng nya mah beli 😂😂,"Makan bekal MBG steak, Chicken skin, mash potato dan cherry",Willenlen,2026-06-19T06:39:26Z,negative,AI-assisted semantic labeling
10836,Kavin,kavin,"Makan bekal MBG steak, Chicken skin, mash potato dan cherry",Willenlen,2026-06-19T01:15:46Z,neutral,AI-assisted semantic labeling
10838,Ini yang makan dia bukan adek nya,ini yang makan dia bukan adek nya,"Makan bekal MBG steak, Chicken skin, mash potato dan cherry",Willenlen,2026-06-19T00:34:06Z,neutral,AI-assisted semantic labeling
10841,Itu MBG adik atau mubang😅,itu mbg adik atau mubang😅,"Makan bekal MBG steak, Chicken skin, mash potato dan cherry",Willenlen,2026-06-18T13:14:13Z,neutral,AI-assisted semantic labeling
10862,Adek belike: itu mah untuk abang bukan untuk aku,adek belike: itu mah untuk abang bukan untuk aku,"Makan bekal MBG steak, Chicken skin, mash potato dan cherry",Willenlen,2026-06-17T00:17:48Z,neutral,AI-assisted semantic labeling
10867,itumah diya yang makan,itumah diya yang makan,"Makan bekal MBG steak, Chicken skin, mash potato dan cherry",Willenlen,2026-06-16T12:42:12Z,neutral,AI-assisted semantic labeling
10870,My little bolu ketan,my little bolu ketan,"Makan bekal MBG steak, Chicken skin, mash potato dan cherry",Willenlen,2026-06-16T10:02:51Z,neutral,AI-assisted semantic labeling
10873,Orang dia gak punya adek,orang dia gak punya adek,"Makan bekal MBG steak, Chicken skin, mash potato dan cherry",Willenlen,2026-06-16T05:08:59Z,neutral,AI-assisted semantic labeling
10877,aku ada kok liat adek nya kak wilen mirip banget sama kak wilen dia gak pernah masuk vidio karena dia punya penyakit,aku ada kok liat adek nya kak wilen mirip banget sama kak wilen dia gak pernah masuk vidio karena dia punya penyakit,"Makan bekal MBG steak, Chicken skin, mash potato dan cherry",Willenlen,2026-06-15T09:17:52Z,neutral,AI-assisted semantic labeling
10882,𝙅𝙪𝙟𝙪𝙧 𝙟𝙖𝙣𝙜𝙜𝙖𝙡 𝙨𝙖𝙢𝙖 𝙈𝘽𝙂 𝙣𝙮𝙖𝙖,jujur janggal sama mbg nyaa,"Makan bekal MBG steak, Chicken skin, mash potato dan cherry",Willenlen,2026-06-15T03:39:42Z,neutral,AI-assisted semantic labeling
10889,Aku habis makan jadi kenyang terus nonton Abang lagi makan makin kenyang 😅😅,aku habis makan jadi kenyang terus nonton abang lagi makan makin kenyang 😅😅,"Makan bekal MBG steak, Chicken skin, mash potato dan cherry",Willenlen,2026-06-14T12:12:45Z,negative,AI-assisted semantic labeling
10903,itu niat buat MBG gak sih kok simakan woi bukan nya udah dapet MBG😂😂😂😂😂😂😂😂😂😂😂,itu niat buat mbg gak sih kok simakan woi bukan nya udah dapet mbg😂😂,"Makan bekal MBG steak, Chicken skin, mash potato dan cherry",Willenlen,2026-06-14T07:42:26Z,negative,AI-assisted semantic labeling
10913,Itu roti nya ga di makan???,itu roti nya ga di makan??,"Makan bekal MBG steak, Chicken skin, mash potato dan cherry",Willenlen,2026-06-14T03:05:12Z,neutral,AI-assisted semantic labeling
10919,"Durhre HR dh,😠😠😠","durhre hr dh,😠😠","Makan bekal MBG steak, Chicken skin, mash potato dan cherry",Willenlen,2026-06-13T13:15:56Z,neutral,AI-assisted semantic labeling
10921,Bang lu niat ngasi gak pas dibuka langsung nangis 😭😭😭🥺🥺🥺,bang lu niat ngasi gak pas dibuka langsung nangis 😭😭🥺🥺,"Makan bekal MBG steak, Chicken skin, mash potato dan cherry",Willenlen,2026-06-13T12:40:05Z,neutral,AI-assisted semantic labeling
10925,Apalah bloon amat padahal masih muat,apalah bloon amat padahal masih muat,"Makan bekal MBG steak, Chicken skin, mash potato dan cherry",Willenlen,2026-06-13T08:24:02Z,neutral,AI-assisted semantic labeling
10928,BG sering sering buat konten beginian aku suka bgtttt🤗,bg sering sering buat konten beginian aku suka bgtt🤗,"Makan bekal MBG steak, Chicken skin, mash potato dan cherry",Willenlen,2026-06-13T06:11:01Z,neutral,AI-assisted semantic labeling
10929,Itu Abang yang maka,itu abang yang maka,"Makan bekal MBG steak, Chicken skin, mash potato dan cherry",Willenlen,2026-06-13T06:10:31Z,neutral,AI-assisted semantic labeling
10939,"\___________________/
__/__/__________\__\__
/⭕⭕\________/\
l_______l🄶🅃🅁l_______lbisa ga tidak boleh salin
\⚫️⚫️__||___||__⚫️⚫️/",\__/ __/__/__\__\__ /⭕⭕\__/\ l__lgtrl__lbisa ga tidak boleh salin \⚫️⚫️__||__||__⚫️⚫️/,"Makan bekal MBG steak, Chicken skin, mash potato dan cherry",Willenlen,2026-06-12T12:16:39Z,neutral,AI-assisted semantic labeling
10942,Lo rotinya kmn ?,lo rotinya kmn ?,"Makan bekal MBG steak, Chicken skin, mash potato dan cherry",Willenlen,2026-06-12T06:48:58Z,neutral,AI-assisted semantic labeling
10944,Adik lu sekolah di prancis ap🗿,adik lu sekolah di prancis ap🗿,"Makan bekal MBG steak, Chicken skin, mash potato dan cherry",Willenlen,2026-06-12T05:10:07Z,neutral,AI-assisted semantic labeling
10946,"Mbg buat adik ❌
Mbg Buat kaka ✓",mbg buat adik ❌ mbg buat kaka ✓,"Makan bekal MBG steak, Chicken skin, mash potato dan cherry",Willenlen,2026-06-12T03:16:36Z,neutral,AI-assisted semantic labeling
10950,Itu. Mah. Lu. Pelit😢😢😢,itu. mah. lu. pelit😢😢,"Makan bekal MBG steak, Chicken skin, mash potato dan cherry",Willenlen,2026-06-11T14:42:02Z,neutral,AI-assisted semantic labeling
10956,katanya untuk adik tapi marah untuk perut,katanya untuk adik tapi marah untuk perut,"Makan bekal MBG steak, Chicken skin, mash potato dan cherry",Willenlen,2026-06-11T02:57:09Z,neutral,AI-assisted semantic labeling
10973,Itu kahh mbg mawah,itu kahh mbg mawah,"Makan bekal MBG steak, Chicken skin, mash potato dan cherry",Willenlen,2026-06-07T14:39:43Z,neutral,AI-assisted semantic labeling
10975,🤤🤤MbG,🤤🤤mbg,"Makan bekal MBG steak, Chicken skin, mash potato dan cherry",Willenlen,2026-06-07T12:45:53Z,negative,AI-assisted semantic labeling
10978,Maruk bgt,maruk bgt,"Makan bekal MBG steak, Chicken skin, mash potato dan cherry",Willenlen,2026-06-07T09:34:41Z,neutral,AI-assisted semantic labeling
10985,Dasar nggak jelas banget sih 🗿🗿🗿🗿🗿🗿🗿🗿,dasar nggak jelas banget sih 🗿🗿,"Makan bekal MBG steak, Chicken skin, mash potato dan cherry",Willenlen,2026-06-07T05:33:38Z,neutral,AI-assisted semantic labeling
10993,Perutnya dimakan sih kan biar muat terus itu juga pasti nggak muat lah cobain aja ya udah taruh rotinya kamu makan aja sekalian dimakan rotinya😊,perutnya dimakan sih kan biar muat terus itu juga pasti nggak muat lah cobain aja ya udah taruh rotinya kamu makan aja sekalian dimakan rotinya😊,"Makan bekal MBG steak, Chicken skin, mash potato dan cherry",Willenlen,2026-06-06T09:02:15Z,neutral,AI-assisted semantic labeling
11021,Bang. Itu. Buat. Adekna. Atau. Buatmakan😅😂,bang. itu. buat. adekna. atau. buatmakan😅😂,"Makan bekal MBG steak, Chicken skin, mash potato dan cherry",Willenlen,2026-06-02T04:39:59Z,negative,AI-assisted semantic labeling
11034,Bilang ajah. Mau makan,bilang ajah. mau makan,"Makan bekal MBG steak, Chicken skin, mash potato dan cherry",Willenlen,2026-05-30T10:54:07Z,neutral,AI-assisted semantic labeling
11047,Itu mbg buat adiknya atau buat lambung nya ya kak,itu mbg buat adiknya atau buat lambung nya ya kak,"Makan bekal MBG steak, Chicken skin, mash potato dan cherry",Willenlen,2026-05-29T08:21:56Z,neutral,AI-assisted semantic labeling
11062,Adeknya:INI APAAN WOIIII,adeknya:ini apaan woii,"Makan bekal MBG steak, Chicken skin, mash potato dan cherry",Willenlen,2026-05-27T07:01:22Z,neutral,AI-assisted semantic labeling
11065,"Mbg=makanan bergizi gratis❌

Mbg=makanan berlemak gratis ✅🗿",mbg=makanan bergizi gratis❌ mbg=makanan berlemak gratis ✅🗿,"Makan bekal MBG steak, Chicken skin, mash potato dan cherry",Willenlen,2026-05-27T01:19:32Z,neutral,AI-assisted semantic labeling
11072,orang dia gak punya adek,orang dia gak punya adek,"Makan bekal MBG steak, Chicken skin, mash potato dan cherry",Willenlen,2026-05-26T02:33:39Z,neutral,AI-assisted semantic labeling
11079,Bang bikinin versi mbg Korea,bang bikinin versi mbg korea,"Makan bekal MBG steak, Chicken skin, mash potato dan cherry",Willenlen,2026-05-25T09:01:01Z,neutral,AI-assisted semantic labeling
11085,Biasa aja kok mbgnya btw tadi tomat bukan stroberi,biasa aja kok mbgnya btw tadi tomat bukan stroberi,"Makan bekal MBG steak, Chicken skin, mash potato dan cherry",Willenlen,2026-05-25T00:45:28Z,neutral,AI-assisted semantic labeling
11088,itu tomat atau cung😅😅,itu tomat atau cung😅😅,"Makan bekal MBG steak, Chicken skin, mash potato dan cherry",Willenlen,2026-05-24T12:17:05Z,neutral,AI-assisted semantic labeling
11090,Adek nya dia sendiri,adek nya dia sendiri,"Makan bekal MBG steak, Chicken skin, mash potato dan cherry",Willenlen,2026-05-24T10:05:24Z,neutral,AI-assisted semantic labeling
11105,Aneh bodoh bodoh😅😅,aneh bodoh bodoh😅😅,"Makan bekal MBG steak, Chicken skin, mash potato dan cherry",Willenlen,2026-05-21T12:44:26Z,negative,AI-assisted semantic labeling
11113,Mbg tidak iklahs,mbg tidak iklahs,"Makan bekal MBG steak, Chicken skin, mash potato dan cherry",Willenlen,2026-05-21T04:08:35Z,neutral,AI-assisted semantic labeling
11116,Mukbang mbg adek✔️,mukbang mbg adek✔️,"Makan bekal MBG steak, Chicken skin, mash potato dan cherry",Willenlen,2026-05-20T14:01:12Z,neutral,AI-assisted semantic labeling
11129,Bang aku sariawan juga,bang aku sariawan juga,"Makan bekal MBG steak, Chicken skin, mash potato dan cherry",Willenlen,2026-05-19T17:40:59Z,neutral,AI-assisted semantic labeling
11137,ngak iklas😢😢😢😢😢😢😢😢😢😢😢😢😢😢😢😢😢😢,ngak iklas😢😢,"Makan bekal MBG steak, Chicken skin, mash potato dan cherry",Willenlen,2026-05-19T11:55:46Z,neutral,AI-assisted semantic labeling
11139,"Tomat❌
Setroberi ✔️",tomat❌ setroberi ✔️,"Makan bekal MBG steak, Chicken skin, mash potato dan cherry",Willenlen,2026-05-19T10:39:14Z,neutral,AI-assisted semantic labeling
11148,beak Eta mah,beak eta mah,"Makan bekal MBG steak, Chicken skin, mash potato dan cherry",Willenlen,2026-05-19T04:01:36Z,neutral,AI-assisted semantic labeling
11150,BG kok bisa dapat kompreng mbg?🗿,bg kok bisa dapat kompreng mbg?🗿,"Makan bekal MBG steak, Chicken skin, mash potato dan cherry",Willenlen,2026-05-18T15:02:59Z,neutral,AI-assisted semantic labeling
11153,"ngurangin mbg❌
 ngabisin mbg✅🗿💢",ngurangin mbg❌ ngabisin mbg✅🗿💢,"Makan bekal MBG steak, Chicken skin, mash potato dan cherry",Willenlen,2026-05-18T13:34:02Z,negative,AI-assisted semantic labeling
11154,Mbg  kakak  kobisa   sariawAn  jangan   dimakan   nati  bisa   sebu  semangat  kita  bisamayin   dimana😢❤🎉😊,mbg kakak kobisa sariawan jangan dimakan nati bisa sebu semangat kita bisamayin dimana😢❤🎉😊,"Makan bekal MBG steak, Chicken skin, mash potato dan cherry",Willenlen,2026-05-18T13:20:16Z,negative,AI-assisted semantic labeling
11172,mau juga deh mbgnya stek😊😊,mau juga deh mbgnya stek😊😊,"Makan bekal MBG steak, Chicken skin, mash potato dan cherry",Willenlen,2026-05-17T11:39:47Z,negative,AI-assisted semantic labeling
11175,Lh itu yg ga muat kan rotinya ko mlh semua dimakan 🗿🗿🗿😅,lh itu yg ga muat kan rotinya ko mlh semua dimakan 🗿🗿😅,"Makan bekal MBG steak, Chicken skin, mash potato dan cherry",Willenlen,2026-05-17T10:42:54Z,negative,AI-assisted semantic labeling
11177,"MBG buat adik ❌
MBG buat sendiri ✅",mbg buat adik ❌ mbg buat sendiri ✅,"Makan bekal MBG steak, Chicken skin, mash potato dan cherry",Willenlen,2026-05-17T07:52:59Z,neutral,AI-assisted semantic labeling
11181,niat kasih gak sih,niat kasih gak sih,"Makan bekal MBG steak, Chicken skin, mash potato dan cherry",Willenlen,2026-05-17T05:23:56Z,neutral,AI-assisted semantic labeling
11182,ituapaitubukanembG bang🤭🤣🤣🤣,ituapaitubukanembg bang🤭🤣🤣,"Makan bekal MBG steak, Chicken skin, mash potato dan cherry",Willenlen,2026-05-17T04:49:49Z,negative,AI-assisted semantic labeling
11201,Sengaja banget kamu bikin adek mau mati kelaparan,sengaja banget kamu bikin adek mau mati kelaparan,"Makan bekal MBG steak, Chicken skin, mash potato dan cherry",Willenlen,2026-05-16T14:06:02Z,negative,AI-assisted semantic labeling
11203,Itumah dia yang makan bukan adiknya kasian adiknya 🗿🗿🗿😅😅😅😂😂,itumah dia yang makan bukan adiknya kasian adiknya 🗿🗿😅😅😂😂,"Makan bekal MBG steak, Chicken skin, mash potato dan cherry",Willenlen,2026-05-16T13:57:48Z,negative,AI-assisted semantic labeling
11206,Ini mah aku jadinya b nonton mukbang,ini mah aku jadinya b nonton mukbang,"Makan bekal MBG steak, Chicken skin, mash potato dan cherry",Willenlen,2026-05-16T13:31:23Z,neutral,AI-assisted semantic labeling
11214,itu bukan dikurangin tapi dihabisin,itu bukan dikurangin tapi dihabisin,"Makan bekal MBG steak, Chicken skin, mash potato dan cherry",Willenlen,2026-05-16T12:45:11Z,neutral,AI-assisted semantic labeling
11222,Pasti gara gara makan mie yang paling pedes ya BG makanya slsatiawan,pasti gara gara makan mie yang paling pedes ya bg makanya slsatiawan,"Makan bekal MBG steak, Chicken skin, mash potato dan cherry",Willenlen,2026-05-16T10:28:00Z,neutral,AI-assisted semantic labeling
11229,Mahal tuh pengeluaran nya kalok setiap hari mbg nya gitu,mahal tuh pengeluaran nya kalok setiap hari mbg nya gitu,"Makan bekal MBG steak, Chicken skin, mash potato dan cherry",Willenlen,2026-05-16T08:44:16Z,neutral,AI-assisted semantic labeling
11273,Kata adeknya:bang aku makan apa!👺,kata adeknya:bang aku makan apa!👺,"Makan bekal MBG steak, Chicken skin, mash potato dan cherry",Willenlen,2026-05-15T06:39:24Z,neutral,AI-assisted semantic labeling
11291,Yang makan mbg siapa sebenernya 🗿,yang makan mbg siapa sebenernya 🗿,"Makan bekal MBG steak, Chicken skin, mash potato dan cherry",Willenlen,2026-05-15T01:53:38Z,neutral,AI-assisted semantic labeling
11296,Woibodahgilaapayalu😡😡😡😡😡😡😡,woibodahgilaapayalu😡😡,"Makan bekal MBG steak, Chicken skin, mash potato dan cherry",Willenlen,2026-05-14T14:38:38Z,neutral,AI-assisted semantic labeling
11302,Kok ak salfok sama yg di belakang😮,kok ak salfok sama yg di belakang😮,"Makan bekal MBG steak, Chicken skin, mash potato dan cherry",Willenlen,2026-05-14T12:41:34Z,neutral,AI-assisted semantic labeling
11310,Itu mah yang makan kamu,itu mah yang makan kamu,"Makan bekal MBG steak, Chicken skin, mash potato dan cherry",Willenlen,2026-05-14T10:17:09Z,neutral,AI-assisted semantic labeling
11315,Itu mah mbg nya buat lu kan bang,itu mah mbg nya buat lu kan bang,"Makan bekal MBG steak, Chicken skin, mash potato dan cherry",Willenlen,2026-05-14T08:02:59Z,neutral,AI-assisted semantic labeling
11335,"Awal.awal nya niat penyen isi MBG buat ade❌️
Sekarang.isi MBG buat diri sendiri✅️",awal.awal nya niat penyen isi mbg buat ade❌️ sekarang.isi mbg buat diri sendiri✅️,"Makan bekal MBG steak, Chicken skin, mash potato dan cherry",Willenlen,2026-05-13T14:22:46Z,neutral,AI-assisted semantic labeling
11337,itu mah dimaka semua aja😂🤣🤦‍♀️,itu mah dimaka semua aja😂🤣🤦‍♀️,"Makan bekal MBG steak, Chicken skin, mash potato dan cherry",Willenlen,2026-05-13T13:14:49Z,neutral,AI-assisted semantic labeling
11340,aneh,aneh,"Makan bekal MBG steak, Chicken skin, mash potato dan cherry",Willenlen,2026-05-13T12:18:47Z,neutral,AI-assisted semantic labeling
11351,Parah,parah,"Makan bekal MBG steak, Chicken skin, mash potato dan cherry",Willenlen,2026-05-12T10:14:45Z,neutral,AI-assisted semantic labeling
11357,Bukan adek nya yang makan,bukan adek nya yang makan,"Makan bekal MBG steak, Chicken skin, mash potato dan cherry",Willenlen,2026-05-12T05:35:17Z,neutral,AI-assisted semantic labeling
11362,Itu bukan ngurangin tai habisin embenge adiknya,itu bukan ngurangin tai habisin embenge adiknya,"Makan bekal MBG steak, Chicken skin, mash potato dan cherry",Willenlen,2026-05-11T14:59:06Z,neutral,AI-assisted semantic labeling
11373,"Padahal itu tomat🍅 dikira stoberi
lagian itu mbg buat sendiri😅",padahal itu tomat🍅 dikira stoberi lagian itu mbg buat sendiri😅,"Makan bekal MBG steak, Chicken skin, mash potato dan cherry",Willenlen,2026-05-10T07:35:25Z,neutral,AI-assisted semantic labeling
11379,Nanggung lang sung habiska aja,nanggung lang sung habiska aja,"Makan bekal MBG steak, Chicken skin, mash potato dan cherry",Willenlen,2026-05-09T11:47:25Z,neutral,AI-assisted semantic labeling
11390,Itu mah dimakan sendiri bang bukan buat adek oon,itu mah dimakan sendiri bang bukan buat adek oon,"Makan bekal MBG steak, Chicken skin, mash potato dan cherry",Willenlen,2026-05-09T06:00:44Z,neutral,AI-assisted semantic labeling
11403,Di kasih adik nya kok sedikit semua,di kasih adik nya kok sedikit semua,"Makan bekal MBG steak, Chicken skin, mash potato dan cherry",Willenlen,2026-05-08T05:49:00Z,neutral,AI-assisted semantic labeling
11424,wa do Wak men 😂😂😂😂😂😂😂😂😂 adiknya kasihan itu 😢😢😢😢😢😢😢 😅😅😅😅😅😅😅😅😅😅😅😅😅😅😅,wa do wak men 😂😂 adiknya kasihan itu 😢😢 😅😅,"Makan bekal MBG steak, Chicken skin, mash potato dan cherry",Willenlen,2026-05-05T13:16:13Z,neutral,AI-assisted semantic labeling
11425,Ini adalah MBG idaman😅😅😅,ini adalah mbg idaman😅😅,"Makan bekal MBG steak, Chicken skin, mash potato dan cherry",Willenlen,2026-05-05T11:53:02Z,positive,AI-assisted semantic labeling
11432,Nasinya bang,nasinya bang,"Makan bekal MBG steak, Chicken skin, mash potato dan cherry",Willenlen,2026-05-04T11:02:33Z,neutral,AI-assisted semantic labeling
11437,"Mbg impian❎

mbg tak terimpikan✅🗿",mbg impian❎ mbg tak terimpikan✅🗿,"Makan bekal MBG steak, Chicken skin, mash potato dan cherry",Willenlen,2026-05-03T03:13:47Z,neutral,AI-assisted semantic labeling
11440,Mbg super  mini 😅😅😅😅😅,mbg super mini 😅😅,"Makan bekal MBG steak, Chicken skin, mash potato dan cherry",Willenlen,2026-05-02T08:29:21Z,negative,AI-assisted semantic labeling
11455,Mbg nya dikasih dikit bjir,mbg nya dikasih dikit bjir,"Makan bekal MBG steak, Chicken skin, mash potato dan cherry",Willenlen,2026-04-29T12:16:18Z,neutral,AI-assisted semantic labeling
11456,"Bang jangan dikasih dikit-dikit dong adiknya tuh kasihan itu mah namanya lu semua yang makan😅😅😅😅😅😅😂😂😂😂😂,👿👿🤢🍉🌶️🌶️🍊🍒🍇🥦","bang jangan dikasih dikit-dikit dong adiknya tuh kasihan itu mah namanya lu semua yang makan😅😅😂😂,👿👿🤢🍉🌶️🌶️🍊🍒🍇🥦","Makan bekal MBG steak, Chicken skin, mash potato dan cherry",Willenlen,2026-04-29T11:39:22Z,positive,AI-assisted semantic labeling
11461,Itu mah sml(sisa makanan lu,itu mah sml(sisa makanan lu,"Makan bekal MBG steak, Chicken skin, mash potato dan cherry",Willenlen,2026-04-29T01:00:48Z,neutral,AI-assisted semantic labeling
11471,Itu mah roti nya  yang  dimakan setengah  bukan lauk nya😅,itu mah roti nya yang dimakan setengah bukan lauk nya😅,"Makan bekal MBG steak, Chicken skin, mash potato dan cherry",Willenlen,2026-04-28T01:15:38Z,neutral,AI-assisted semantic labeling
11472,Itu buat adik mu apa buat kamu,itu buat adik mu apa buat kamu,"Makan bekal MBG steak, Chicken skin, mash potato dan cherry",Willenlen,2026-04-27T10:09:18Z,neutral,AI-assisted semantic labeling
11478,Lebay adek ku tu saqi malah sariawan nya besar terus tuh meletus gitu berdarah terus kalo gak salah mimissan,lebay adek ku tu saqi malah sariawan nya besar terus tuh meletus gitu berdarah terus kalo gak salah mimissan,"Makan bekal MBG steak, Chicken skin, mash potato dan cherry",Willenlen,2026-04-26T12:09:52Z,negative,AI-assisted semantic labeling
11485,itu babi atau sapi,itu babi atau sapi,"Makan bekal MBG steak, Chicken skin, mash potato dan cherry",Willenlen,2026-04-26T10:01:32Z,neutral,AI-assisted semantic labeling
11500,"Mbg baru❌
Mbg sudah dimakan☑️",mbg baru❌ mbg sudah dimakan☑️,"Makan bekal MBG steak, Chicken skin, mash potato dan cherry",Willenlen,2026-04-25T04:56:13Z,neutral,AI-assisted semantic labeling
11507,Miki. Dikit deh🤤🤤🤤🤤🤤🤤🤤🤤🤤🤤,miki. dikit deh🤤🤤,"Makan bekal MBG steak, Chicken skin, mash potato dan cherry",Willenlen,2026-04-23T06:18:56Z,neutral,AI-assisted semantic labeling
11515,Kok di makan mbg adiknya,kok di makan mbg adiknya,"Makan bekal MBG steak, Chicken skin, mash potato dan cherry",Willenlen,2026-04-22T12:45:48Z,neutral,AI-assisted semantic labeling
11522,"Roti bilek""gw gak di kurangin nih😭😭😭"" 😅😅😅😅","roti bilek""gw gak di kurangin nih😭😭"" 😅😅","Makan bekal MBG steak, Chicken skin, mash potato dan cherry",Willenlen,2026-04-22T08:59:13Z,neutral,AI-assisted semantic labeling
11532,letak gizinya dimana woy👊🏻🗿🗿🗿,letak gizinya dimana woy👊🏻🗿🗿,"Makan bekal MBG steak, Chicken skin, mash potato dan cherry",Willenlen,2026-04-22T03:22:11Z,neutral,AI-assisted semantic labeling
11533,"semua masalah ini dari 
roti-besar",semua masalah ini dari roti-besar,"Makan bekal MBG steak, Chicken skin, mash potato dan cherry",Willenlen,2026-04-21T16:13:15Z,negative,AI-assisted semantic labeling
11540,Bro adik lu bukan semut,bro adik lu bukan semut,"Makan bekal MBG steak, Chicken skin, mash potato dan cherry",Willenlen,2026-04-21T06:25:32Z,neutral,AI-assisted semantic labeling
11547,Tadi aku nonton kayaknya Kakak belum makan,tadi aku nonton kayaknya kakak belum makan,"Makan bekal MBG steak, Chicken skin, mash potato dan cherry",Willenlen,2026-04-20T08:30:49Z,neutral,AI-assisted semantic labeling
11553,Emang kak willen punya adik,emang kak willen punya adik,"Makan bekal MBG steak, Chicken skin, mash potato dan cherry",Willenlen,2026-04-19T14:38:43Z,neutral,AI-assisted semantic labeling
11556,BG itu mbg atau makanan restoran lima,bg itu mbg atau makanan restoran lima,"Makan bekal MBG steak, Chicken skin, mash potato dan cherry",Willenlen,2026-04-19T11:54:55Z,neutral,AI-assisted semantic labeling